product_id,customer_id,review,rating,purchase_date,option,skin_types,tags
bodyLotionCream_01,새루의하루,"여름에 쓰기엔 조금 리치한거 같아요 …!
그거빼고는 다 좋음! 
특히 아토피 피부인들에게 ㅠ 한줄기 빛같은 존재",5,2026.07.04,[옵션] 334ML+100ML,"트러블성, 봄웜톤, 미백, 주름",한달이상사용
bodyLotionCream_01,뿌붑,"샘플 사용해보고 좋아서 구매했어요
여름에 발라도 끈적임 없어서 여름사용에 좋습니다
그리고 분품은 끝까지 사용할수 있게 설계돼있어 펌프 열면 안돼요!
보습좋고 끈적임 없는 순한 제품이라 만족합니다",5,2026.07.03,,"지성, 여름쿨톤, 잡티, 미백",
bodyLotionCream_01,빠르밍,"보습감이 좋고 끈적임이 없어 재구매 했어요.
구성이 좋아요.",5,2026.06.05,[옵션] 334ML+100ML,"복합성, 봄웜톤, 주름, 피지과다",
bodyLotionCream_01,나쵸,늘 쓰는 로션:) 가볍게 잘 발리고 끝까지 다 쓸 수 있어서 좋아요:) 라방때 구입하고 머리핀으로 받았는데 휘뚤마뚤 검정으로 받았어요 잘쓸게요 감사합니다💕,5,2026.06.02,[옵션] 334ML+100ML,"민감성, 쿨톤, 민감성, 모공",
bodyLotionCream_01,프레싀영,끈적이지도 않고 무난하게 보습 채울 수 있는 바디크림이에요. 생각보다 보습력이 좋아서 이런 계졸에도 잘 사용하고 있어요.,5,2026.05.30,[옵션] 334ML+100ML,"복합성, 여름쿨톤, 각질, 트러블",
bodyLotionCream_01,흰송로버섯,"무향에 자극감 없고 얼굴•몸 막 사용하기에 좋아요. 일리윤은 순하다는 인식이 있어서 피부 상태가 어떻든간에 마음 놓고 바릅니다. 건성이다 보니 보습 유지력이 오래 가진 않지만, 그렇다고 또 부족한 것도 아니에요.",5,2026.07.13,[옵션] 334ML,"건성, 쿨톤, 잡티, 민감성",한달이상사용
bodyLotionCream_01,랑방이,순하고 무향이고 피부에 보습감도 짱이고. 정말 좋은 것 같아요. 저는 얼굴보다는 바디로 사용하고 있습니다. 유분기 없이 촉촉한 게 마무리도 깔끔하고 산뜻해요. 아토피 피부는 아직 아니지만은 피부를 진정시켜 주는 것 같습니다.,5,2026.07.05,[옵션] 334ML+100ML,"복합성, 웜톤, 잡티, 미백",
bodyLotionCream_01,잉체,"극건성 민감성 피부입니다
성분이 워낙 순해서 써요
바디에 바르면 조금 끈적이고 흡수가 느려요. 
주로 얼굴 목에 순하고 가볍게 바를 때 선호하는 제품인데
이거보단 집중 크림을 훨씬 추천해요",5,2026.07.05,[옵션] 334ML+100ML,"건성, 여름쿨톤, 주름, 민감성",
bodyLotionCream_02,셩루,바디에 쓰려고 구매했는데 기초라인에 가끔 수분선크림 해도 갠찮을듯,5,2026.07.09,,"복합성, 여름쿨톤, 잡티, 미백",
bodyLotionCream_02,쟤재,냄새도 별로 안나고 끈적임도 크지 않아 팔다리에 막 바르기 좋아요!,5,2026.07.06,,"복합성, 겨울쿨톤, 다크서클",
bodyLotionCream_02,난나나나난나나나나나,써보고 싶던건데 가격할인하길래 한번 사봤어요. 잘쓸게요,5,2026.07.06,,"민감성, 웜톤, 잡티, 미백",
bodyLotionCream_02,하암드르렁,기존 아토 로션 이미 수년째 이것만 사용 중인데요. 여기서 선 로션 나왔다고 해서 믿고 바로 구매했습니다! 여름이다 보니까 몸에도 많은 양이 필요한데 이제품은 대용량이라서 정말 잘 쓸 수 있을 것 같아요.,5,2026.07.03,,"복합성, 여름쿨톤, 각질, 트러블",
bodyLotionCream_02,퀸엘모,"한동안 오랜 품절이라 기다리고 기다려서 샀어요! 여름에 샤워하고 샤샤샥 바르고 나가기 딱 좋았습니다, 기존 일리윤 바디로션처럼 보송산뜻 느낌까진 아니지만 선크림이라는거 감안하면 아주 가볍게 발려요. 끈적임이 아예 없는건 아님 그치만 이 정도면 막 바르기도 좋고 만족스러웠슴당",5,2026.07.22,,"지성, 쿨톤, 잡티, 각질",
bodyLotionCream_02,제이비,"대용량이고
순해서 얼굴이며 몸 전체에 팍팍 바르기 좋습니다.
로션타입이라 발림성도 좋아요",5,2026.07.03,,"건성, 모공, 탄력",
bodyLotionCream_02,코코팜팡,"출근때 바를만한 가벼운 바디선크림이예요
끈적거리는게 싫어서 팔엔 안 바르고다녔는데
바디로션처럼 슥슥 바르기 좋아요",5,2026.07.19,,,
bodyLotionCream_02,eeuunni,"외출할 때 몸에 간편하게 바르려고 구매했어요. 원래는 선크림을 잘 안 바르는 편인데, 이 제품은 바디로션처럼 부드럽게 발려서 나가기 전에 슥 바르기 편하더라고요. 덕분에 예전보다 훨씬 꾸준히 바르게 됐어요. 향도 거의 없어서 부담 없이 사용하기 좋고, 무난하게 쓰기 좋습니다!!",5,2026.07.21,,,
bodyLotionCream_02,따따토,"✔️ 진짜 로션처럼 발리고 몇 분 지나면 끈적임 없이 마무리감이 깔끔해요. 걍 로션이랑 똑같은 것 같아요. 시간 지나서 만졌을 때도 서걱한 느낌 없이 걍 내 살 그대로였어요!

✔️ 제일 마음에 드는 점 : 향이 거의 안느껴짐!!! 코 가까이 대고 맡으면 향이 있나 싶은 정도에요. 기존에 일리윤 이지워시 선크림도 바디용으로 잘 썼는데 그건 선크림 특유의 냄새가 너무 심하게 느껴졌거든요. 제 친구는 별로 안난다고 하던데 사바사인건지 모르겠지만ㅠ 아무튼 평소에 선크림 특유의 향이 너무 안맞는다고 생각하신 분들은 이거 써보면 좋을 것 같아요! 진짜 향이 거의 안느껴진가는 게 제일 만족스러워요.

✔️ 차단력은 좀 써봐야 알겠지만... 일단 대기업 제품이니까 믿어요🫠 발림성이 좋은 거랑 별개로 차단력 신경 쓰인다면 역시 덧바를 용도의 선크림이 필요할 것 같아요. 그러니까 이거 100ml 미만 정도로, 휴대할 수 있는 용기로도 나오면 좋겠습니다!",5,2026.07.18,,"지성, 여름쿨톤, 블랙헤드, 모공",
bodyLotionCream_02,p02****,"향은 미세하게 선크림 특유의 향이 나요! 크게 거슬리진 않아요! 

선크림 끈적해서 싫어해서 산건데 적당히 촉척 보숭해서 좋네요! 

바디로션은 바르기 귀찮아서 안바르는데 이건 잘 바를 듯 합니다! 추천! 그냥 로션같음!!

! 바르고 시간 지나니까 좀 뻔들거리긴 합니다!",5,2026.07.07,,"건성, 여름쿨톤, 트러블, 민감성",
bodyLotionCream_03,방구석코덕지망생,"솔직히 하이산 가방때문에 혹해서 겸사겸사 괄사를 산 기분
쿨링 괄사 세럼이라는 개념이 신박해서 그냥 써봤는데 퇴근하고 뭉친 종아리나 승모에 써주면 싸아아 하니 좋군요
그러나 사용 후 잘 닦아줘야.. 청결이 유지가 될듯
승모랑 종아리 사용 추천드림
아 그리고 사이즈가 생각보다 있어서 놀랬음
가방 샀더니 쿨링 괄사받는 기획? 낫배드",5,2026.07.04,[옵션] 쿨링괄사세럼 + 하이산 사코슈 기획,"지성, 겨울쿨톤, 트러블, 피지과다",
bodyLotionCream_03,Anita,"I was debating for a long time to buy this or not because I found it a little expensive, but it is better than I expected. The cooling effect is insanely strong. I thought it will just be a little effective but oh, I was really wrong. I will repurchase it every summer from now on.
Also the bag is so cute, I wanted to buy from this brand for a long time and I am obsessed with dots on clothes and accessories lately~",5,2026.07.05,[옵션] 쿨링괄사세럼 + 하이산 사코슈 기획,,
bodyLotionCream_03,쥬라기공원87,"하이산 콜라보 못참아 🥺🥺💙
매장에 재고있는지 확인되자마자 바로 샀어요 
가방도 너무 귀엽고 예쁜데 괄사도 파스처럼 시원한데 진짜 좋아요!!!",5,2026.07.01,[옵션] 쿨링괄사세럼 + 하이산 사코슈 기획,"트러블성, 봄웜톤, 트러블, 민감성",
bodyLotionCream_03,올영이좋아,"가격대가 있어 고민하다가 일단 질러봤어요⭐️
바르고 나서 확실해요 쿨링감👍🏻
이거 바르고 마사지해준 다음 풀리오 돌리면 극락

옛날에 ㅁㅅ같은곳에서 유행하던 쿨 크림 같아요 ㅋㅋㅋ
쿨 크림에 괄사가 달려있는 느낌?
부기빠지는건 모르겠고 시원해서 좋아요!",5,2026.06.02,[옵션] 쿨링 괄사 세럼 60ml,"복합성, 여름쿨톤, 잡티, 주름",
bodyLotionCream_03,올리브9,자극이 적은 제품이에요. 사용하기도 편하고 좋은 제품입니다.,5,2026.07.13,[옵션] 괄사세럼 60ml + 30ml 기획,"복합성, 봄웜톤, 트러블, 모공",
bodyLotionCream_03,모뜨,N차 구매해서 사용 중인데 이번엔 사은품 포함이라 더 좋네요. 쿨링 효과가 탁월하고 제품 용기의 마사지 효과가 뛰어나서 운동 후 종아리 풀어줄 때 아주 좋았어요. 휴대가 간편해서 여행 갈때도 챙겨갔어요.,5,2026.07.04,[옵션] 쿨링괄사세럼 + 하이산 사코슈 기획,"복합성, 웜톤, 잡티",
bodyLotionCream_03,이국희,솔직히 무슨 제품인지도 모르고 구매한거에요 하이산가방갖고싶어서요..ㅎ 엄마 종아리 마사지해줬어요 시원히대요 향은 파스향이네요,5,2026.07.02,[옵션] 쿨링괄사세럼 + 하이산 사코슈 기획,,
bodyLotionCream_03,올리뷰,"매장에서 사코슈 샘플 보자마자 너무 괜찮아 보였는데 사실 제품은 크게 필요없어서 고민하다 라이브해서 구매했습니다.

가방 퀄리티는 무난해요. 디자인이 포인트고 앞에 메쉬망에 내부도 꽤 넓어서 끈 빼면 파우치로도 쓸 수 있고 간단한 가방으로 쓸수도 있어서 좋아요! 실제로 판매도 하는 상품인데 콜라보로 한정 컬러로 나온것 같더라구요.
기획 구성은 너무 좋은 것 같아요.

다만ㅠ 쿨링 세럼 자체가 매장에서도 테스트를 좀 해보고 구매한건데도 쿨링감이 좀 파스처럼 쎈 제품이다보니 뒷목에 바르는순간 자극감이 너무 심해서 목이 따갑고 간지럽더라구요; 목 부분 마사지해야겠다 싶었는데 자극이 너무 심해서 못쓸 것 같고 다리처럼 안예민한 부위에나 쓰겠더라구요.

확실히 바르면 엄청 시원해지면서 좀 얼얼할 정도인데 향이나 느낌이 강한 파스바르는 거랑 거의 동일해요.
제품자체는 끈적임은 없고 흡수는 빠른데 자극이 심해서 피부타입별로 호불호가 클것같네요..

그래도 사코슈 증정이 너무 마음에 들어서 후회는 없습니다ㅎㅎ",5,2026.07.19,[옵션] 쿨링괄사세럼 + 하이산 사코슈 기획,"건성, 봄웜톤, 잡티, 각질",
bodyLotionCream_03,대애충,"넛세린 아로마 넛 액티핏 쿨링 괄사 세럼 슬림핏 괄사 세럼 
바르면서 괄사까지 편해요 ~",5,2026.06.26,[옵션] 슬림핏 괄사 세럼 60ml + 30ml,"복합성, 쿨톤, 모공",한달이상사용
bodyLotionCream_04,SSHIN,동생이 꾸준히 사용하고 있는 제품이에요 편하게 뿌리기만 하면 되니깐 계속 쓰게 되나봐요,5,2026.07.10,[옵션] NEW 그레이스올리브 기획,,"한달이상사용, 재구매"
bodyLotionCream_04,꼬마먀녀,올리브향 잘 쓰고 비누향이래서 샀는데 살짝 절에서 나는 듯한 향 나요 그래도 나쁘진 않아요,5,2026.07.05,[옵션] 스포틸그린 기획,"건성, 각질, 민감성",
bodyLotionCream_04,꼬마먀녀,"올리브향이 제일 좋아요
미스트처럼 뿌려져서 손으로 안쓰고 싶었지만 그래도 손으로 흡수시켜줘야해서 좀 아쉬워요!",5,2026.07.05,[옵션] NEW 그레이스올리브 기획,"건성, 각질, 민감성",
bodyLotionCream_04,ohj****,"여름에 바디로션 바르기 싫어서 광고 보고 구매
액체 분사형 바디미스트 들은 좀 여러번 뿌려야하는디
이건 스프레이로 넓게 분사돼서 편하고 향도 좋음
하지만 그 향이 오래 지속되진 않음
걍 밤에 씻고 자기 전까지만 딱 유지
아침에 일어나면 나나 안나나...? 정도
그래도 만족쿠
근데 좀 비싼 느낌 ㅜ",5,2026.07.17,[옵션] NEW 그레이스올리브 기획,,
bodyLotionCream_04,kgoeun,"리뷰 안 쓰는데 진짜 쓰게 만드는 그런 향임
내가 쓰는 건 아니고 중학생 딸이 사춘기 호르몬 특유의 냄새가 좀 남 사춘기니 더 냄새에 예민하고.. 
이거 어디서 보고 사 달라 해서 사줬는데
진짜 아침마다 애가 이거 뿌릴 때마다 코 막고 있음
머리가 아프고 코가 따가움 내가 제일 싫어하는 향임
절대 비누냄새 아니고 옛날 할아버지들 목욕탕 스킨 냄새임 
근데 애는 몸 체취때문에, 엄마가 사줬으니 어거지로 씀
진짜 개짜증남 누가봐도 냄새나서 향 진한걸로 덮었어요 광고하고 다니는 냄새임
애는 계속 쓸려하니 차라리 다른 향으로 사줄려함...
제발 다른 향은 괜찮기를ㅡㅡ",5,2026.06.24,[옵션] 스포틸그린 기획,"복합성, 쿨톤, 잡티, 주름",
bodyLotionCream_04,다써볼테다,향은 오렌지 계열인데 개인적으로는 다소 저렴하게 느껴졌습니다...처음 향보다 잔향이 아쉬웠는데.. 시간이 지나면서 약간 땀 냄새처럼 시큼한 느낌이 나서 정말 저랑은 안맞았어요. 운동 후 사용하려고 구매했지만 재구매 의사는 없습니다.,5,2026.06.22,[옵션] NEW 메리오렌지 기획,민감성,
bodyLotionCream_04,진짜이것까지만산다,"어머니가 선물용으로 사셨는데 남자 분들이 쓰시기에 딱 좋은 느낌이라고 하시네용!

에센틱 블루라는 이름에 맞게 중성적인 느낌이 드는데 개인적으로 시원한 향 좋아하시는 여자 분들도 잘 쓰실 수 있는
느낌..?

뿌리는 바디로션이라서 간편하게 쓸 수 있어서 귀차니즘이신 분들께 강력 추천 드립니당",5,2026.06.06,[옵션] 에센틱 블루,"건성, 여름쿨톤, 잡티, 각질",
bodyLotionCream_04,갈치치치,일단 뿌리기 너무 쉽고 로션 바르는게 빨라져서 너무 좋고 향이 진짜 진해서 저거 뿌리고 새 잠옷 입으면 다음날 다시 그 잠옷 입으려고 보면 향이 잠옷까지 베어있어요.. 너무 좋아요 다른 향도 나중에 써볼 것 같아요 한부분에만 뿌리면 하얗게 뭉쳐나오는데 좀 넓게 뿌리면 투명하고 얇게 분사돼서 좋습니다,5,2026.06.03,[옵션] 스포틸그린 기획,,
bodyLotionCream_04,갈치치치,일단 뿌리기 너무 쉽고 로션 바르는게 빨라져서 너무 좋고 향이 진짜 진해서 저거 뿌리고 새 잠옷 입으면 다음날 다시 그 잠옷 입으려고 보면 향이 잠옷까지 베어있어요.. 너무 좋아요 다른 향도 나중에 써볼 것 같아요 한부분에만 뿌리면 하얗게 뭉쳐나오는데 좀 넓게 뿌리면 투명하고 얇게 분사돼서 좋습니다 사진이 다른 향이긴 한데 아무튼 두 가지 향 써봤거등여.. 이 향은 더 남성향에 가까워요,5,2026.06.03,[옵션] 상탈그레이 기획,,
bodyLotionCream_05,최선을다해야지,늘 사용하는거라 재구매했어요. 보습괜찮고 피부결 부드러워져서 좋아요 추천합니다,5,2026.07.16,[옵션] [5년연속1위] 일리윤 세라마이드 아토 로션기획(600ML+600ML),"복합성, 봄웜톤, 잡티, 미백",한달이상사용
bodyLotionCream_05,너굴촌장,여름이다 보니 겨울보다는 조오금 끈적함이 느껴진다구리!! 그래도 다른 바디로션에 비하면 끈적함도 없는 편에 성분도 착하고 순해서 좋다구리,5,2026.07.14,[옵션] 334ML+100ML,"건성, 쿨톤, 잡티, 트러블",한달이상사용
bodyLotionCream_05,다옹메옹,몬치치 기획인데 안살 이유가 없는 ㅜㅜ  파우치 너무 맘에 들구 일리윤 로션은 원래 쓰던거라 대용량인게 맘에 들어요! 끈적임 없이 보습감 좋고 순해서 막 바르기에도 너무 젛아요 무향인 점도 마음에 들어요,5,2026.06.21,[옵션] 600ML(+몬치치파우치증정),"복합성, 가을웜톤, 잡티, 미백",
bodyLotionCream_05,GOLD여우냥,가족들이 모두 함께 쓰는 바디로션입니다. 성분도 괜찮고 무향이어서 좋아요. 큰 통으로 사줘. 가족이 모두 써서 금방 씁니다. 한여름에는 좀 답답하게 느껴지네요. 한여름만 빼고 사계절 모두 사용하기에 좋아요,5,2026.06.03,[옵션] [5년연속1위] 일리윤 세라마이드 아토 로션기획(600ML+600ML),,
bodyLotionCream_05,lszlne,이이고 진짜 좋아요 튿히 건성들 뭘 발라도 건성이라 건조한데 이거는 전혀 딩김없고 그렇다고 너무 무겁지도 않고 진짜 하 개좋아요 저 리뷰에 진짜 약평들밖에 없는 깐깐한 인간인데 이건 내돈내산 한 5통 비운거같은데 ㅎ ㅎ 얼굴에 쓰기 조아여 바디엔 음 좀 무거울수도?? 향도 없구 강추추,5,2026.07.05,[옵션] 600ML+128ML,,한달이상사용
bodyLotionCream_05,굿뭘ㄹㄹ닝,"향 없고, 다른 바디로션에 비해 끈적임이 적다는 것만으로 만족합니다. 세*필거 썼는데 다음날까지 몸에 습기 머금은 것처럼 찐득찐득 끈적여서 아 도저히 못쓰겠다 싶어 여름엔 이거 써야지 하고 샀는데 잘 샀습니다..!",5,2026.07.28,[옵션] 334ML+100ML,"복합성, 가을웜톤, 트러블, 블랙헤드",한달이상사용
bodyLotionCream_05,쏘타,"너무 좋음 향이 없어서 좋고 그냥 정말 무난한게 최고의
장점인 로션",5,2026.07.27,[옵션] 600ML+128ML,,한달이상사용
bodyLotionCream_05,인생이시트콤,온가족이 다사용하고 있는 바디로션이예요 순하고 자극없고 향도 무향이라서 아주 마음에 들어요 통안에  얼마나 바디로션이 남았을까 궁금할때도 있지만 열면 안된다고 해서 참고 잘바르고 있어요,5,2026.07.24,[옵션] [5년연속1위] 일리윤 세라마이드 아토 로션기획(600ML+600ML),"건성, 가을웜톤, 잡티, 주름",재구매
skinToner_01,한줄평,"판매자에게 이벤트 상금을 지원 받아 직접 구매 후 솔직한 의견으로 작성하였습니다.

토너는 저렴한 것들이 많아서 용량 대비 저렴하다는 생각은 안 들었는데 제품력이 좋아요.
토너는 그게 그거라고 생각했는데 다른 토너에 비해 피부에 흡수도 잘 되고 잔여감이 없다고 해야 할까요?
끈적임이 없어요.
여름에 사용하기 좋은 토너예요.
특히 자극이 없어서 스킨팩으로 활용하기 좋아요!",5,2026.07.25,,"민감성, 봄웜톤, 민감성, 모공",
skinToner_01,선구매후생각,"판매자에게 이벤트 상금을 지원 받아 직접 구매 후 솔직한 의견으로 작성하였습니다.

예전부터 유명한 토너였는데 이제서야 써보네요.
되게 풀향이나 한약향이 날 것 같았는데 막상 써보니 무향에 가까워요.
아예 없는 건 아닌듯 한데 딱히 향이 나는 것 같지도 않아요.
향에 예민하신 분들도 잘 쓸 것 같아요.
토너 기능에 많은 기대를 하지 않는 편이라 자극의 유무로 질을 판단하는데, 이 토너는 자극이 없어 쓰기 좋았어요.
세안 후 기초 첫 단계에서 딱 피부결을 정돈하는데 쓰기 좋아요.",5,2026.07.25,,"민감성, 여름쿨톤, 트러블, 모공",
skinToner_01,국어사랑,"복합성 피부인 제 피부에 촉촉한 보습을 더해주면서도 자극 없이 순하게 작용해 매일 손이 가는 제품입니다. 화장솜에 덜어 산뜻하게 닦아내기 좋고, 구성품인 병풀 수딩 마스크까지 함께 쓰니 지친 피부가 편안하게 진정되는 느낌이라 정말 만족스럽습니다. 순하고 촉촉하게 피부 본연의 건강함을 챙기고 싶으신 분들께 진심으로 추천드려요!",5,2026.07.24,,,
skinToner_01,잇닭가슴,"수부지타입인데 피부가 건조하고 트러블이 올라와서 구매했어요 원씽 병풀추출물은 병풀 함유량이 많다고민감하고 붉은 피부에 빠르게 진정해준다고 해요

제형은 물토너이고 흐르는 제형입니다.
토너팩으로 사용중이고 화장전에 팩해주면 피부진정되면서 화장잘먹어요!! 피부결개선이 느껴져서 재구매 예정입니다! ㅎㅎ",5,2026.07.23,,"복합성, 가을웜톤, 각질, 블랙헤드",
skinToner_01,동인이에용,"병풀추출물을 때려 박아서 병풀 성분이 안 맞으면 화하고 따가울수 있어요. 
저는 어성초가 안 맞고 병풀은 잘 맞아서 잘 써요. 
잘 맞으신 분들한테 진정템으로 아주 굿이에요",5,2026.07.19,,"약건성, 웜톤, 잡티, 미백",
skinToner_01,마냐오,"순해서 잘 쓰고있어요
피부타입 상관없이 추천하고
끈적이지 않아서 팩토로 사용하기 좋아요~",5,2026.07.17,,"복합성, 겨울쿨톤, 트러블",재구매
skinToner_01,금손이되고싶은우니,세안 후 첫 단계에 사용했는데 물처럼 가벼운 제형이라 끈적임없이 피부에 빨리 흡수돼요. 화장솜에 듬뿍 적셔 팩처럼 사용하면 열감이 가라앉고 진정도 됩니다. 향이 거의 없어서 순한 진정 토너를 찾는 분들에게 잘 맞을 것 같아요.,5,2026.07.27,,"복합성, 여름쿨톤, 트러블, 모공",
skinToner_01,아카샤akasha,더운 여름에도 깨끗하고 가볍게 사용할 수 있어서 좋아요. 순하고 부드러워서 만족도가 높습니다. 병풀추출물 성분이 다량있어서 더 좋은 느낌이에요.,5,2026.07.26,,"복합성, 가을웜톤, 잡티, 주름",
skinToner_01,새콤달콤캔디,"물같이 가벼운 제형에 바르면 겉도는 거 없이 피부에 쏙 흡수돼요.
피부가 편하고 진정 효과가 있어 만족하며 잘 사용하는 토너입니다.
피부가 예민하고 진정이 필요할 때 화장솜이 듬뿍 적셔 간단한 진정팩처럼 잠시 붙이고 있어도 좋더라고요.",5,2026.07.26,,"건성, 쿨톤, 탄력",재구매
skinToner_02,예원16,바하치고 매우 순하고 스킨케어 단계에서 사용하면 화장이 좀더 잘 올라가는 느낌입니다,5,2026.07.24,,"지성, 봄웜톤, 각질, 트러블",한달이상사용
skinToner_02,바움쿠헨,"모공, 각질이 피부 고민인 지성이에요
유튭에서 보고 추천받아서 사본 건데 넘 맘에 들어요

일단 스킨 바르고 요 제품 바르고 크림 올리는 편인데
정말 확실히 각질이 정리되었어요
원래 화장할때 코부분 각질이 무조건 떠서 정말 스트레스 였는데 이 제품 쓰고 나서 각질이 없어졌어요
정말정말 맘에 들었어요

이제 이거 없이 피부화장 못해요...

향은 살짝 피지 클리너같은 향이었구
제형은 물이에요!

각질로 화장하기 싫은 분들에게 정말 추천드립니다",5,2026.06.04,,"지성, 웜톤, 각질, 트러블",한달이상사용
skinToner_02,Meomeo7,"블랙헤드와 피지가 고민인 부위 위주로 사용했는데 피부결이 눈에 띄게 매끈해졌습니다. 각질이 정돈되면서 모공도 깨끗해 보였고, 다음 단계 스킨케어 흡수도 훨씬 잘되었습니다. 꾸준히 사용할수록 만족도가 높은 제품입니다.",5,2026.07.19,,"민감성, 여름쿨톤, 피지과다",한달이상사용
skinToner_02,Kmkm9x,"꾸준히 사용하니 피부결이 눈에 띄게 매끄러워졌습니다. 각질과 피지가 정리되어 코 주변이 훨씬 깨끗해 보였고, 다음 날 메이크업 밀착력도 좋아졌습니다. 자극이 심하지 않아 주 2~3회 사용하기 좋은 각질 케어 제품입니다.",5,2026.07.19,,"건성, 쿨톤, 트러블",한달이상사용
skinToner_02,보꿍,"유명한 데는 이유가 있네요ㅋㅋ 처음엔 격일로 사용했는데 블랙헤드랑 코 주변이 조금씩 정돈되는 느낌이 들었어요.
끈적이지 않고 흡수도 빨라서 저녁 루틴에 넣기 편했고, 용량도 넉넉해서 오래 쓸 것 같습니다.",5,2026.07.16,,"복합성, 봄웜톤, 주름, 각질",
skinToner_02,uuyu,오돌토돌 각질 올라올때 좁쌀올라올때 사용중 자극적일수 있으니 매일보단 2-3일에 한번씩 사용중!,5,2026.07.29,,"복합성, 웜톤",한달이상사용
skinToner_02,바카바카스,각질제거에 바하가 좋다고 해서 구매해봤는데 일주일에 몇번씩 해주면은 각질제거돼서 맨들맨들해져용,5,2026.07.25,,"복합성, 가을웜톤, 잡티, 각질",한달이상사용
skinToner_02,내말만믿어,완~전 물 제형에다가 얼굴에 흡수하고 나면 뻑뻑해서 크림 무조건 발라여함 근데 이거 바르면 결이 정리되는 느낌이라 좋음…까칠까칠한 얼굴이 부드랍게 바뀜!!,5,2026.07.23,,,한달이상사용
skinToner_02,휘리릭릭리기,"민감성인데 바른 직후는 아무 렇지 않은데
은근 피부장벽이 무너지는 느낌이에요 
아직 각질 제거에 큰 효과는 못봤어요 
좀 더 써볼게요",5,2026.07.23,,"민감성, 쿨톤, 트러블, 피지과다",
skinToner_02,고래바다,여드름 생기면 바름.각질제거 피지제거로 효과좋음 자극없음,5,2026.07.22,,"복합성, 잡티, 미백",한달이상사용
skinToner_02,녹채맛사탕,예.. 각질과 여드름에 좋다하여 사봤지만 딱히 차이를 모르겠는,5,2026.07.18,[옵션] [화잘먹/각질제거부스터]폴라초이스 스킨퍼펙팅 바하 리퀴드 엑스폴리언트 118ml,"복합성, 여름쿨톤, 잡티, 미백",한달이상사용
skinToner_02,화장품짱짱맨,추천받아서 이번에 구매해보았습니다! 효과있기를 기대해봅니다!!,5,2026.07.16,,"복합성, 봄웜톤, 잡티, 주름",
skinToner_02,아에이오수,"요새 모공,피지가 눈에 띄게 늘어서 파하 제품 찾던중에 폴라초이스가 유명하길래 구매했어요! 꾸준히 사용해보겟숩니당",5,2026.07.15,,"지성, 쿨톤, 트러블, 모공",
skinToner_03,올리브먹는먀옹,"수부지, 민감성, 트러블피부입니다

👍산뜻하고 찐덕이지않는 제형

👍건성,복합성,지성 전부 기초단계때 사용할수있는 토너

👍대용량에 가성비까지 챙긴제품

👍늘어나는 화장솜까지 들어있어서 수분팩으로 쓰기 좋았음

👍개인적으로는 팩 하고 닦는 용도로 많이 쓰는데 다른 성분들이랑 충돌하는 제품이 아니라서 요긴하게 쓰임

👍쓰고나면 촉촉이 아니라 춰억춰억한 느낌임

👍사용후 트러블 없고 오히려 시원하게 사용하면 진정됨

❗️단점딱히 없음

✅️샘플로 받아서 썼다가 좋아서 산템, 스킨은 무난템이 진리입니다..미끌거림이나 찐덕함이 없어서 목까지 바르기 좋아요👏",5,2026.06.16,,"트러블성, 웜톤, 잡티, 미백",
skinToner_03,yutee,"토리든 라방할때 세럼,크림 사고 2-3일 썼는데 
피부가 너무 좋아진게 아니겠슨..? 
30대 후반인데
중학생마냥 좁쌀 여드름, 왕건이 자꾸 올라와서
아 피부 장벽이 무너졌나보다 하고
장벽크림, 흔적세럼 ,팩 왕창 관리해도 안돌아오길래
늙었나보다 했거든여..
근데 속건조 수분을 내가 안잡아줘서 그런가?
싶어서 다시 히알루론산 주 성분 기초들로 싹 바꿔주니
피부 컨디션이 말도 안되게 좋아졌어요!

그리고 요새 잠을 적게 자고 출근하고 
저녁에 수영가서 그런가 계속 뭐가 나길래.. 
일찍 자려고 노력했거든요
(수면 충분히 + 수분기초 싹 바꾸기 ) 시너지 효과 인거 같긴한데 !!
토리든이 다른 안티에이징 기능 없이 
순하고 피부속부터 시원해서 맘에 드네요

토너도 사실 요새 잘 안하고 패드만 돌려서 닦토 팩토만 했거든요. 토너의 중요성을 다시 느끼고 주문했어요
역시 팩토도 좋지만 피부 숨구멍을 열어주는 느낌 받았어요
같이 온 늘어나는 화장솜 넓게 펴바를수있어서 
얼굴 전체 쓸고도 목까지 쓸기 좋아요
쭉쭉늘어나서 나비존모공 코 이어지게 붙이고 있기도 괜찮네요
다른 토너랑 고민했는데 토리든으로 잘 산듯해요
토리든 바르고 다음날 얼굴도 푹잔듯 탱글하고 부드러워요 
이번 올영세일 기초 고민되시면 한번 들여보셔요~",5,2026.06.06,,"복합성, 겨울쿨톤, 잡티, 민감성",
skinToner_03,뚱땅뚱땅이,행사하기래 싰어용 ㅎㅎ 조은거 겉아요 세일 자주 해주세영 ㅎㅎ,5,2026.07.16,,"복합성, 웜톤, 미백, 트러블",
skinToner_03,ppppo,잘 사용하고 이쌍요 이번에듀 재규매해서 사용하고 있아요 좋네요,5,2026.07.13,,"복합성, 여름쿨톤, 트러블",한달이상사용
skinToner_03,앙딱정최범귤,"토리든 수분크림이랑 앰플 잘쓰고있어서 토너도 구매해봤어요!!
매우 촉촉쓰합니당
진정은 잘 못느꼈고 그냥 여름에 가볍게 바르기 좋을것같아요 
용량이 개커서 매우 좋아용 오래 쓸것같네요",5,2026.07.05,,"건성, 겨울쿨톤, 미백, 블랙헤드",
skinToner_03,월화수아,제가 애정하는 브랜드의 제품이에요~ 건성인데 수분이 부족한 타입이라 여기 제품이 저에게 너무 잘 맞더라고요~ 다음에 할인할 때 또 구매 예정이에요~,5,2026.07.01,,"복합성, 겨울쿨톤, 잡티, 미백",한달이상사용
skinToner_03,돈을그만써야되긴해,자극 하나도 없이 진짜 ㄹㅇ순합니다 사길 잘한것 같고 토리든 유명한데는 다 이유가 있음. 강력 추천합니다 다쓰면 또 살거고 가격 내려가면 2통정도 쟁여둘 의향있습니다 3만원대로 2통 세트 팔아줬으면..ㅎㅎ,5,2026.07.01,,"트러블성, 여름쿨톤, 각질, 트러블",
skinToner_03,모모와인절미,"다이브인 토너도 다이브인 세럼 처럼 산뜻 촉촉합니다👍🏻 
토너지만 촉촉함이 달라요! 

양도 많고 늘어나는 화장솜도 마음에 듭니다. 
얼굴에 미라 처럼 휙휙 둘러 붙이기에도 좋고 
바디케어 하기에도 최고예요! 와🙌",5,2026.06.21,,"복합성, 웜톤, 잡티, 미백",
skinToner_03,원쑹이,건성한테는 무조건 추천함 살짝 수부지인데 그래두 잘 쓰는중 촉촉하고 수분 채워주는거 너무 좋음,5,2026.07.12,,"복합성, 봄웜톤, 트러블, 피지과다",한달이상사용
skinToner_04,류티짱,촉촉하고 발림성이 좋아요. 끈적이지 않고 흡수도 빨라서 만족합니다. 꾸준히 사용해보고 효과가 기대됩니다. 재구매 의사 있습니다.,5,2026.07.11,[옵션] [단독기획] 아누아 어성초 77 히알루론산 수분 진정 토너 350ml 리필 기획세트 (+350ml 리필팩),,한달이상사용
skinToner_04,Crystal2119,아누아 토너는 피부 진정에 엄청 좋은것 같아요. 매일 집에 놓고 쓰는 제품이에요,5,2026.07.08,[옵션] [단독기획] 아누아 어성초 77 히알루론산 수분 진정 토너 350ml 리필 기획세트 (+350ml 리필팩),,한달이상사용
skinToner_04,민트에이드,배송 빠르고 포장도 꼼꼼하게 되어 있어서 아주 좋았습니 다. 항상 사용하던 제품이고 남녀노소 누구나 사용할수있 어서 더 좋았습니다,5,2026.07.07,,,
skinToner_04,라카타,"자극 제일없고 트러블 문제안일으킴
엄청 민감성에 수부지인데 만족
여름용으로 만들어주세요 여름제외만족",5,2026.07.06,,,한달이상사용
skinToner_04,수23,스킨팩용으로 쓰려고 구매했어요. 샤워하고 나서 피부에 올려두면 크게 신경쓸 것도 없고 보습도 잘 되어서 좋아요.,5,2026.06.28,[옵션] [단독기획] 아누아 어성초 77 히알루론산 수분 진정 토너 350ml 리필 기획세트 (+350ml 리필팩),"건성, 쿨톤, 모공, 붉은기",
skinToner_04,광광미인,아누아는 워낙 믿고 쓰는 순한 제품들 판매하는 브랜드였는데요~ 스킨이 떨어져가는데 판매하는 제품구성이 괜찮아서 구매했어요! 믿고 써요 순해서,5,2026.06.28,,"복합성, 봄웜톤, 잡티, 주름",
skinToner_04,Dahliaa,자극 없고 촉촉해서 좋아요!! 이벤트 할 때 잘 산것 같습니다,5,2026.06.25,,,
skinToner_04,으뜸원,여드름이 조금씩 생기는 아이들과 함께 사용 중인데 아주 좋아요^^,5,2026.06.15,,,
skinToner_04,토실77,올열 세일할때 품절이라 구매 못했는데 뒤늦게 구매하게 되었습니다.0,5,2026.06.13,,"지성, 쿨톤, 잡티",
skinToner_04,아기빵떡,토너는 요것만 써요 할인할 때 후다닥 재구매했어용! 너무 좋슴다,5,2026.06.08,,"건성, 가을웜톤, 잡티, 미백",
skinToner_05,kuri3,"엥 개별로
냄새도 구리고
효과도 없고
돈이 ㄴㅁ 아까움 진짜로",5,2026.06.28,[옵션] [안경만두]토너500ml+페이스타월,,한달이상사용
skinToner_05,보노쩡이,음..궁금해서 구매했아요 물처럼 흐르는타입인데 닦토 사용중입니다,5,2026.06.20,[옵션] [단품]250ml,,한달이상사용
skinToner_05,아기되지사쿠야,"제 비계 스토리💕🥰
브링그린 사랑해☺️🫰
ㅈㅉ가볍게 수분 레이어링하기 좋음!!특히 지성😊🔥",5,2026.06.13,[옵션] [대용량]500ml (+세럼3ml),,
skinToner_05,ksy1026,재구매 템이에요! 250m 샀었는데 다 써서 이번엔 500m로 사요. 2개사서 1개는 친구 줬어요 진정 굳굳!,5,2026.06.06,[옵션] [대용량]500ml (+세럼3ml),트러블성,
skinToner_05,몽실둥듕,재구매템이에요 가족 중에 지성이 있어서 선물해줬는데 여름에 무난하게 잘 사용합니다!!,5,2026.06.05,[옵션] [안경만두]토너500ml+페이스타월,,
skinToner_05,얍얌,완전 물같은 제형으로 가볍게 토너로 쓰기에 무난한거같습니다,5,2026.06.02,[옵션] [안경만두]토너500ml+페이스타월,"복합성, 봄웜톤, 잡티, 트러블",한달이상사용
skinToner_05,쪼맹s,토너라서 뭐 엄청나게 임팩트있는 효과가 나타나는건 아니고 그냥 안쓰면 좀 그냥 그래요...잘쓰고있습니다,5,2026.06.02,[옵션] [안경만두]토너500ml+페이스타월,"지성, 웜톤, 붉은기",
skinToner_05,우통까고싶은냄자,"몇년째더라 오래되서 언제부터 썼는지 감도 안옴
오래쓰는데는 이유 있음",5,2026.06.02,[옵션] [단품]250ml,"지성, 여름쿨톤, 트러블, 블랙헤드",한달이상사용
skinToner_05,이넬90,토너는 계속 이것만 쓰고 있어요. 촉촉하고 진정도 잘 되는 것 같아요.,5,2026.05.31,[옵션] [대용량]500ml (+세럼3ml),"건성, 여름쿨톤, 잡티, 트러블",
