"product_name","brand_name","ml_표시용량","ml_추정총용량","용량_단위","price_regular","price_sale","price_per_10ml","ingredient","goods_no","공통_ingredient","차별화_ingredient"
"[화잘먹/단독기획] 폴라초이스 바하 리퀴드 엑스폴리언트 118ml 기획 (+바하 리퀴드 30ml)","폴라초이스","118.0","148.0","ml","39000.0","29640","2002.7","정제수, 프로필렌글라이콜, 나이아신아마이드, 펜틸렌글라이콜, 글리세린, 살리실릭애씨드(0.5%), 흰버드나무껍질추출물(0.5%), 피이지/피피지-17/6코폴리머, 폴리솔베이트20, 비스-피이지-18메틸에터다이메틸실레인, 소듐파이테이트, 10-하이드록시데카노익애씨드, 알란토인, 다이포타슘글리시리제이트, 카프릴릴글라이콜, 페녹시에탄올, 클로페네신, 소듐하이드록사이드, 1,2-헥산다이올, 소듐하이알루로네이트, 비에이치티","A000000245794","정제수","[21-2] 프로필렌글라이콜, [21-3] 나이아신아마이드, [21-4] 펜틸렌글라이콜, [21-5] 글리세린, [21-6] 살리실릭애씨드(0.5%), [21-7] 흰버드나무껍질추출물(0.5%), [21-8] 피이지/피피지-17/6코폴리머, [21-9] 폴리솔베이트20, [21-10] 비스-피이지-18메틸에터다이메틸실레인, [21-11] 소듐파이테이트, [21-12] 10-하이드록시데카노익애씨드, [21-13] 알란토인, [21-14] 다이포타슘글리시리제이트, [21-15] 카프릴릴글라이콜, [21-16] 페녹시에탄올, [21-17] 클로페네신, [21-18] 소듐하이드록사이드, [21-19] 1,2-헥산다이올, [21-20] 소듐하이알루로네이트, [21-21] 비에이치티"
"[NEW] 토리든 다이브인 저분자 히알루론산 토너 500ml 기획 (+늘어나는 화장솜 60매)","토리든","500.0","500.0","ml","29000.0","19800","396.0","정제수, 부틸렌글라이콜, 다이프로필렌글라이콜, 1,2-헥산다이올, 글리세린, 베타인, 알란토인, 판테놀, 소듐하이알루로네이트크로스폴리머, 소듐하이알루로네이트, 소듐아세틸레이티드하이알루로네이트, 하이드롤라이즈드소듐하이알루로네이트, 하이드롤라이즈드하이알루로닉애씨드(200ppm), 엑토인, 감초추출물, 2,3-부탄다이올, 쇠비름추출물, 트레할로오스, 알지닌, 펜틸렌글라이콜, 말라카이트추출물, 다이소듐이디티에이, 에틸헥실글리세린","A000000256045","정제수","[23-2] 부틸렌글라이콜, [23-3] 다이프로필렌글라이콜, [23-4] 1,2-헥산다이올, [23-5] 글리세린, [23-6] 베타인, [23-7] 알란토인, [23-8] 판테놀, [23-9] 소듐하이알루로네이트크로스폴리머, [23-10] 소듐하이알루로네이트, [23-11] 소듐아세틸레이티드하이알루로네이트, [23-12] 하이드롤라이즈드소듐하이알루로네이트, [23-13] 하이드롤라이즈드하이알루로닉애씨드(200ppm), [23-14] 엑토인, [23-15] 감초추출물, [23-16] 2,3-부탄다이올, [23-17] 쇠비름추출물, [23-18] 트레할로오스, [23-19] 알지닌, [23-20] 펜틸렌글라이콜, [23-21] 말라카이트추출물, [23-22] 다이소듐이디티에이, [23-23] 에틸헥실글리세린"
"[수부지토너]브링그린 티트리 시카 수딩 토너 (500ml/250ml)","브링그린","500.0","750.0","ml","15000.0","11900","158.7","정제수, 다이프로필렌글라이콜, 1,2-헥산다이올, 부틸렌글라이콜, 티트리추출물, 티트리잎수, 베타인, 판테놀, 티트리잎추출물, 옥틸도데세스-16, 소듐시트레이트, 시트릭애씨드, 티트리잎오일, 티트리꽃/잎/줄기추출물, 베타인살리실레이트, 병풀추출물, 잔탄검","A000000189181","정제수","[17-2] 다이프로필렌글라이콜, [17-3] 1,2-헥산다이올, [17-4] 부틸렌글라이콜, [17-5] 티트리추출물, [17-6] 티트리잎수, [17-7] 베타인, [17-8] 판테놀, [17-9] 티트리잎추출물, [17-10] 옥틸도데세스-16, [17-11] 소듐시트레이트, [17-12] 시트릭애씨드, [17-13] 티트리잎오일, [17-14] 티트리꽃/잎/줄기추출물, [17-15] 베타인살리실레이트, [17-16] 병풀추출물, [17-17] 잔탄검"
"[7월 올영픽] 에스트라 아토베리어365 캡슐토너 300ml 기획 (+수딩크림 30ml+세라-히알 앰플 7ml)","에스트라","300.0","337.0","ml","30000.0","24000","712.2","정제수, 부틸렌글라이콜, 글리세린, 프로필렌글라이콜, 1,2-헥산다이올, 글루코노락톤, 에틸헥실글리세린, 칼슘클로라이드, 만니톨, 셀룰로오스, 셀룰로오스검, 트로메타민, 세틸-피지하이드록시에틸팔미타마이드, 스테아릭애씨드, 젤란검, 소듐시트레이트, 소듐글루코네이트, 벤조익애씨드, 세라마이드엔피, 하이드로제네이티드레시틴, 소듐벤조에이트, 실리카, 콜레스테롤, 스핑고리피드, 소듐하이알루로네이트, 하이드록시프로필메틸셀룰로오스, 토코페롤","A000000258833","정제수","[27-2] 부틸렌글라이콜, [27-3] 글리세린, [27-4] 프로필렌글라이콜, [27-5] 1,2-헥산다이올, [27-6] 글루코노락톤, [27-7] 에틸헥실글리세린, [27-8] 칼슘클로라이드, [27-9] 만니톨, [27-10] 셀룰로오스, [27-11] 셀룰로오스검, [27-12] 트로메타민, [27-13] 세틸-피지하이드록시에틸팔미타마이드, [27-14] 스테아릭애씨드, [27-15] 젤란검, [27-16] 소듐시트레이트, [27-17] 소듐글루코네이트, [27-18] 벤조익애씨드, [27-19] 세라마이드엔피, [27-20] 하이드로제네이티드레시틴, [27-21] 소듐벤조에이트, [27-22] 실리카, [27-23] 콜레스테롤, [27-24] 스핑고리피드, [27-25] 소듐하이알루로네이트, [27-26] 하이드록시프로필메틸셀룰로오스, [27-27] 토코페롤"
"[한정기획] 아누아 어성초 77 히알루론산 수분 진정 토너 350ml 더블기획 (+어성초 크림 20ml)","아누아","350.0","370.0","ml","49000.0","27500","743.2","[토너] 약모밀꽃/잎/줄기수(77%), 정제수, 1,2-헥산다이올, 글리세린, 글리세레스-26, 베타인, 펜틸렌글라이콜, 소듐시트레이트, 아이소펜틸다이올, 에틸헥실글리세린, 다이포타슘글리시리제이트, 시트릭애씨드, 아크릴레이트/C10-30알킬아크릴레이트크로스폴리머, 트로메타민, 판테놀, 소듐파이테이트, 알란토인, 소듐하이알루로네이트(1.1ppm), 약모밀소포(750ppb), 하이드롤라이즈드소듐하이알루로네이트(100.1ppb), 징크피씨에이, 하이드록시프로필트라이모늄하이알루로네이트(100ppb), 락토바실러스발효물, 소듐아세틸레이티드하이알루로네이트(10ppb), 하이드롤라이즈드하이알루로닉애씨드(10ppb), 아이소쿼시트린, 쿼세틴, 하이알루로닉애씨드(2.5ppb), 소듐하이알루로네이트크로스폴리머(1ppb), 포타슘하이알루로네이트(0.2ppb)
[크림] 약모밀꽃/잎/줄기수(77%), 나이아신아마이드(1,000 ppm), 1,2-헥산다이올, 판테놀, 글리세린, 다이프로필렌글라이콜, 부틸렌글라이콜, 소듐시트레이트, 징크피씨에이(10 ppm), 프로판다이올, 트레할로오스, 정제수, 베타인, 잔탄검, 스핑고모나스발효추출물, 에틸헥실글리세린, 시트릭애씨드, 하이드록시프로필사이클로덱스트린, 아데노신, 다이소듐이디티에이, 다이포타슘글리시리제이트, 글리세릴아크릴레이트/아크릴릭애씨드코폴리머, 글루코노락톤, 도코사헥사에노익애씨드, 토코페롤, 알란토인, 피리독신에이치씨엘, 카프릴로일살리실릭애씨드, 약모밀소포, 아이소쿼시트린, 쿼세틴","A000000255328","정제수","[61-1] 약모밀꽃/잎/줄기수(77%), [61-3] 1,2-헥산다이올, [61-4] 글리세린, [61-5] 글리세레스-26, [61-6] 베타인, [61-7] 펜틸렌글라이콜, [61-8] 소듐시트레이트, [61-9] 아이소펜틸다이올, [61-10] 에틸헥실글리세린, [61-11] 다이포타슘글리시리제이트, [61-12] 시트릭애씨드, [61-13] 아크릴레이트/C10-30알킬아크릴레이트크로스폴리머, [61-14] 트로메타민, [61-15] 판테놀, [61-16] 소듐파이테이트, [61-17] 알란토인, [61-18] 소듐하이알루로네이트(1.1ppm), [61-19] 약모밀소포(750ppb), [61-20] 하이드롤라이즈드소듐하이알루로네이트(100.1ppb), [61-21] 징크피씨에이, [61-22] 하이드록시프로필트라이모늄하이알루로네이트(100ppb), [61-23] 락토바실러스발효물, [61-24] 소듐아세틸레이티드하이알루로네이트(10ppb), [61-25] 하이드롤라이즈드하이알루로닉애씨드(10ppb), [61-26] 아이소쿼시트린, [61-27] 쿼세틴, [61-28] 하이알루로닉애씨드(2.5ppb), [61-29] 소듐하이알루로네이트크로스폴리머(1ppb), [61-30] 약모밀꽃/잎/줄기수(77%), [61-31] 나이아신아마이드(1, [61-32] 000 ppm), [61-33] 1,2-헥산다이올, [61-34] 판테놀, [61-35] 글리세린, [61-36] 다이프로필렌글라이콜, [61-37] 부틸렌글라이콜, [61-38] 소듐시트레이트, [61-39] 징크피씨에이(10 ppm), [61-40] 프로판다이올, [61-41] 트레할로오스, [61-43] 베타인, [61-44] 잔탄검, [61-45] 스핑고모나스발효추출물, [61-46] 에틸헥실글리세린, [61-47] 시트릭애씨드, [61-48] 하이드록시프로필사이클로덱스트린, [61-49] 아데노신, [61-50] 다이소듐이디티에이, [61-51] 다이포타슘글리시리제이트, [61-52] 글리세릴아크릴레이트/아크릴릭애씨드코폴리머, [61-53] 글루코노락톤, [61-54] 도코사헥사에노익애씨드, [61-55] 토코페롤, [61-56] 알란토인, [61-57] 피리독신에이치씨엘, [61-58] 카프릴로일살리실릭애씨드, [61-59] 약모밀소포, [61-60] 아이소쿼시트린, [61-61] 쿼세틴"
"[쿨링진정]넘버즈인 1번 진정 맑게담은 청초토너 300ml 리필기획(+300ml 증정)","넘버즈인","300.0","600.0","ml","40000.0","28000","466.7","정제수, 1,2-헥산다이올, 다이프로필렌글라이콜, 프로판다이올, 부틸렌글라이콜, 글리세린, 감초뿌리추출물, 약모밀추출물, 카보머, 병풀추출물, 하이드록시에틸셀룰로오스, 알지닌, 알란토인, 다이소듐이디티에이, 하수오전초추출물, 베타인, 히아신스전초추출물, 판테놀, 알바수련꽃추출물","A000000190395","정제수","[19-2] 1,2-헥산다이올, [19-3] 다이프로필렌글라이콜, [19-4] 프로판다이올, [19-5] 부틸렌글라이콜, [19-6] 글리세린, [19-7] 감초뿌리추출물, [19-8] 약모밀추출물, [19-9] 카보머, [19-10] 병풀추출물, [19-11] 하이드록시에틸셀룰로오스, [19-12] 알지닌, [19-13] 알란토인, [19-14] 다이소듐이디티에이, [19-15] 하수오전초추출물, [19-16] 베타인, [19-17] 히아신스전초추출물, [19-18] 판테놀, [19-19] 알바수련꽃추출물"
"[미스트형/1등토너] 라운드랩 1025 독도 토너 300ml 1+1 기획 (+늘어나는 스킨패드 30매)","라운드랩","300.0","600.0","ml","29800.0","25900","431.7","정제수, 부틸렌글라이콜, 글리세린, 펜틸렌글라이콜, 프로판다이올, 아이리쉬모스추출물, 사탕수수추출물, 해수, 1,2-헥산다이올, 프로테아제, 베타인, 판테놀, 에틸헥실글리세린, 알란토인, 잔탄검, 다이소듐이디티에이","A000000255246","정제수","[16-2] 부틸렌글라이콜, [16-3] 글리세린, [16-4] 펜틸렌글라이콜, [16-5] 프로판다이올, [16-6] 아이리쉬모스추출물, [16-7] 사탕수수추출물, [16-8] 해수, [16-9] 1,2-헥산다이올, [16-10] 프로테아제, [16-11] 베타인, [16-12] 판테놀, [16-13] 에틸헥실글리세린, [16-14] 알란토인, [16-15] 잔탄검, [16-16] 다이소듐이디티에이"
"[쿨링진정/대용량]블랑네이처 9배 고농축 어성초 토너 300ml","블랑네이처","300.0","300.0","ml","38000.0","23900","796.7","정제수, 약모밀추출물(100,000 ppm), 부틸렌글라이콜, 1,2-헥산다이올, 나이아신아마이드, 글리세린, 판테놀, 카보머, 알지닌, 글루코노락톤, 다이포타슘글리시리제이트, 아데노신, 다이소듐이디티에이, 하이알루로닉애씨드, 녹차추출물, 병풀추출물, 파파야열매추출물, 매실추출물, 사과추출물, 포도추출물, 데실글루코사이드, 시트릭애씨드, 티트리잎추출물, 살리실릭애씨드, 에틸헥실글리세린, 병풀잎추출물, 오카무라큰실말추출물, 흰버드나무껍질추출물, 징크피씨에이, 4-터피네올, 커피콩추출물, 마데카소사이드, 마데카식애씨드, 아시아티코사이드, 아시아틱애씨드, 베르가모트잎추출물, 소나무잎추출물, 소듐디엔에이","A000000255290","정제수","[39-2] 약모밀추출물(100, [39-3] 000 ppm), [39-4] 부틸렌글라이콜, [39-5] 1,2-헥산다이올, [39-6] 나이아신아마이드, [39-7] 글리세린, [39-8] 판테놀, [39-9] 카보머, [39-10] 알지닌, [39-11] 글루코노락톤, [39-12] 다이포타슘글리시리제이트, [39-13] 아데노신, [39-14] 다이소듐이디티에이, [39-15] 하이알루로닉애씨드, [39-16] 녹차추출물, [39-17] 병풀추출물, [39-18] 파파야열매추출물, [39-19] 매실추출물, [39-20] 사과추출물, [39-21] 포도추출물, [39-22] 데실글루코사이드, [39-23] 시트릭애씨드, [39-24] 티트리잎추출물, [39-25] 살리실릭애씨드, [39-26] 에틸헥실글리세린, [39-27] 병풀잎추출물, [39-28] 오카무라큰실말추출물, [39-29] 흰버드나무껍질추출물, [39-30] 징크피씨에이, [39-31] 4-터피네올, [39-32] 커피콩추출물, [39-33] 마데카소사이드, [39-34] 마데카식애씨드, [39-35] 아시아티코사이드, [39-36] 아시아틱애씨드, [39-37] 베르가모트잎추출물, [39-38] 소나무잎추출물, [39-39] 소듐디엔에이"
"바이오더마 하이드라비오 토너 250ml","바이오더마","250.0","250.0","ml","29500.0","19200","768.0","정제수, 글리세린, 폴리솔베이트20, 다이소듐이디티에이, 세트리모늄브로마이드, 나이아신아마이드, 자일리톨, 알란토인, 프룩토올리고사카라이드, 만니톨, 헥실데칸올, 소듐하이드록사이드, 시트릭애씨드, 람노오스, 사과씨추출물, 유채스테롤, 토코페롤, 향료료","A000000004434","정제수","[18-2] 글리세린, [18-3] 폴리솔베이트20, [18-4] 다이소듐이디티에이, [18-5] 세트리모늄브로마이드, [18-6] 나이아신아마이드, [18-7] 자일리톨, [18-8] 알란토인, [18-9] 프룩토올리고사카라이드, [18-10] 만니톨, [18-11] 헥실데칸올, [18-12] 소듐하이드록사이드, [18-13] 시트릭애씨드, [18-14] 람노오스, [18-15] 사과씨추출물, [18-16] 유채스테롤, [18-17] 토코페롤, [18-18] 향료료"
"[속촉촉 진정토너] 에스네이처 아쿠아 오아시스 토너 300ml 기획 (+젤크림 30ml)","에스네이처","300.0","330.0","ml","25000.0","18900","572.7","*토너
정제수, 다이프로필렌글라이콜, 부틸렌글라이콜, 글리세린, 1,2-헥산다이올, 베타인, 판테놀, 알란토인, 파파야열매추출물, 글루코노락톤, 자일리틸글루코사이드, 안하이드로자일리톨, 자일리톨, 소듐하이알루로네이트, 글루코오스, 파파인, 하이드록시프로필트라이모늄하이알루로네이트, 소듐아세틸레이티드하이알루로네이트, 하이드롤라이즈드하이알루로닉애씨드, 하이알루로닉애씨드, 하이드롤라이즈드소듐하이알루로네이트, 소듐하이알루로네이트크로스폴리머, 포타슘하이알루로네이트, 글리세릴아크릴레이트/아크릴릭애씨드코폴리머, 피브이엠/엠에이코폴리머

*젤크림
정제수, 글리세린, 부틸렌글라이콜, 1,2-헥산다이올, 블루아가베잎추출물, 알란토인, 소듐하이알루로네이트, 하이드록시프로필트라이모늄하이알루로네이트, 하이드롤라이즈드하이알루로닉애씨드, 소듐아세틸레이티드하이알루로네이트, 하이알루로닉애씨드, 하이드롤라이즈드소듐하이알루로네이트, 소듐하이알루로네이트크로스폴리머, 포타슘하이알루로네이트, 알지닌, 메틸트라이메티콘, 에틸헥실글리세린, 암모늄아크릴로일다이메틸타우레이트/브이피코폴리머, 하이드록시에틸아크릴레이트/소듐아크릴로일다이메틸타우레이트코폴리머, 아크릴레이트/C10-30알킬아크릴레이트크로스폴리머, 하이드로제네이티드폴리(C6-14올레핀), 메틸다이아이소프로필프로피온아마이드, 다이메티콘/비닐다이메티콘크로스폴리머, 솔비탄아이소스테아레이트, 다이소듐이디티에이","A000000213171","정제수","[49-2] 다이프로필렌글라이콜, [49-3] 부틸렌글라이콜, [49-4] 글리세린, [49-5] 1,2-헥산다이올, [49-6] 베타인, [49-7] 판테놀, [49-8] 알란토인, [49-9] 파파야열매추출물, [49-10] 글루코노락톤, [49-11] 자일리틸글루코사이드, [49-12] 안하이드로자일리톨, [49-13] 자일리톨, [49-14] 소듐하이알루로네이트, [49-15] 글루코오스, [49-16] 파파인, [49-17] 하이드록시프로필트라이모늄하이알루로네이트, [49-18] 소듐아세틸레이티드하이알루로네이트, [49-19] 하이드롤라이즈드하이알루로닉애씨드, [49-20] 하이알루로닉애씨드, [49-21] 하이드롤라이즈드소듐하이알루로네이트, [49-22] 소듐하이알루로네이트크로스폴리머, [49-23] 포타슘하이알루로네이트, [49-24] 글리세릴아크릴레이트/아크릴릭애씨드코폴리머, [49-26] 글리세린, [49-27] 부틸렌글라이콜, [49-28] 1,2-헥산다이올, [49-29] 블루아가베잎추출물, [49-30] 알란토인, [49-31] 소듐하이알루로네이트, [49-32] 하이드록시프로필트라이모늄하이알루로네이트, [49-33] 하이드롤라이즈드하이알루로닉애씨드, [49-34] 소듐아세틸레이티드하이알루로네이트, [49-35] 하이알루로닉애씨드, [49-36] 하이드롤라이즈드소듐하이알루로네이트, [49-37] 소듐하이알루로네이트크로스폴리머, [49-38] 포타슘하이알루로네이트, [49-39] 알지닌, [49-40] 메틸트라이메티콘, [49-41] 에틸헥실글리세린, [49-42] 암모늄아크릴로일다이메틸타우레이트/브이피코폴리머, [49-43] 하이드록시에틸아크릴레이트/소듐아크릴로일다이메틸타우레이트코폴리머, [49-44] 아크릴레이트/C10-30알킬아크릴레이트크로스폴리머, [49-45] 하이드로제네이티드폴리(C6-14올레핀), [49-46] 메틸다이아이소프로필프로피온아마이드, [49-47] 다이메티콘/비닐다이메티콘크로스폴리머, [49-48] 솔비탄아이소스테아레이트, [49-49] 다이소듐이디티에이"
"[수분진정] 아비브 어성초 카밍 토너 스킨부스터 200ml","아비브","200.0","200.0","ml","23000.0","16100","805.0","정제수, 글리세린, 부틸렌글라이콜, 펜틸렌글라이콜, 베타인, 1,2-헥산다이올, 자일리톨, 약모밀추출물(3,500 ppm), 판테놀, 에틸헥실글리세린, 소듐하이알루로네이트, 비피다발효용해물, 돌콩추출물, 다이소듐이디티에이, 하이드롤라이즈드하이알루로닉애씨드, 잔탄검, 옥탄다이올, 병풀추출물, 토코페롤, 인동덩굴꽃추출물, 황금추출물, 바이오사카라이드검-4, 파스향나무잎추출물","A000000146589","정제수","[24-2] 글리세린, [24-3] 부틸렌글라이콜, [24-4] 펜틸렌글라이콜, [24-5] 베타인, [24-6] 1,2-헥산다이올, [24-7] 자일리톨, [24-8] 약모밀추출물(3, [24-9] 500 ppm), [24-10] 판테놀, [24-11] 에틸헥실글리세린, [24-12] 소듐하이알루로네이트, [24-13] 비피다발효용해물, [24-14] 돌콩추출물, [24-15] 다이소듐이디티에이, [24-16] 하이드롤라이즈드하이알루로닉애씨드, [24-17] 잔탄검, [24-18] 옥탄다이올, [24-19] 병풀추출물, [24-20] 토코페롤, [24-21] 인동덩굴꽃추출물, [24-22] 황금추출물, [24-23] 바이오사카라이드검-4, [24-24] 파스향나무잎추출물"
"[대용량/속보습폭발] 더랩바이블랑두 올리고 히알루론산 딥 토너 500ml 대용량 기획 (+100ml)","더랩바이블랑두","500.0","600.0","ml","37000.0","28900","481.7","정제수, 부틸렌글라이콜, 1,2-헥산다이올, 글리세린, 베타-글루칸, 베타인, 소듐하이알루로네이트(2,700 ppm), 판테놀, 솔비톨, 아세틸글루코사민, 글루쿠로닉애씨드, 알란토인, 토코페롤, 에틸헥실글리세린, 다이소듐이디티에이","A000000207054","정제수","[16-2] 부틸렌글라이콜, [16-3] 1,2-헥산다이올, [16-4] 글리세린, [16-5] 베타-글루칸, [16-6] 베타인, [16-7] 소듐하이알루로네이트(2, [16-8] 700 ppm), [16-9] 판테놀, [16-10] 솔비톨, [16-11] 아세틸글루코사민, [16-12] 글루쿠로닉애씨드, [16-13] 알란토인, [16-14] 토코페롤, [16-15] 에틸헥실글리세린, [16-16] 다이소듐이디티에이"
"[1등 속보습] 라네즈 크림스킨 170ml 단품기획 (+50ml)","라네즈","170.0","220.0","ml","33000.0","23760","1080.0","정제수, 부틸렌글라이콜, 글리세린, 메도우폼씨오일, 아이소펜틸다이올, 1,2-헥산다이올, 스쿠알란, 폴리글리세릴-10스테아레이트, 글리세릴스테아레이트시트레이트, 소듐스테아로일글루타메이트, 이눌린라우릴카바메이트, 글리세릴카프릴레이트, 에틸헥실글리세린, 프로판다이올, 다이소듐이디티에이, 카보머, 만니톨, 아크릴레이트/스테아릴메타크릴레이트코폴리머, 흰목이버섯포자낭과추출물, 하이알루로닉애씨드, 녹차추출물, 잔탄검, 세라마이드엔피, 동백나무꽃추출물, 토코페롤, 아세틸테트라펩타이드-11","A000000211003","정제수","[26-2] 부틸렌글라이콜, [26-3] 글리세린, [26-4] 메도우폼씨오일, [26-5] 아이소펜틸다이올, [26-6] 1,2-헥산다이올, [26-7] 스쿠알란, [26-8] 폴리글리세릴-10스테아레이트, [26-9] 글리세릴스테아레이트시트레이트, [26-10] 소듐스테아로일글루타메이트, [26-11] 이눌린라우릴카바메이트, [26-12] 글리세릴카프릴레이트, [26-13] 에틸헥실글리세린, [26-14] 프로판다이올, [26-15] 다이소듐이디티에이, [26-16] 카보머, [26-17] 만니톨, [26-18] 아크릴레이트/스테아릴메타크릴레이트코폴리머, [26-19] 흰목이버섯포자낭과추출물, [26-20] 하이알루로닉애씨드, [26-21] 녹차추출물, [26-22] 잔탄검, [26-23] 세라마이드엔피, [26-24] 동백나무꽃추출물, [26-25] 토코페롤, [26-26] 아세틸테트라펩타이드-11"
"[쿨링진정] 셀라딕스 트러블 쿨 카밍 131 토너 300ml","셀라딕스","300.0","300.0","ml","18300.0","16470","549.0","정제수, 부틸렌글라이콜, 글리세린, 1,2-헥산다이올, 나이아신아마이드, 판테놀, 자일리톨, 폴리글리세릴-10라우레이트, 프로판다이올, 베타인, 트레할로오스, 에틸헥실글리세린, 아데노신, 알지닌, 카보머, 다이소듐이디티에이, 알란토인, 유칼립투스잎오일, 락토바실러스발효용해물, 서양민들레잎추출물, 하이드롤라이즈드레시틴, 카프릴릴/카프릴트라이글리세라이드, 펜틸렌글라이콜, 황금추출물, 피토스핑고신, 사이클로덱스트린, 유칼립투스잎추출물, 알로에베라잎추출물, 레몬그라스추출물, 로즈힙추출물, 잔탄검, 에리스리톨, 하이드롤라이즈드완두콩단백질, 카프릴릴글라이콜, 폴리글리세릴-10스테아레이트, 스쿠알란, 폴라지닌, 세라마이드엔피, 스테아릭애씨드","A000000229456","정제수","[39-2] 부틸렌글라이콜, [39-3] 글리세린, [39-4] 1,2-헥산다이올, [39-5] 나이아신아마이드, [39-6] 판테놀, [39-7] 자일리톨, [39-8] 폴리글리세릴-10라우레이트, [39-9] 프로판다이올, [39-10] 베타인, [39-11] 트레할로오스, [39-12] 에틸헥실글리세린, [39-13] 아데노신, [39-14] 알지닌, [39-15] 카보머, [39-16] 다이소듐이디티에이, [39-17] 알란토인, [39-18] 유칼립투스잎오일, [39-19] 락토바실러스발효용해물, [39-20] 서양민들레잎추출물, [39-21] 하이드롤라이즈드레시틴, [39-22] 카프릴릴/카프릴트라이글리세라이드, [39-23] 펜틸렌글라이콜, [39-24] 황금추출물, [39-25] 피토스핑고신, [39-26] 사이클로덱스트린, [39-27] 유칼립투스잎추출물, [39-28] 알로에베라잎추출물, [39-29] 레몬그라스추출물, [39-30] 로즈힙추출물, [39-31] 잔탄검, [39-32] 에리스리톨, [39-33] 하이드롤라이즈드완두콩단백질, [39-34] 카프릴릴글라이콜, [39-35] 폴리글리세릴-10스테아레이트, [39-36] 스쿠알란, [39-37] 폴라지닌, [39-38] 세라마이드엔피, [39-39] 스테아릭애씨드"
"[수분생기] 라운드랩 자작나무 수분 토너 1+1 기획 (300ml+300ml)","라운드랩","300.0","600.0","ml","24000.0","23800","396.7","정제수, 글리세린, 프로판다이올, 글리세레스-26, 펜틸렌글라이콜, 자작나무수액(10,000ppm), 1,2-헥산다이올, 아이리쉬모스추출물, 사탕수수추출물, 소듐하이알루로네이트, 하이알루로닉애씨드, 판테놀, 트로메타민, 다이포타슘글리시리제이트, 글리세릴카프릴레이트, 글리세릴글루코사이드, 부틸렌글라이콜, 아스코빅애씨드, 카보머, 잔탄검, 다이소듐이디티에이","A000000157178","정제수","[22-2] 글리세린, [22-3] 프로판다이올, [22-4] 글리세레스-26, [22-5] 펜틸렌글라이콜, [22-6] 자작나무수액(10, [22-7] 000ppm), [22-8] 1,2-헥산다이올, [22-9] 아이리쉬모스추출물, [22-10] 사탕수수추출물, [22-11] 소듐하이알루로네이트, [22-12] 하이알루로닉애씨드, [22-13] 판테놀, [22-14] 트로메타민, [22-15] 다이포타슘글리시리제이트, [22-16] 글리세릴카프릴레이트, [22-17] 글리세릴글루코사이드, [22-18] 부틸렌글라이콜, [22-19] 아스코빅애씨드, [22-20] 카보머, [22-21] 잔탄검, [22-22] 다이소듐이디티에이"
"[1등토너] 라운드랩 1025 독도 토너 500ml 기획 (+100ml)","라운드랩","500.0","600.0","ml","30000.0","27000","450.0","정제수, 부틸렌글라이콜, 글리세린, 펜틸렌글라이콜, 프로판다이올, 아이리쉬모스추출물, 사탕수수추출물, 해수, 1,2-헥산다이올, 프로테아제, 베타인, 판테놀, 에틸헥실글리세린, 알란토인, 잔탄검, 다이소듐이디티에이","A000000137180","정제수","[16-2] 부틸렌글라이콜, [16-3] 글리세린, [16-4] 펜틸렌글라이콜, [16-5] 프로판다이올, [16-6] 아이리쉬모스추출물, [16-7] 사탕수수추출물, [16-8] 해수, [16-9] 1,2-헥산다이올, [16-10] 프로테아제, [16-11] 베타인, [16-12] 판테놀, [16-13] 에틸헥실글리세린, [16-14] 알란토인, [16-15] 잔탄검, [16-16] 다이소듐이디티에이"
"[수지 PICK] 아누아 피디알엔 100 히알루론산 부스터 토너 250ml 기획 (+40ml)","아누아","250.0","290.0","ml","25000.0","16900","582.8","정제수, 부틸렌글라이콜, 글리세린, 펜틸렌글라이콜, 프로판다이올, 사탕수수추출물, 자일리틸글루코사이드, 돌콩추출물, 말라카이트추출물, 자일리톨, 인도멀구슬나무잎추출물, 백미꽃추출물, 인도멀구슬나무꽃추출물, 아이비고드열매추출물, 접시꽃추출물, 알로에베라꽃추출물, 하이드롤라이즈드하이알루로닉애씨드, 가지열매추출물, 홀리바질잎추출물, 참산호말추출물, 울금뿌리추출물, 1,2-헥산다이올, 베타인, 하이드록시아세토페논,판테놀, 에틸헥실글리세린, 안하이드로자일리톨, 알란토인, 소듐디엔에이, 다이프로필렌글라이콜, 옥탄다이올, 포스파티딜콜린, 토코페롤, 하이알루로닉애씨드/하이드롤라이즈드콜라겐크로스폴리머, C12-13알케스-9, 다이포타슘포스페이트, 아세틸글루타민, 카퍼트라이펩타이드-1, 셀룰로오스검, 다이소듐이디티에이, 잔탄검","A000000231891","정제수","[41-2] 부틸렌글라이콜, [41-3] 글리세린, [41-4] 펜틸렌글라이콜, [41-5] 프로판다이올, [41-6] 사탕수수추출물, [41-7] 자일리틸글루코사이드, [41-8] 돌콩추출물, [41-9] 말라카이트추출물, [41-10] 자일리톨, [41-11] 인도멀구슬나무잎추출물, [41-12] 백미꽃추출물, [41-13] 인도멀구슬나무꽃추출물, [41-14] 아이비고드열매추출물, [41-15] 접시꽃추출물, [41-16] 알로에베라꽃추출물, [41-17] 하이드롤라이즈드하이알루로닉애씨드, [41-18] 가지열매추출물, [41-19] 홀리바질잎추출물, [41-20] 참산호말추출물, [41-21] 울금뿌리추출물, [41-22] 1,2-헥산다이올, [41-23] 베타인, [41-24] 하이드록시아세토페논, [41-25] 판테놀, [41-26] 에틸헥실글리세린, [41-27] 안하이드로자일리톨, [41-28] 알란토인, [41-29] 소듐디엔에이, [41-30] 다이프로필렌글라이콜, [41-31] 옥탄다이올, [41-32] 포스파티딜콜린, [41-33] 토코페롤, [41-34] 하이알루로닉애씨드/하이드롤라이즈드콜라겐크로스폴리머, [41-35] C12-13알케스-9, [41-36] 다이포타슘포스페이트, [41-37] 아세틸글루타민, [41-38] 카퍼트라이펩타이드-1, [41-39] 셀룰로오스검, [41-40] 다이소듐이디티에이, [41-41] 잔탄검"
"에스트라 에이시카365 수분토너 pH4.5 200ml","에스트라","200.0","200.0","ml","28000.0","23800","1190.0","정제수, 부틸렌글라이콜, 글리세린, 나이아신아마이드, 1,2-헥산다이올, 글루코노락톤, 트로메타민, 잔탄검, 에틸헥실글리세린, 레시틴, 소듐메타포스페이트, 폴리글리세릴-10올리에이트, 소듐하이알루로네이트, 3-O-에틸아스코빅애씨드, 징크피씨에이, 폴리글리세릴-4카프레이트, 아시아티코사이드, 마데카식애씨드, 글리세릴카프릴레이트, 아시아틱애씨드, 마데카소사이드, 소듐트라이메타포스페이트, 프로필렌글라이콜, 토코페롤, 쌀겨오일","A000000218549","정제수","[25-2] 부틸렌글라이콜, [25-3] 글리세린, [25-4] 나이아신아마이드, [25-5] 1,2-헥산다이올, [25-6] 글루코노락톤, [25-7] 트로메타민, [25-8] 잔탄검, [25-9] 에틸헥실글리세린, [25-10] 레시틴, [25-11] 소듐메타포스페이트, [25-12] 폴리글리세릴-10올리에이트, [25-13] 소듐하이알루로네이트, [25-14] 3-O-에틸아스코빅애씨드, [25-15] 징크피씨에이, [25-16] 폴리글리세릴-4카프레이트, [25-17] 아시아티코사이드, [25-18] 마데카식애씨드, [25-19] 글리세릴카프릴레이트, [25-20] 아시아틱애씨드, [25-21] 마데카소사이드, [25-22] 소듐트라이메타포스페이트, [25-23] 프로필렌글라이콜, [25-24] 토코페롤, [25-25] 쌀겨오일"
"라로슈포제 시카플라스트 로션 B5 판테놀 시카에센스 토너 200ml","라로슈포제","200.0","200.0","ml","37000.0","33300","1665.0","정제수 글리세린 프로판다이올 판테놀 펜틸렌글라이콜 소듐시트레이트 만노오스 마데카소사이드 망가니즈글루코네이트 소듐클로라이드 코코-베타인 카퍼글루코네이트 카프릴릴글라이콜 시트릭애씨드 트라이소듐에틸렌다이아민다이석시네이트","A000000159921","정제수","[15-2] 글리세린, [15-3] 프로판다이올, [15-4] 판테놀, [15-5] 펜틸렌글라이콜, [15-6] 소듐시트레이트, [15-7] 만노오스, [15-8] 마데카소사이드, [15-9] 망가니즈글루코네이트, [15-10] 소듐클로라이드, [15-11] 코코-베타인, [15-12] 카퍼글루코네이트, [15-13] 카프릴릴글라이콜, [15-14] 시트릭애씨드, [15-15] 트라이소듐에틸렌다이아민다이석시네이트"
"[온라인단독/진정SET] 브링그린 티트리 시카 수딩 토너&크림 (세트/기획)","브링그린","","","","34000.0","20500","","[토너] 정제수, 다이프로필렌글라이콜, 1,2-헥산다이올, 부틸렌글라이콜, 티트리추출물, 티트리잎수, 베타인, 판테놀, 티트리잎추출물, 옥틸도데세스-16, 소듐시트레이트, 시트릭애씨드, 티트리잎오일, 티트리꽃/잎/줄기추출물, 베타인살리실레이트, 병풀추출물, 잔탄검 

 / [크림] 
정제수, 부틸렌글라이콜, 스쿠알란, 티트리잎수, 프로판다이올, 1,2-헥산다이올, 나이아신아마이드, 펜틸렌글라이콜, 폴리글리세릴-3메틸글루코오스다이스테아레이트, 다이글리세린, 티트리추출물, 티트리잎추출물, 병풀추출물, 티트리꽃/잎/줄기추출물, 티트리잎오일, 하이드록시에틸아크릴레이트/소듐아크릴로일다이메틸타우레이트코폴리머, 폴리메틸실세스퀴옥세인, 아크릴레이트/C10-30알킬아크릴레이트크로스폴리머, 트로메타민, 솔비탄아이소스테아레이트, 마데카소사이드, 토코페롤, 에틸헥실글리세린","A000000188990","정제수","[39-2] 다이프로필렌글라이콜, [39-3] 1,2-헥산다이올, [39-4] 부틸렌글라이콜, [39-5] 티트리추출물, [39-6] 티트리잎수, [39-7] 베타인, [39-8] 판테놀, [39-9] 티트리잎추출물, [39-10] 옥틸도데세스-16, [39-11] 소듐시트레이트, [39-12] 시트릭애씨드, [39-13] 티트리잎오일, [39-14] 티트리꽃/잎/줄기추출물, [39-15] 베타인살리실레이트, [39-16] 병풀추출물, [39-18] 부틸렌글라이콜, [39-19] 스쿠알란, [39-20] 티트리잎수, [39-21] 프로판다이올, [39-22] 1,2-헥산다이올, [39-23] 나이아신아마이드, [39-24] 펜틸렌글라이콜, [39-25] 폴리글리세릴-3메틸글루코오스다이스테아레이트, [39-26] 다이글리세린, [39-27] 티트리추출물, [39-28] 티트리잎추출물, [39-29] 병풀추출물, [39-30] 티트리꽃/잎/줄기추출물, [39-31] 티트리잎오일, [39-32] 하이드록시에틸아크릴레이트/소듐아크릴로일다이메틸타우레이트코폴리머, [39-33] 폴리메틸실세스퀴옥세인, [39-34] 아크릴레이트/C10-30알킬아크릴레이트크로스폴리머, [39-35] 트로메타민, [39-36] 솔비탄아이소스테아레이트, [39-37] 마데카소사이드, [39-38] 토코페롤, [39-39] 에틸헥실글리세린"
"[더블기획/1등토너] 라운드랩 1025 독도 토너 300ml 더블 기획 (+말랑키링)","라운드랩","300.0","600.0","ml","41000.0","28000","466.7","정제수, 부틸렌글라이콜, 글리세린, 펜틸렌글라이콜, 프로판다이올, 아이리쉬모스추출물, 사탕수수추출물, 해수, 1,2-헥산다이올, 프로테아제, 베타인, 판테놀, 에틸헥실글리세린, 알란토인, 잔탄검, 다이소듐이디티에이","A000000246774","정제수","[16-2] 부틸렌글라이콜, [16-3] 글리세린, [16-4] 펜틸렌글라이콜, [16-5] 프로판다이올, [16-6] 아이리쉬모스추출물, [16-7] 사탕수수추출물, [16-8] 해수, [16-9] 1,2-헥산다이올, [16-10] 프로테아제, [16-11] 베타인, [16-12] 판테놀, [16-13] 에틸헥실글리세린, [16-14] 알란토인, [16-15] 잔탄검, [16-16] 다이소듐이디티에이"
"[리뉴얼] 토니모리 세라마이드 모찌 토너 500ml 기획 (+100ml + 크림 30ml)","토니모리","500.0","630.0","ml","18000.0","13500","214.3","[세라마이드 모찌 토너] 정제수, 다이프로필렌글라이콜, 글리세린, 펜타에리스리틸테트라아이소스테아레이트, 프로판다이올, 폴리글리세린-3, 마카다미아씨오일, 하이드록시아세토페논, 하이드록시에틸아크릴레이트/소듐아크릴로일다이메틸타우레이트코폴리머, 하이드로제네이티드폴리(C6-14올레핀), 하이드로제네이티드폴리데센, 에틸헥실글리세린, 알란토인, 스타이렌/브이피코폴리머, 판테놀, 아크릴레이트/C10-30알킬아크릴레이트크로스폴리머, 트로메타민, *리모넨, 소듐파이테이트, *리날룰, 폴리솔베이트60, 솔비탄아이소스테아레이트, 라반딘오일, 센티드제라늄꽃오일, 멕시칸주니퍼오일, 아이소펜틸다이올, 라벤더오일, 부틸렌글라이콜, 병풀추출물, 레몬껍질오일, 폴리글리세릴-4올리에이트, 세라마이드엔피(5,000 ppb), 수크로오스팔미테이트, 1,2-헥산다이올 

[세라마이드 모찌 수분 크림] 정제수, 글리세린, 다이글리세린, 에틸헥실팔미테이트, 베헤닐알코올, 피토스테릴/옥틸도데실라우로일글루타메이트, 소듐폴리아크릴레이트, 스테아릴알코올, 에틸헥실스테아레이트, 폴리글리세릴-10라우레이트, 하이드록시아세토페논, 부틸렌글라이콜, 카보머, 트로메타민, 레몬껍질오일, 에틸헥실글리세린, 잔탄검, 트라이데세스-6, 라반딘오일, 멕시칸주니퍼오일, 센티드제라늄꽃오일, 다이소듐이디티에이, 하이드로제네이티드레시틴, 병풀추출물, 라벤더오일, 쇠비름추출물, 체이스트트리추출물, 마트리카리아꽃추출물, 1,2-헥산다이올, 세라마이드엔피(5,000 ppb), 만주자작나무수액, 아사이팜열매추출물, 보검선인장줄기추출물, 구아바잎추출물, 소듐하이알루로네이트, 알로에베라잎추출물, 시트랄, 리모넨, 리날룰","A000000258792","정제수","[75-2] 다이프로필렌글라이콜, [75-3] 글리세린, [75-4] 펜타에리스리틸테트라아이소스테아레이트, [75-5] 프로판다이올, [75-6] 폴리글리세린-3, [75-7] 마카다미아씨오일, [75-8] 하이드록시아세토페논, [75-9] 하이드록시에틸아크릴레이트/소듐아크릴로일다이메틸타우레이트코폴리머, [75-10] 하이드로제네이티드폴리(C6-14올레핀), [75-11] 하이드로제네이티드폴리데센, [75-12] 에틸헥실글리세린, [75-13] 알란토인, [75-14] 스타이렌/브이피코폴리머, [75-15] 판테놀, [75-16] 아크릴레이트/C10-30알킬아크릴레이트크로스폴리머, [75-17] 트로메타민, [75-18] *리모넨, [75-19] 소듐파이테이트, [75-20] *리날룰, [75-21] 폴리솔베이트60, [75-22] 솔비탄아이소스테아레이트, [75-23] 라반딘오일, [75-24] 센티드제라늄꽃오일, [75-25] 멕시칸주니퍼오일, [75-26] 아이소펜틸다이올, [75-27] 라벤더오일, [75-28] 부틸렌글라이콜, [75-29] 병풀추출물, [75-30] 레몬껍질오일, [75-31] 폴리글리세릴-4올리에이트, [75-32] 세라마이드엔피(5, [75-33] 000 ppb), [75-34] 수크로오스팔미테이트, [75-35] 1, [75-37] 글리세린, [75-38] 다이글리세린, [75-39] 에틸헥실팔미테이트, [75-40] 베헤닐알코올, [75-41] 피토스테릴/옥틸도데실라우로일글루타메이트, [75-42] 소듐폴리아크릴레이트, [75-43] 스테아릴알코올, [75-44] 에틸헥실스테아레이트, [75-45] 폴리글리세릴-10라우레이트, [75-46] 하이드록시아세토페논, [75-47] 부틸렌글라이콜, [75-48] 카보머, [75-49] 트로메타민, [75-50] 레몬껍질오일, [75-51] 에틸헥실글리세린, [75-52] 잔탄검, [75-53] 트라이데세스-6, [75-54] 라반딘오일, [75-55] 멕시칸주니퍼오일, [75-56] 센티드제라늄꽃오일, [75-57] 다이소듐이디티에이, [75-58] 하이드로제네이티드레시틴, [75-59] 병풀추출물, [75-60] 라벤더오일, [75-61] 쇠비름추출물, [75-62] 체이스트트리추출물, [75-63] 마트리카리아꽃추출물, [75-64] 1,2-헥산다이올, [75-65] 세라마이드엔피(5, [75-66] 000 ppb), [75-67] 만주자작나무수액, [75-68] 아사이팜열매추출물, [75-69] 보검선인장줄기추출물, [75-70] 구아바잎추출물, [75-71] 소듐하이알루로네이트, [75-72] 알로에베라잎추출물, [75-73] 시트랄, [75-74] 리모넨, [75-75] 리날룰"
"[속보습루틴] 더랩바이블랑두 저분자 히알루론산 딥 토너 200ml + 50ml 기획","더랩바이블랑두","200.0","250.0","ml","23000.0","15990","639.6","정제수, 부틸렌글라이콜, 1,2-헥산다이올, 글리세린, 베타-글루칸, 베타인, 소듐하이알루로네이트(2,700 ppm), 판테놀, 솔비톨, 아세틸글루코사민, 글루쿠로닉애씨드, 알란토인, 토코페롤, 에틸헥실글리세린, 다이소듐이디티에이","A000000189488","정제수","[16-2] 부틸렌글라이콜, [16-3] 1,2-헥산다이올, [16-4] 글리세린, [16-5] 베타-글루칸, [16-6] 베타인, [16-7] 소듐하이알루로네이트(2, [16-8] 700 ppm), [16-9] 판테놀, [16-10] 솔비톨, [16-11] 아세틸글루코사민, [16-12] 글루쿠로닉애씨드, [16-13] 알란토인, [16-14] 토코페롤, [16-15] 에틸헥실글리세린, [16-16] 다이소듐이디티에이"
"[속건조해결] 파티온 포도당 하이드로 에센스토너 300ml 더블 기획(2개입)","파티온","300.0","600.0","ml","32000.0","24900","415.0","정제수, 부틸렌글라이콜, 글리세린, 1,2-헥산다이올, 에리스리톨, 자일리톨, 트레할로오스, 알지닌, 카보머, 에틸헥실글리세린, 하이드롤라이즈드스클레로튬검, 다이소듐이디티에이, 카프릴릭/카프릭트라이글리세라이드, 시어버터, 올리브오일, 하이드로제네이티드레시틴, 스쿠알란, 글리세릴글루코사이드, 프로판다이올, 콜레스테롤, 세라마이드엔피, 피토스핑고신, 토코페롤, 판테놀, 글루코오스(100 ppb), 벤질글라이콜, 하이드롤라이즈드글라이코사미노글리칸, 하이드록시프로필트라이모늄하이알루로네이트, 소듐하이알루로네이트크로스폴리머, 시스테인, 글루타믹애씨드, 류신, 세린, 아스파틱애씨드, 글루타민, 알라닌, 트레오닌, 트립토판, 발린, 라이신, 글라이신, 소듐하이알루로네이트, 하이드롤라이즈드하이알루로닉애씨드, 메티오닌, 프롤린, 히스티딘, 아이소류신, 페닐알라닌, 아스파라진, 타이로신, 하이알루로닉애씨드, 소듐아세틸레이티드하이알루로네이트, 마그네슘피씨에이, 소듐락테이트, 카퍼트라이펩타이드-1, 수크로오스, 우레아, 칼슘클로라이드, 포타슘하이드록사이드, 오르니틴, 씨솔트, 마그네슘클로라이드, 다이포타슘포스페이트, 마그네슘시트레이트, 글루코사민에이치씨엘, 1-메틸하이단토인-2-이미드, 시트룰린, 우릭애씨드, 타우린, 포믹애씨드, 암모니아","A000000222849","정제수","[71-2] 부틸렌글라이콜, [71-3] 글리세린, [71-4] 1,2-헥산다이올, [71-5] 에리스리톨, [71-6] 자일리톨, [71-7] 트레할로오스, [71-8] 알지닌, [71-9] 카보머, [71-10] 에틸헥실글리세린, [71-11] 하이드롤라이즈드스클레로튬검, [71-12] 다이소듐이디티에이, [71-13] 카프릴릭/카프릭트라이글리세라이드, [71-14] 시어버터, [71-15] 올리브오일, [71-16] 하이드로제네이티드레시틴, [71-17] 스쿠알란, [71-18] 글리세릴글루코사이드, [71-19] 프로판다이올, [71-20] 콜레스테롤, [71-21] 세라마이드엔피, [71-22] 피토스핑고신, [71-23] 토코페롤, [71-24] 판테놀, [71-25] 글루코오스(100 ppb), [71-26] 벤질글라이콜, [71-27] 하이드롤라이즈드글라이코사미노글리칸, [71-28] 하이드록시프로필트라이모늄하이알루로네이트, [71-29] 소듐하이알루로네이트크로스폴리머, [71-30] 시스테인, [71-31] 글루타믹애씨드, [71-32] 류신, [71-33] 세린, [71-34] 아스파틱애씨드, [71-35] 글루타민, [71-36] 알라닌, [71-37] 트레오닌, [71-38] 트립토판, [71-39] 발린, [71-40] 라이신, [71-41] 글라이신, [71-42] 소듐하이알루로네이트, [71-43] 하이드롤라이즈드하이알루로닉애씨드, [71-44] 메티오닌, [71-45] 프롤린, [71-46] 히스티딘, [71-47] 아이소류신, [71-48] 페닐알라닌, [71-49] 아스파라진, [71-50] 타이로신, [71-51] 하이알루로닉애씨드, [71-52] 소듐아세틸레이티드하이알루로네이트, [71-53] 마그네슘피씨에이, [71-54] 소듐락테이트, [71-55] 카퍼트라이펩타이드-1, [71-56] 수크로오스, [71-57] 우레아, [71-58] 칼슘클로라이드, [71-59] 포타슘하이드록사이드, [71-60] 오르니틴, [71-61] 씨솔트, [71-62] 마그네슘클로라이드, [71-63] 다이포타슘포스페이트, [71-64] 마그네슘시트레이트, [71-65] 글루코사민에이치씨엘, [71-66] 1-메틸하이단토인-2-이미드, [71-67] 시트룰린, [71-68] 우릭애씨드, [71-69] 타우린, [71-70] 포믹애씨드, [71-71] 암모니아"
"[미백/잡티케어] 달바 비타 토닝 세럼 토너 180ml","달바","180.0","180.0","ml","29900.0","20900","1161.1","정제수, 비타민나무수(117,600ppm), 다이프로필렌글라이콜, 글리세레스-26, 1,2-헥산다이올, 나이아신아마이드(20,000ppm), 글리세린, 메틸글루세스-20, 폴리글리세릴-10라우레이트, 세테아릴알코올, 베타인, 트로메타민, 아크릴레이트/C10-30알킬아크릴레이트크로스폴리머, 에틸헥실글리세린, 아데노신, 인도멀구슬나무꽃추출물, 홀리바질잎추출물, 인도멀구슬나무잎추출물, 소듐하이알루로네이트, 판테놀(100ppm), 하이드롤라이즈드하이알루로닉애씨드, 병풀추출물, 콜라겐추출물, 부틸렌글라이콜, 울금뿌리추출물, 참산호말추출물, 카카오추출물, 덱스트린, 효모발효여과물, 폴리쿼터늄-51, 하이드로제네이티드레시틴, 글루타티온, 아이비고드열매추출물, 흰서양송로추출물, 아마씨추출물, 아보카도오일, 올리브오일, 달맞이꽃오일, 알바수련꽃추출물, 사과추출물, 마카다미아씨오일, 비타민나무열매오일, 해바라기씨오일, 돌콩오일, 세라마이드엔피, 동백나무씨오일, 레몬머틀잎오일, 아스코빅애씨드(1,000ppb), 하이드롤라이즈드콩단백질, 하이드롤라이즈드쌀단백질, 하이드롤라이즈드감자단백질, 하이드롤라이즈드완두콩단백질, 하이드롤라이즈드루핀단백질, 하이드롤라이즈드귀리단백질, 하이드롤라이즈드옥수수단백질, 하이드롤라이즈드밀단백질, 하이드롤라이즈드스위트아몬드단백질, 하이드롤라이즈드보리단백질, 하이드롤라이즈드식물성단백질, 하이드롤라이즈드호호바단백질, 글라이코프로테인, 만노오스, 글루쿠로닉애씨드, 글루코오스, 토코페롤(0.003ppm), 향료, 리모넨, 헥실신남알, 리날룰","A000000223425","정제수","[72-2] 비타민나무수(117, [72-3] 600ppm), [72-4] 다이프로필렌글라이콜, [72-5] 글리세레스-26, [72-6] 1,2-헥산다이올, [72-7] 나이아신아마이드(20, [72-8] 000ppm), [72-9] 글리세린, [72-10] 메틸글루세스-20, [72-11] 폴리글리세릴-10라우레이트, [72-12] 세테아릴알코올, [72-13] 베타인, [72-14] 트로메타민, [72-15] 아크릴레이트/C10-30알킬아크릴레이트크로스폴리머, [72-16] 에틸헥실글리세린, [72-17] 아데노신, [72-18] 인도멀구슬나무꽃추출물, [72-19] 홀리바질잎추출물, [72-20] 인도멀구슬나무잎추출물, [72-21] 소듐하이알루로네이트, [72-22] 판테놀(100ppm), [72-23] 하이드롤라이즈드하이알루로닉애씨드, [72-24] 병풀추출물, [72-25] 콜라겐추출물, [72-26] 부틸렌글라이콜, [72-27] 울금뿌리추출물, [72-28] 참산호말추출물, [72-29] 카카오추출물, [72-30] 덱스트린, [72-31] 효모발효여과물, [72-32] 폴리쿼터늄-51, [72-33] 하이드로제네이티드레시틴, [72-34] 글루타티온, [72-35] 아이비고드열매추출물, [72-36] 흰서양송로추출물, [72-37] 아마씨추출물, [72-38] 아보카도오일, [72-39] 올리브오일, [72-40] 달맞이꽃오일, [72-41] 알바수련꽃추출물, [72-42] 사과추출물, [72-43] 마카다미아씨오일, [72-44] 비타민나무열매오일, [72-45] 해바라기씨오일, [72-46] 돌콩오일, [72-47] 세라마이드엔피, [72-48] 동백나무씨오일, [72-49] 레몬머틀잎오일, [72-50] 아스코빅애씨드(1, [72-51] 000ppb), [72-52] 하이드롤라이즈드콩단백질, [72-53] 하이드롤라이즈드쌀단백질, [72-54] 하이드롤라이즈드감자단백질, [72-55] 하이드롤라이즈드완두콩단백질, [72-56] 하이드롤라이즈드루핀단백질, [72-57] 하이드롤라이즈드귀리단백질, [72-58] 하이드롤라이즈드옥수수단백질, [72-59] 하이드롤라이즈드밀단백질, [72-60] 하이드롤라이즈드스위트아몬드단백질, [72-61] 하이드롤라이즈드보리단백질, [72-62] 하이드롤라이즈드식물성단백질, [72-63] 하이드롤라이즈드호호바단백질, [72-64] 글라이코프로테인, [72-65] 만노오스, [72-66] 글루쿠로닉애씨드, [72-67] 글루코오스, [72-68] 토코페롤(0.003ppm), [72-69] 향료, [72-70] 리모넨, [72-71] 헥실신남알, [72-72] 리날룰"
"[단독기획] 아누아 어성초 77 히알루론산 수분 진정 토너 350ml 리필 기획세트 (+350ml 리필팩)","아누아","350.0","700.0","ml","49000.0","27500","392.9","약모밀꽃/잎/줄기수(77%), 정제수, 1,2-헥산다이올, 글리세린, 글리세레스-26, 베타인, 펜틸렌글라이콜, 소듐시트레이트, 아이소펜틸다이올, 에틸헥실글리세린, 다이포타슘글리시리제이트, 시트릭애씨드, 아크릴레이트/C10-30알킬아크릴레이트크로스폴리머, 트로메타민, 판테놀, 소듐파이테이트, 알란토인, 소듐하이알루로네이트(1.1ppm), 약모밀소포(750ppb), 하이드롤라이즈드소듐하이알루로네이트(100.1ppb), 징크피씨에이, 하이드록시프로필트라이모늄하이알루로네이트(100ppb), 락토바실러스발효물, 소듐아세틸레이티드하이알루로네이트(10ppb), 하이드롤라이즈드하이알루로닉애씨드(10ppb), 아이소쿼시트린, 쿼세틴, 하이알루로닉애씨드(2.5ppb), 소듐하이알루로네이트크로스폴리머(1ppb), 포타슘하이알루로네이트(0.2ppb)","A000000248498","정제수","[30-1] 약모밀꽃/잎/줄기수(77%), [30-3] 1,2-헥산다이올, [30-4] 글리세린, [30-5] 글리세레스-26, [30-6] 베타인, [30-7] 펜틸렌글라이콜, [30-8] 소듐시트레이트, [30-9] 아이소펜틸다이올, [30-10] 에틸헥실글리세린, [30-11] 다이포타슘글리시리제이트, [30-12] 시트릭애씨드, [30-13] 아크릴레이트/C10-30알킬아크릴레이트크로스폴리머, [30-14] 트로메타민, [30-15] 판테놀, [30-16] 소듐파이테이트, [30-17] 알란토인, [30-18] 소듐하이알루로네이트(1.1ppm), [30-19] 약모밀소포(750ppb), [30-20] 하이드롤라이즈드소듐하이알루로네이트(100.1ppb), [30-21] 징크피씨에이, [30-22] 하이드록시프로필트라이모늄하이알루로네이트(100ppb), [30-23] 락토바실러스발효물, [30-24] 소듐아세틸레이티드하이알루로네이트(10ppb), [30-25] 하이드롤라이즈드하이알루로닉애씨드(10ppb), [30-26] 아이소쿼시트린, [30-27] 쿼세틴, [30-28] 하이알루로닉애씨드(2.5ppb), [30-29] 소듐하이알루로네이트크로스폴리머(1ppb), [30-30] 포타슘하이알루로네이트(0.2ppb)"
"[NEW/미니어처증정] 닥터지 레드 블레미쉬 10-시카 캡슐 수딩 토너 300ml 기획 (+100ml)","닥터지","300.0","400.0","ml","30000.0","19200","480.0","전성분 정제수, 편백수, 프로판다이올, 부틸렌글라이콜, 글리세린, 1,2-헥산다이올, 나이아신아마이드, 에리스리톨, 펜틸렌글라이콜, 스트렙토코쿠스테르모필루스발효물, 효모발효여과물, 옥수수전분, 사과즙, 백미꽃추출물, 병풀잎추출물(2.1ppm), 비피다발효여과물, 락토바실러스발효물, 병풀꽃/잎/줄기추출물(1.0ppm), 병풀뿌리 추출물(1.0ppm), 접시꽃추출물, 페퍼민트잎수, 병풀추출물(0.02ppm), 판테놀,젤란검, 알란토인, 베타인, 하이드록시아세토페논, 칼슘클로 라이드,소듐클로라이드, 아데노신, 데하이드로잔탄검, 만델릭애씨드, 트레할로오스, 셀룰로오스검, 소듐시트레이트, 메틸다이아이소프로필 프로피온아마이드,세라마이드엔피, 솔비톨, 스테아릭애씨드, 하이 드로제네이티드레시틴,실리카, 에틸헥실글리세린, 다발방패버섯추출물, 베타-글루칸, 마데카소사이드(0.18ppm), 아시아티코사이드(0.002ppm), 마데카식애씨드(0.002ppm), 아시아틱애씨드(0.0008ppm)","A000000252322","정제수","[48-2] 편백수, [48-3] 프로판다이올, [48-4] 부틸렌글라이콜, [48-5] 글리세린, [48-6] 1,2-헥산다이올, [48-7] 나이아신아마이드, [48-8] 에리스리톨, [48-9] 펜틸렌글라이콜, [48-10] 스트렙토코쿠스테르모필루스발효물, [48-11] 효모발효여과물, [48-12] 옥수수전분, [48-13] 사과즙, [48-14] 백미꽃추출물, [48-15] 병풀잎추출물(2.1ppm), [48-16] 비피다발효여과물, [48-17] 락토바실러스발효물, [48-18] 병풀꽃/잎/줄기추출물(1.0ppm), [48-19] 병풀뿌리 추출물(1.0ppm), [48-20] 접시꽃추출물, [48-21] 페퍼민트잎수, [48-22] 병풀추출물(0.02ppm), [48-23] 판테놀, [48-24] 젤란검, [48-25] 알란토인, [48-26] 베타인, [48-27] 하이드록시아세토페논, [48-28] 칼슘클로 라이드, [48-29] 소듐클로라이드, [48-30] 아데노신, [48-31] 데하이드로잔탄검, [48-32] 만델릭애씨드, [48-33] 트레할로오스, [48-34] 셀룰로오스검, [48-35] 소듐시트레이트, [48-36] 메틸다이아이소프로필 프로피온아마이드, [48-37] 세라마이드엔피, [48-38] 솔비톨, [48-39] 스테아릭애씨드, [48-40] 하이 드로제네이티드레시틴, [48-41] 실리카, [48-42] 에틸헥실글리세린, [48-43] 다발방패버섯추출물, [48-44] 베타-글루칸, [48-45] 마데카소사이드(0.18ppm), [48-46] 아시아티코사이드(0.002ppm), [48-47] 마데카식애씨드(0.002ppm), [48-48] 아시아틱애씨드(0.0008ppm)"
"랩시리즈 데일리 레스큐 워터로션 200ml 단품/기획 (+60ml 추가증정)","랩시리즈","200.0","260.0","ml","62000.0","52700","2026.9","정제수,다이프로필렌글라이콜,나이아신아마이드,변성알코올,부틸렌글라이콜,글리세린,버지니아풍년화수,베타인,아세틸글루코사민,소듐하이알루로네이트,트레할로오스,카페인,레스베라트롤,살리실릭애씨드,카프릴릴글라이콜,폴리솔베이트20,에탄올,다이소듐이디티에이,프로필렌글라이콜카프릴레이트,다이소듐포스페이트,소듐포스페이트,향료,페녹시에탄올,포타슘솔베이트　*제공된 성분은 동일 제품이라도 경우에 따라 변경될 수 있습니다. 최신정보는 제품 포장의 성분을 참고하시거나 본사 고객관리지원팀으로 연락 부탁 드립니다.","A000000199824","정제수","[24-2] 다이프로필렌글라이콜, [24-3] 나이아신아마이드, [24-4] 변성알코올, [24-5] 부틸렌글라이콜, [24-6] 글리세린, [24-7] 버지니아풍년화수, [24-8] 베타인, [24-9] 아세틸글루코사민, [24-10] 소듐하이알루로네이트, [24-11] 트레할로오스, [24-12] 카페인, [24-13] 레스베라트롤, [24-14] 살리실릭애씨드, [24-15] 카프릴릴글라이콜, [24-16] 폴리솔베이트20, [24-17] 에탄올, [24-18] 다이소듐이디티에이, [24-19] 프로필렌글라이콜카프릴레이트, [24-20] 다이소듐포스페이트, [24-21] 소듐포스페이트, [24-22] 향료, [24-23] 페녹시에탄올, [24-24] 포타슘솔베이트　*제공된 성분은 동일 제품이라도 경우에 따라 변경될 수 있습니다. 최신정보는 제품 포장의 성분을 참고하시거나 본사 고객관리지원팀으로 연락 부탁 드립니다."
"[쿨링결광토너] 빌리프 아쿠아 밤 프로즌 토너 300ml 기획 (+토너 50ml, 크림 9ml 증정)","빌리프","300.0","359.0","ml","33000.0","25100","699.2","[본품/증정 동일 - 프로즌 토너]
정제수, 글리세린, 프로판다이올, 부틸렌글라이콜, 변성알코올, C12-15알킬벤조에이트, 1,2-헥산다이올, 판테놀, 자일리톨, 글루코노락톤, 소듐하이알루로네이트, 레몬밤꽃/잎/줄기수*, 로즈마리잎수*, 나이아신아마이드, 유칼립투스잎추출물*+, 폴스애플민트잎추출물*, 로즈힙열매추출물*, 타임잎추출물*, 토탄추출물+, 양버들껍질/싹/잎/잔가지추출물+, 프렌치로즈꽃추출물+, 흰서양송로추출물+, 비터오렌지꽃오일+, 카퍼트라이펩타이드-1, 폴리글리세릴-10스테아레이트, 폴리글리세릴-10올리에이트, 카프릴릭/카프릭트라이글리세라이드, 말라카이트추출물, 소듐시트레이트, 시트릭애씨드, 바이오사카라이드검-1, 카페인, 펜틸렌글라이콜, 에리스리톨, 에틸헥실글리세린, 글라이신, 메틸다이아이소프로필프로피온아마이드, 로즈마리잎오일**, 오렌지껍질오일**, 라임전초오일**, 센티드제라늄꽃오일**, 리모넨, 시트로넬올, 제라니올, 시트랄, 리날룰
*표시: belif original formula
+표시: 빌리프 프로 프로즌 콤플렉스
**표시: 식물 유래 향

[증정 - 프로즌 크림]
정제수, 부틸렌글라이콜, 카프릴릭/카프릭트라이글리세라이드, 1,2-헥산다이올, 베타인, 베헤닐알코올, 판테놀, 유칼립투스잎추출물*+, 폴스애플민트잎추출물*, 로즈힙열매추출물*, 레몬밤꽃/잎/줄기수*, 타임잎추출물*, 로즈마리잎수*, 비터오렌지꽃오일+, 토탄추출물+, 양버들껍질/싹/잎/잔가지추출물+, 프렌치로즈꽃추출물+, 흰서양송로추출물+, 자일리톨, 에리스리톨, 소듐하이알루로네이트, 카페인, 카퍼트라이펩타이드-1, 글라이신, 베타-글루칸, 나이아신아마이드, 글리세릴폴리메타크릴레이트, 트라이에틸헥사노인, 카보머, 다이메티콘, 다이실록세인, 트로메타민, 글리세린, 프로필렌글라이콜, 스테아릴다이메티콘, 락토바실러스/콩발효추출물, C30-45알킬다이메티콘, 토코페릴아세테이트, 효모/감자추출물발효여과물, 효모/보리씨발효여과물, 트라이소듐이디티에이, 말라카이트추출물, 메틸다이아이소프로필프로피온아마이드, 오렌지껍질오일**, 라임전초오일**, 센티드제라늄꽃오일**, 로즈마리잎오일**, 리모넨, 시트로넬올, 제라니올, 시트랄, 리날룰
*표시: belif original formula
+표시: 빌리프 프로 프로즌 콤플렉스
**표시: 식물 유래 향","A000000224583","정제수","[97-2] 글리세린, [97-3] 프로판다이올, [97-4] 부틸렌글라이콜, [97-5] 변성알코올, [97-6] C12-15알킬벤조에이트, [97-7] 1,2-헥산다이올, [97-8] 판테놀, [97-9] 자일리톨, [97-10] 글루코노락톤, [97-11] 소듐하이알루로네이트, [97-12] 레몬밤꽃/잎/줄기수*, [97-13] 로즈마리잎수*, [97-14] 나이아신아마이드, [97-15] 유칼립투스잎추출물*+, [97-16] 폴스애플민트잎추출물*, [97-17] 로즈힙열매추출물*, [97-18] 타임잎추출물*, [97-19] 토탄추출물+, [97-20] 양버들껍질/싹/잎/잔가지추출물+, [97-21] 프렌치로즈꽃추출물+, [97-22] 흰서양송로추출물+, [97-23] 비터오렌지꽃오일+, [97-24] 카퍼트라이펩타이드-1, [97-25] 폴리글리세릴-10스테아레이트, [97-26] 폴리글리세릴-10올리에이트, [97-27] 카프릴릭/카프릭트라이글리세라이드, [97-28] 말라카이트추출물, [97-29] 소듐시트레이트, [97-30] 시트릭애씨드, [97-31] 바이오사카라이드검-1, [97-32] 카페인, [97-33] 펜틸렌글라이콜, [97-34] 에리스리톨, [97-35] 에틸헥실글리세린, [97-36] 글라이신, [97-37] 메틸다이아이소프로필프로피온아마이드, [97-38] 로즈마리잎오일**, [97-39] 오렌지껍질오일**, [97-40] 라임전초오일**, [97-41] 센티드제라늄꽃오일**, [97-42] 리모넨, [97-43] 시트로넬올, [97-44] 제라니올, [97-45] 시트랄, [97-47] 부틸렌글라이콜, [97-48] 카프릴릭/카프릭트라이글리세라이드, [97-49] 1,2-헥산다이올, [97-50] 베타인, [97-51] 베헤닐알코올, [97-52] 판테놀, [97-53] 유칼립투스잎추출물*+, [97-54] 폴스애플민트잎추출물*, [97-55] 로즈힙열매추출물*, [97-56] 레몬밤꽃/잎/줄기수*, [97-57] 타임잎추출물*, [97-58] 로즈마리잎수*, [97-59] 비터오렌지꽃오일+, [97-60] 토탄추출물+, [97-61] 양버들껍질/싹/잎/잔가지추출물+, [97-62] 프렌치로즈꽃추출물+, [97-63] 흰서양송로추출물+, [97-64] 자일리톨, [97-65] 에리스리톨, [97-66] 소듐하이알루로네이트, [97-67] 카페인, [97-68] 카퍼트라이펩타이드-1, [97-69] 글라이신, [97-70] 베타-글루칸, [97-71] 나이아신아마이드, [97-72] 글리세릴폴리메타크릴레이트, [97-73] 트라이에틸헥사노인, [97-74] 카보머, [97-75] 다이메티콘, [97-76] 다이실록세인, [97-77] 트로메타민, [97-78] 글리세린, [97-79] 프로필렌글라이콜, [97-80] 스테아릴다이메티콘, [97-81] 락토바실러스/콩발효추출물, [97-82] C30-45알킬다이메티콘, [97-83] 토코페릴아세테이트, [97-84] 효모/감자추출물발효여과물, [97-85] 효모/보리씨발효여과물, [97-86] 트라이소듐이디티에이, [97-87] 말라카이트추출물, [97-88] 메틸다이아이소프로필프로피온아마이드, [97-89] 오렌지껍질오일**, [97-90] 라임전초오일**, [97-91] 센티드제라늄꽃오일**, [97-92] 로즈마리잎오일**, [97-93] 리모넨, [97-94] 시트로넬올, [97-95] 제라니올, [97-96] 시트랄, [97-97] 식물 유래 향"
"[8종히알루론산] 하다라보 고쿠쥰 프리미엄 로션 170mL","하다라보","170.0","170.0","ml","20000.0","14000","823.5","정제수, 부틸렌글라이콜, 펜틸렌글라이콜, 피피지-10메틸글루코오스에터, 다이프로필렌글라이콜, 다이글리세린, 하이드록시에틸우레아, 솔비톨, 카보머, 페녹시에탄올, 글라이코실트레할로오스, 다이소듐석시네이트, 프로판다이올, 소듐하이알루로네이트, 자일리틸글루코사이드, 하이드로제네이티드스타치하이드롤리세이트, 안하이드로자일리톨, 포타슘하이드록사이드, 아이소펜틸다이올, 다이소듐이디티에이, 석시닉애씨드, 자일리톨, 카프릴하이드록사믹애씨드, 잔탄검, 폴리쿼터늄-51, 하이드롤라이즈드하이알루로닉애씨드, C12-13알킬글리세릴하이드롤라이즈드하이알루로네이트, 소듐아세틸레이티드하이알루로네이트, 하이드롤라이즈드소듐하이알루로네이트, 락토코쿠스/하이알루로닉애씨드발효여과물, 하이드록시프로필트라이모늄하이알루로네이트, 아파노테케 사크룸엑소폴리사카라이즈, 소듐하이알루로네이트크로스폴리머","A000000146262","정제수","[33-2] 부틸렌글라이콜, [33-3] 펜틸렌글라이콜, [33-4] 피피지-10메틸글루코오스에터, [33-5] 다이프로필렌글라이콜, [33-6] 다이글리세린, [33-7] 하이드록시에틸우레아, [33-8] 솔비톨, [33-9] 카보머, [33-10] 페녹시에탄올, [33-11] 글라이코실트레할로오스, [33-12] 다이소듐석시네이트, [33-13] 프로판다이올, [33-14] 소듐하이알루로네이트, [33-15] 자일리틸글루코사이드, [33-16] 하이드로제네이티드스타치하이드롤리세이트, [33-17] 안하이드로자일리톨, [33-18] 포타슘하이드록사이드, [33-19] 아이소펜틸다이올, [33-20] 다이소듐이디티에이, [33-21] 석시닉애씨드, [33-22] 자일리톨, [33-23] 카프릴하이드록사믹애씨드, [33-24] 잔탄검, [33-25] 폴리쿼터늄-51, [33-26] 하이드롤라이즈드하이알루로닉애씨드, [33-27] C12-13알킬글리세릴하이드롤라이즈드하이알루로네이트, [33-28] 소듐아세틸레이티드하이알루로네이트, [33-29] 하이드롤라이즈드소듐하이알루로네이트, [33-30] 락토코쿠스/하이알루로닉애씨드발효여과물, [33-31] 하이드록시프로필트라이모늄하이알루로네이트, [33-32] 아파노테케 사크룸엑소폴리사카라이즈, [33-33] 소듐하이알루로네이트크로스폴리머"
"[대용량/속건조토너] 라로슈포제 똘러리앙 울트라 로션 400ML","라로슈포제","400.0","400.0","ml","","50000","1250.0","정제수 글리세린 다이프로필렌글라이콜 부틸렌글라이콜 프로필렌글라이콜 펜틸렌글라이콜 나이아신아마이드 카프릴릴글라이콜 시트릭애씨드 잔탄검","A000000139348","정제수","[10-2] 글리세린, [10-3] 다이프로필렌글라이콜, [10-4] 부틸렌글라이콜, [10-5] 프로필렌글라이콜, [10-6] 펜틸렌글라이콜, [10-7] 나이아신아마이드, [10-8] 카프릴릴글라이콜, [10-9] 시트릭애씨드, [10-10] 잔탄검"
"[온라인몰 단독기획]유리아쥬 제모스 토너 500ml 2입 기획","유리아쥬","500.0","1000.0","ml","76000.0","45600","456.0","정제수, 온천수, 글리세린, 부틸렌글라이콜, 페녹시에탄올, 소듐하이알루로네이트, 피브이피, 벤조익애씨드, 트로메타민","A000000206025","정제수","[9-2] 온천수, [9-3] 글리세린, [9-4] 부틸렌글라이콜, [9-5] 페녹시에탄올, [9-6] 소듐하이알루로네이트, [9-7] 피브이피, [9-8] 벤조익애씨드, [9-9] 트로메타민"
"피지오겔 DMT 에센스 인 토너 200ml (+토너 50ml)","피지오겔","200.0","250.0","ml","30000.0","21600","864.0","정제수, 다이프로필렌글라이콜, 글리세린, 1,2-헥산다이올, 헥실데실에틸헥사노에이트, 펜타에리스리틸테트라에틸헥사노에이트, 변성알코올, 베타인, 사이클로펜타실록세인, 아크릴레이트/C10-30알킬아크릴레이트크로스폴리머, 트로메타민, 다이메티콘, 피토스테롤, 소듐하이알루로네이트, 트라이소듐이디티에이, 세린, 소듐피씨에이, 하이드록시에틸우레아, 알지닌, 카프릴릭/카프릭트라이글리세라이드, 스쿠알란","A000000243679","정제수","[21-2] 다이프로필렌글라이콜, [21-3] 글리세린, [21-4] 1,2-헥산다이올, [21-5] 헥실데실에틸헥사노에이트, [21-6] 펜타에리스리틸테트라에틸헥사노에이트, [21-7] 변성알코올, [21-8] 베타인, [21-9] 사이클로펜타실록세인, [21-10] 아크릴레이트/C10-30알킬아크릴레이트크로스폴리머, [21-11] 트로메타민, [21-12] 다이메티콘, [21-13] 피토스테롤, [21-14] 소듐하이알루로네이트, [21-15] 트라이소듐이디티에이, [21-16] 세린, [21-17] 소듐피씨에이, [21-18] 하이드록시에틸우레아, [21-19] 알지닌, [21-20] 카프릴릭/카프릭트라이글리세라이드, [21-21] 스쿠알란"
"[저자극 각질 케어] 제로이드 핌프로브 토너 200ml","제로이드","200.0","200.0","ml","","33000","1650.0","정제수, 메틸프로판다이올, 1,2-헥산다이올, 글리세린, 카프릴로일살리실릭애씨드, 글라이콜릭애씨드, 락틱애씨드, 시트릭애씨드, 판테놀, 하이드롤라이즈드하이알루로닉애씨드, 베타인, 징크피씨에이, 소듐시트레이트, 미리스토일/팔미토일옥소스테아라마이드/아라카마이드엠이에이, 다이소듐이디티에이","A000000249581","정제수","[15-2] 메틸프로판다이올, [15-3] 1,2-헥산다이올, [15-4] 글리세린, [15-5] 카프릴로일살리실릭애씨드, [15-6] 글라이콜릭애씨드, [15-7] 락틱애씨드, [15-8] 시트릭애씨드, [15-9] 판테놀, [15-10] 하이드롤라이즈드하이알루로닉애씨드, [15-11] 베타인, [15-12] 징크피씨에이, [15-13] 소듐시트레이트, [15-14] 미리스토일/팔미토일옥소스테아라마이드/아라카마이드엠이에이, [15-15] 다이소듐이디티에이"
"[단독기획]인터미션 레스트업 세럼스킨 290ml","인터미션","290.0","290.0","ml","27200.0","23100","796.6","정제수, 부틸렌글라이콜, 글리세린, 나이아신아마이드, 1,2-헥산다이올, 병풀잎추출물, 트레할로오스, 알란토인, 에스에이치-올리고펩타이드-23에스피, 마데카소사이드, 아시아티코사이드, 마데카식애씨드, 아시아틱애씨드, 씨대퍼딜추출물, 소듐하이알루로네이트, 하이드롤라이즈드하이알루로닉애씨드, 하이드롤라이즈드소듐하이알루로네이트, 하이알루로닉애씨드, 하이드록시프로필트라이모늄하이알루로네이트, 포타슘하이알루로네이트, 펜틸렌글라이콜, 소듐하이알루로네이트크로스폴리머, 소듐아세틸레이티드하이알루로네이트, 세라마이드엔피, 마카다미아씨오일, 카프릴릭/카프릭트라이글리세라이드, 콜레스테롤, 유채스테롤, 하이드로제네이티드레시틴, 판테놀, 다이포타슘글리시리제이트, 스타아니스추출물, 아데노신, 셀룰로오스검, 잔탄검, 이눌린, 셀룰로오스, 글루코오스, 프룩토오스, 하이드록시에틸아크릴레이트/소듐아크릴로일다이메틸타우레이트코폴리머, 시트릭애씨드, 하이드록시아세토페논, 에틸헥실글리세린, 카프릴릴글라이콜, 다이소듐이디티에이","A000000210924","정제수","[45-2] 부틸렌글라이콜, [45-3] 글리세린, [45-4] 나이아신아마이드, [45-5] 1,2-헥산다이올, [45-6] 병풀잎추출물, [45-7] 트레할로오스, [45-8] 알란토인, [45-9] 에스에이치-올리고펩타이드-23에스피, [45-10] 마데카소사이드, [45-11] 아시아티코사이드, [45-12] 마데카식애씨드, [45-13] 아시아틱애씨드, [45-14] 씨대퍼딜추출물, [45-15] 소듐하이알루로네이트, [45-16] 하이드롤라이즈드하이알루로닉애씨드, [45-17] 하이드롤라이즈드소듐하이알루로네이트, [45-18] 하이알루로닉애씨드, [45-19] 하이드록시프로필트라이모늄하이알루로네이트, [45-20] 포타슘하이알루로네이트, [45-21] 펜틸렌글라이콜, [45-22] 소듐하이알루로네이트크로스폴리머, [45-23] 소듐아세틸레이티드하이알루로네이트, [45-24] 세라마이드엔피, [45-25] 마카다미아씨오일, [45-26] 카프릴릭/카프릭트라이글리세라이드, [45-27] 콜레스테롤, [45-28] 유채스테롤, [45-29] 하이드로제네이티드레시틴, [45-30] 판테놀, [45-31] 다이포타슘글리시리제이트, [45-32] 스타아니스추출물, [45-33] 아데노신, [45-34] 셀룰로오스검, [45-35] 잔탄검, [45-36] 이눌린, [45-37] 셀룰로오스, [45-38] 글루코오스, [45-39] 프룩토오스, [45-40] 하이드록시에틸아크릴레이트/소듐아크릴로일다이메틸타우레이트코폴리머, [45-41] 시트릭애씨드, [45-42] 하이드록시아세토페논, [45-43] 에틸헥실글리세린, [45-44] 카프릴릴글라이콜, [45-45] 다이소듐이디티에이"
"[1+1/피지케어] 비플레인 녹두 모공 클리어링 라하 토너 265ml 기획 (+265ml 리필팩)","비플레인","265.0","530.0","ml","24000.0","22800","430.2","정제수, 글리세린, 부틸렌글라이콜, 1,2-헥산다이올, 솔비톨, 하이드록시아세토페논, 프로판다이올, 글리세레스-25피씨에이아이소스테아레이트, 에틸헥실글리세린, 소듐시트레이트, 시트릭애씨드, 다이소듐이디티에이, 메틸다이아이소프로필프로피온아마이드, 녹두추출물(200ppm), 잔탄검, 하이알루로닉애씨드, 하이드롤라이즈드하이알루로닉애씨드, 소듐하이알루로네이트, 카프릴로일살리실릭애씨드(10ppm), 글루코노락톤, 녹두씨추출물(5ppm), 글루코오스, 사과추출물, 밤껍질추출물, 감나무잎추출물, 파파인, 유채싹추출물, 브루셀스프라우트추출물, 해바라기싹추출물, 녹두싹추출물(0.1ppm), 밀싹추출물, 아세틸헥사펩타이드-8, 카퍼트라이펩타이드-1, 다이펩타이드다이아미노부티로일벤질아마이드다이아세테이트, 헥사펩타이드-9, 노나펩타이드-1, 팔미토일헥사펩타이드-12, 팔미토일펜타펩타이드-4, 팔미토일테트라펩타이드-7, 팔미토일트라이펩타이드-1, 팔미토일트라이펩타이드-5, 펜타펩타이드-3, 트라이펩타이드-1","A000000214672","정제수","[43-2] 글리세린, [43-3] 부틸렌글라이콜, [43-4] 1,2-헥산다이올, [43-5] 솔비톨, [43-6] 하이드록시아세토페논, [43-7] 프로판다이올, [43-8] 글리세레스-25피씨에이아이소스테아레이트, [43-9] 에틸헥실글리세린, [43-10] 소듐시트레이트, [43-11] 시트릭애씨드, [43-12] 다이소듐이디티에이, [43-13] 메틸다이아이소프로필프로피온아마이드, [43-14] 녹두추출물(200ppm), [43-15] 잔탄검, [43-16] 하이알루로닉애씨드, [43-17] 하이드롤라이즈드하이알루로닉애씨드, [43-18] 소듐하이알루로네이트, [43-19] 카프릴로일살리실릭애씨드(10ppm), [43-20] 글루코노락톤, [43-21] 녹두씨추출물(5ppm), [43-22] 글루코오스, [43-23] 사과추출물, [43-24] 밤껍질추출물, [43-25] 감나무잎추출물, [43-26] 파파인, [43-27] 유채싹추출물, [43-28] 브루셀스프라우트추출물, [43-29] 해바라기싹추출물, [43-30] 녹두싹추출물(0.1ppm), [43-31] 밀싹추출물, [43-32] 아세틸헥사펩타이드-8, [43-33] 카퍼트라이펩타이드-1, [43-34] 다이펩타이드다이아미노부티로일벤질아마이드다이아세테이트, [43-35] 헥사펩타이드-9, [43-36] 노나펩타이드-1, [43-37] 팔미토일헥사펩타이드-12, [43-38] 팔미토일펜타펩타이드-4, [43-39] 팔미토일테트라펩타이드-7, [43-40] 팔미토일트라이펩타이드-1, [43-41] 팔미토일트라이펩타이드-5, [43-42] 펜타펩타이드-3, [43-43] 트라이펩타이드-1"
"[첫수분토너/대용량] 웰라쥬 리얼 히알루로닉 100 토너 300ml 기획 (+화장솜 60매)","웰라쥬","300.0","300.0","ml","","28000","933.3","하이드롤라이즈드하이알루로닉애씨드(932601.50052ppm), 글리세린, 프로판다이올, 하이드로제네이티드레시틴, 소듐하이알루로네이트(1.0052ppm), 1,2-헥산다이올, 알지닌, 벤질글라이콜, 베타인, 부틸렌글라이콜, 카프릴릴/카프릭트라이글리세라이드, 시트릭애씨드, 다이메틸실란올하이알루로네이트, 다이소듐이디티에이, 에틸헥실글리세린, 글라이신, 히스티딘, 하이알루로닉애씨드(1.00001ppm), 하이드롤라이즈드글라이코사미노글리칸(0.0056ppm), 하이드롤라이즈드소듐하이알루로네이트(1.5ppm), 하이드록시프로필트라이모늄하이알루로네이트(0.80012ppm), 라이소레시틴, 포타슘하이알루로네이트, 세린, 소듐아세틸레이티드하이알루로네이트(0.400002ppm), 소듐시트레이트, 소듐하이알루로네이트크로스폴리머(0.801ppm), 소듐하이알루로네이트다이메틸실란올, 소듐피씨에이, 소듐스테아로일글루타메이트, 수크로오스라우레이트, 토코페롤, 정제수, 잔탄검","A000000188874","정제수","[34-1] 하이드롤라이즈드하이알루로닉애씨드(932601.50052ppm), [34-2] 글리세린, [34-3] 프로판다이올, [34-4] 하이드로제네이티드레시틴, [34-5] 소듐하이알루로네이트(1.0052ppm), [34-6] 1,2-헥산다이올, [34-7] 알지닌, [34-8] 벤질글라이콜, [34-9] 베타인, [34-10] 부틸렌글라이콜, [34-11] 카프릴릴/카프릭트라이글리세라이드, [34-12] 시트릭애씨드, [34-13] 다이메틸실란올하이알루로네이트, [34-14] 다이소듐이디티에이, [34-15] 에틸헥실글리세린, [34-16] 글라이신, [34-17] 히스티딘, [34-18] 하이알루로닉애씨드(1.00001ppm), [34-19] 하이드롤라이즈드글라이코사미노글리칸(0.0056ppm), [34-20] 하이드롤라이즈드소듐하이알루로네이트(1.5ppm), [34-21] 하이드록시프로필트라이모늄하이알루로네이트(0.80012ppm), [34-22] 라이소레시틴, [34-23] 포타슘하이알루로네이트, [34-24] 세린, [34-25] 소듐아세틸레이티드하이알루로네이트(0.400002ppm), [34-26] 소듐시트레이트, [34-27] 소듐하이알루로네이트크로스폴리머(0.801ppm), [34-28] 소듐하이알루로네이트다이메틸실란올, [34-29] 소듐피씨에이, [34-30] 소듐스테아로일글루타메이트, [34-31] 수크로오스라우레이트, [34-32] 토코페롤, [34-34] 잔탄검"
"[시카보다 4배*강한] 한율 어린쑥 수분진정 토너 150ml","한율","150.0","150.0","ml","27000.0","21600","1440.0","정제수, 부틸렌글라이콜, 베타인, 글리세린, 황해쑥잎수(18,944 ppm), 1,2-헥산다이올, 판테놀(5,000 ppm), 피피지-13-데실테트라데세스-24, 2,3-부탄다이올, 향료, 에틸헥실글리세린, 잔탄검, 다이소듐이디티에이, 프로판다이올, 레시틴, 락토바실러스발효물, 이눌린라우릴카바메이트, 황해쑥잎추출물(10 ppm), 토코페롤, 병풀꽃/잎/줄기추출물","A000000183751","정제수","[22-2] 부틸렌글라이콜, [22-3] 베타인, [22-4] 글리세린, [22-5] 황해쑥잎수(18, [22-6] 944 ppm), [22-7] 1,2-헥산다이올, [22-8] 판테놀(5, [22-9] 000 ppm), [22-10] 피피지-13-데실테트라데세스-24, [22-11] 2,3-부탄다이올, [22-12] 향료, [22-13] 에틸헥실글리세린, [22-14] 잔탄검, [22-15] 다이소듐이디티에이, [22-16] 프로판다이올, [22-17] 레시틴, [22-18] 락토바실러스발효물, [22-19] 이눌린라우릴카바메이트, [22-20] 황해쑥잎추출물(10 ppm), [22-21] 토코페롤, [22-22] 병풀꽃/잎/줄기추출물"
"에센허브 티트리 90 카밍 토너 320ml","에센허브","320.0","320.0","ml","","21000","656.2","티트리잎추출물, 부틸렌글라이콜, 나이아신아마이드, 디프로필렌글라이콜, 디메칠이미다졸리디논쌀전분, 글리세린, 트레할로스, 베타인, 자몽추출물, 유자추출물, 유칼립투스잎추출물, 클로브꽃추출물, 고삼추출물, 알란토인, 티트리잎오일, 피피지-26-부테스-26, 피이지-40하이드로제네이티드캐스터오일, 1,2-헥산디올, 카프릴릴글라이콜, 아데노신, 팔각회향추출물, 디포타슘글리시리제이트, 시트릭애씨드, 멘톡시프로판디올, 슈가켈프추출물, 위치하젤잎수, 알로에베라잎추출물, 병풀추출물, 카페인, 토코페릴아세테이트, 디소듐이디티에이","A000000170638","","[31-1] 티트리잎추출물, [31-2] 부틸렌글라이콜, [31-3] 나이아신아마이드, [31-4] 디프로필렌글라이콜, [31-5] 디메칠이미다졸리디논쌀전분, [31-6] 글리세린, [31-7] 트레할로스, [31-8] 베타인, [31-9] 자몽추출물, [31-10] 유자추출물, [31-11] 유칼립투스잎추출물, [31-12] 클로브꽃추출물, [31-13] 고삼추출물, [31-14] 알란토인, [31-15] 티트리잎오일, [31-16] 피피지-26-부테스-26, [31-17] 피이지-40하이드로제네이티드캐스터오일, [31-18] 1,2-헥산디올, [31-19] 카프릴릴글라이콜, [31-20] 아데노신, [31-21] 팔각회향추출물, [31-22] 디포타슘글리시리제이트, [31-23] 시트릭애씨드, [31-24] 멘톡시프로판디올, [31-25] 슈가켈프추출물, [31-26] 위치하젤잎수, [31-27] 알로에베라잎추출물, [31-28] 병풀추출물, [31-29] 카페인, [31-30] 토코페릴아세테이트, [31-31] 디소듐이디티에이"
"비오템 옴므 아쿠아파워 토너 200ml","비오템","200.0","200.0","ml","63000.0","52290","2614.5","정제수, 변성알코올, 글리세린, 부틸렌글라이콜, 디메치콘, 이소도데칸, 펜타에리스리틸테트라에칠헥사노에이트, 페녹시에탄올, 향료, 헥실렌글라이콜, 아크릴레이트/C10-30알킬아크릴레이트크로스폴리머, 토코페릴아세테이트, 트리에탄올아민, 판테놀, 프룩토오스, 비에이치티, 글루코오스, 디메치콘올, 바이오사카라이드검-1, 아스코빌글루코사이드, 멘톡시프로판디올, 과물시계꽃씨오일, 행인오일, 옥수수오일, 비트레오실라발효물, 쌀겨오일, 리날룰, 리모넨, 우레아, 마그네슘피씨에이 포타슘피씨에이, 징크피씨에이, 2-올레아미도-1,3-옥타데칸디올, 부틸페닐메칠프로피오날, 벤질살리실레이트, 덱스트린, 쿠마린, 시트로넬올, 하이드록시이소헥실3-사이클로헥센카복스알데하이드 카퍼피씨에이, 아스파틱애씨드, 알라닌, 망가니즈글루코네이트, 헥실니코티네이트, 글루타믹애씨드, 슈크로오스","A000000137445","정제수","[45-2] 변성알코올, [45-3] 글리세린, [45-4] 부틸렌글라이콜, [45-5] 디메치콘, [45-6] 이소도데칸, [45-7] 펜타에리스리틸테트라에칠헥사노에이트, [45-8] 페녹시에탄올, [45-9] 향료, [45-10] 헥실렌글라이콜, [45-11] 아크릴레이트/C10-30알킬아크릴레이트크로스폴리머, [45-12] 토코페릴아세테이트, [45-13] 트리에탄올아민, [45-14] 판테놀, [45-15] 프룩토오스, [45-16] 비에이치티, [45-17] 글루코오스, [45-18] 디메치콘올, [45-19] 바이오사카라이드검-1, [45-20] 아스코빌글루코사이드, [45-21] 멘톡시프로판디올, [45-22] 과물시계꽃씨오일, [45-23] 행인오일, [45-24] 옥수수오일, [45-25] 비트레오실라발효물, [45-26] 쌀겨오일, [45-27] 리날룰, [45-28] 리모넨, [45-29] 우레아, [45-30] 마그네슘피씨에이 포타슘피씨에이, [45-31] 징크피씨에이, [45-32] 2-올레아미도-1, [45-33] 3-옥타데칸디올, [45-34] 부틸페닐메칠프로피오날, [45-35] 벤질살리실레이트, [45-36] 덱스트린, [45-37] 쿠마린, [45-38] 시트로넬올, [45-39] 하이드록시이소헥실3-사이클로헥센카복스알데하이드 카퍼피씨에이, [45-40] 아스파틱애씨드, [45-41] 알라닌, [45-42] 망가니즈글루코네이트, [45-43] 헥실니코티네이트, [45-44] 글루타믹애씨드, [45-45] 슈크로오스"
"[흔적미백] 넘버즈인 5번 글루타치온씨 비타수액 에센셜 토너 200ml 리필 기획(+200ml 리필)","넘버즈인","200.0","400.0","ml","36000.0","24900","622.5","정제수,다이프로필렌글라이콜,글리세린,나이아신아마이드,1,2-헥산다이올,부틸렌글라이콜,폴리글리세린-3,비타민나무수,아크릴레이트/C10-30알킬아크릴레이트크로스폴리머,트로메타민,에리스리톨,펜틸렌글라이콜,3-O-에틸아스코빅애씨드,에틸헥실글리세린,폴리글리세릴-4카프레이트,아데노신,글루타티온,하이드로제네이티드레시틴,다이소듐이디티에이,마데카소사이드,황련뿌리추출물,데실글루코사이드,카프릴릴글라이콜,세라마이드엔피,아스코빅애씨드,비사보롤,판테놀,토코페롤,알부틴,아세틸헥사펩타이드-8,헥사펩타이드-9,노나펩타이드-1,팔미토일펜타펩타이드-4,팔미토일트라이펩타이드-1,팔미토일테트라펩타이드-7","A000000211164","정제수","[35-2] 다이프로필렌글라이콜, [35-3] 글리세린, [35-4] 나이아신아마이드, [35-5] 1,2-헥산다이올, [35-6] 부틸렌글라이콜, [35-7] 폴리글리세린-3, [35-8] 비타민나무수, [35-9] 아크릴레이트/C10-30알킬아크릴레이트크로스폴리머, [35-10] 트로메타민, [35-11] 에리스리톨, [35-12] 펜틸렌글라이콜, [35-13] 3-O-에틸아스코빅애씨드, [35-14] 에틸헥실글리세린, [35-15] 폴리글리세릴-4카프레이트, [35-16] 아데노신, [35-17] 글루타티온, [35-18] 하이드로제네이티드레시틴, [35-19] 다이소듐이디티에이, [35-20] 마데카소사이드, [35-21] 황련뿌리추출물, [35-22] 데실글루코사이드, [35-23] 카프릴릴글라이콜, [35-24] 세라마이드엔피, [35-25] 아스코빅애씨드, [35-26] 비사보롤, [35-27] 판테놀, [35-28] 토코페롤, [35-29] 알부틴, [35-30] 아세틸헥사펩타이드-8, [35-31] 헥사펩타이드-9, [35-32] 노나펩타이드-1, [35-33] 팔미토일펜타펩타이드-4, [35-34] 팔미토일트라이펩타이드-1, [35-35] 팔미토일테트라펩타이드-7"
"[1등토너] 라운드랩 1025 독도 토너 200ml 기획 (+50ml)","라운드랩","200.0","250.0","ml","15000.0","13500","540.0","정제수, 부틸렌글라이콜, 글리세린, 펜틸렌글라이콜, 프로판다이올, 아이리쉬모스추출물, 사탕수수추출물, 해수, 1,2-헥산다이올, 프로테아제, 베타인, 판테놀, 에틸헥실글리세린, 알란토인, 잔탄검, 다이소듐이디티에이","A000000132162","정제수","[16-2] 부틸렌글라이콜, [16-3] 글리세린, [16-4] 펜틸렌글라이콜, [16-5] 프로판다이올, [16-6] 아이리쉬모스추출물, [16-7] 사탕수수추출물, [16-8] 해수, [16-9] 1,2-헥산다이올, [16-10] 프로테아제, [16-11] 베타인, [16-12] 판테놀, [16-13] 에틸헥실글리세린, [16-14] 알란토인, [16-15] 잔탄검, [16-16] 다이소듐이디티에이"
"라로슈포제 똘러리앙 울트라 로션 200ML","라로슈포제","200.0","200.0","ml","","33000","1650.0","정제수 글리세린 다이프로필렌글라이콜 부틸렌글라이콜 프로필렌글라이콜 펜틸렌글라이콜 나이아신아마이드 카프릴릴글라이콜 시트릭애씨드 잔탄검","A000000139347","정제수","[10-2] 글리세린, [10-3] 다이프로필렌글라이콜, [10-4] 부틸렌글라이콜, [10-5] 프로필렌글라이콜, [10-6] 펜틸렌글라이콜, [10-7] 나이아신아마이드, [10-8] 카프릴릴글라이콜, [10-9] 시트릭애씨드, [10-10] 잔탄검"
"[단독기획] 원씽 병풀추출물 150ml 더블 기획 (+병풀 수딩 마스크 2매)","원씽","150.0","300.0","ml","28000.0","19000","633.3","원씽 병풀추출물 150ml: 병풀잎수(94%), 부틸렌글라이콜, 1,2 -헥산다이올, 병풀추출물(1%)
원씽 병풀 수딩 마스크팩 20ml: 정제수, 부틸렌글라이콜, 글리세린, 1,2-헥산다이올, 하이드록시아세토페논, 알란토인, 병풀잎수(990ppm), 알지닌, 아크릴레이트 /C10-30알킬아크릴레이트크로스폴리머, 프로판다이올, 다이소듐이디티에이, 덱스트린, 카카오추출물, 병풀추출물(100 ppm), 판테놀, 올리브오일, 카프릴릭/카프릭트라이글리세라이드, 시어버터, 하이드로제네이티드레시틴, 스쿠알란, 소듐하이알루로네이트, 하이알루로닉애씨드, 하이드롤라이즈드소듐하이알루로네이트, 하이드롤라이즈드하이알루로닉애씨드, 다이메틸실란올하이알루로네이트, 포타슘하이알루로네이트, 소듐하이알루로네이트크로스폴리머, 하이드록시프로필트라이 모늄하이알루로네이트, 소듐하이알루로네이트다이메틸실란올, 소듐아세틸레이티드하이알루로네이트, 세라마이드엔피, 콜레스테롤, 피토스핑고신","A000000257591","정제수","[36-1] 병풀잎수(94%), [36-2] 부틸렌글라이콜, [36-3] 1,2 -헥산다이올, [36-5] 부틸렌글라이콜, [36-6] 글리세린, [36-7] 1,2-헥산다이올, [36-8] 하이드록시아세토페논, [36-9] 알란토인, [36-10] 병풀잎수(990ppm), [36-11] 알지닌, [36-12] 아크릴레이트 /C10-30알킬아크릴레이트크로스폴리머, [36-13] 프로판다이올, [36-14] 다이소듐이디티에이, [36-15] 덱스트린, [36-16] 카카오추출물, [36-17] 병풀추출물(100 ppm), [36-18] 판테놀, [36-19] 올리브오일, [36-20] 카프릴릭/카프릭트라이글리세라이드, [36-21] 시어버터, [36-22] 하이드로제네이티드레시틴, [36-23] 스쿠알란, [36-24] 소듐하이알루로네이트, [36-25] 하이알루로닉애씨드, [36-26] 하이드롤라이즈드소듐하이알루로네이트, [36-27] 하이드롤라이즈드하이알루로닉애씨드, [36-28] 다이메틸실란올하이알루로네이트, [36-29] 포타슘하이알루로네이트, [36-30] 소듐하이알루로네이트크로스폴리머, [36-31] 하이드록시프로필트라이 모늄하이알루로네이트, [36-32] 소듐하이알루로네이트다이메틸실란올, [36-33] 소듐아세틸레이티드하이알루로네이트, [36-34] 세라마이드엔피, [36-35] 콜레스테롤, [36-36] 피토스핑고신"
"식물나라 어린녹차 촉촉 진정토너 500mL","식물나라","500.0","500.0","ml","15800.0","10800","216.0","정제수, 부틸렌글라이콜, 글리세린, 1,2-헥산다이올, 녹차수, 베타인, 카보머, 트로메타민, 에틸헥실글리세린, 카카오씨추출물, 소듐파이테이트, 황련뿌리추출물, 보검선인장줄기추출물, 소나무잎추출물, 트루로즈오브예리코추출물, 토코페롤, 돌나물추출물","A000000203171","정제수","[17-2] 부틸렌글라이콜, [17-3] 글리세린, [17-4] 1,2-헥산다이올, [17-5] 녹차수, [17-6] 베타인, [17-7] 카보머, [17-8] 트로메타민, [17-9] 에틸헥실글리세린, [17-10] 카카오씨추출물, [17-11] 소듐파이테이트, [17-12] 황련뿌리추출물, [17-13] 보검선인장줄기추출물, [17-14] 소나무잎추출물, [17-15] 트루로즈오브예리코추출물, [17-16] 토코페롤, [17-17] 돌나물추출물"
"[화잘먹] 넘버즈인 3번 보들보들 퍼스트 결부스팅 토너 200ml 기획 (+50ml)","넘버즈인","200.0","250.0","ml","24000.0","18000","720.0","비피다발효용해물, 갈락토미세스발효여과물, 정제수, 부틸렌글라이콜, 다이글리세린, 나이아신아마이드, 펜틸렌글라이콜, 1,2-헥산다이올, 글리세린, 소듐하이알루로네이트, 황련추출물, 백미꽃추출물, 접시꽃추출물, 붉은토끼풀꽃추출물, 하이알루로닉애씨드, 하이드롤라이즈드하이알루로닉애씨드, 다이프로필렌글라이콜, 메틸프로판다이올, 라피노오스, 합성왁스, 프로판다이올, 스쿠알란, 아데노신, 하이드로제네이티드레시틴, 알란토인, 폴리글리세릴-10스테아레이트, 판테놀, 다이포타슘글리시리제이트, 세라마이드엔피, 콜레스테롤, 스테아릭애씨드, 에틸헥실글리세린, 팔미틱애씨드, 코직애씨드, 토코페롤, 아이소펜틸다이올, 바쿠치올, 하이드록시에틸셀룰로오스, 에틸헥실팔미테이트, 세틸에틸헥사노에이트, 폴리글리세릴-10올리에이트, 다이소듐이디티에이, 잔탄검, 카라멜","A000000250711","정제수","[44-1] 비피다발효용해물, [44-2] 갈락토미세스발효여과물, [44-4] 부틸렌글라이콜, [44-5] 다이글리세린, [44-6] 나이아신아마이드, [44-7] 펜틸렌글라이콜, [44-8] 1,2-헥산다이올, [44-9] 글리세린, [44-10] 소듐하이알루로네이트, [44-11] 황련추출물, [44-12] 백미꽃추출물, [44-13] 접시꽃추출물, [44-14] 붉은토끼풀꽃추출물, [44-15] 하이알루로닉애씨드, [44-16] 하이드롤라이즈드하이알루로닉애씨드, [44-17] 다이프로필렌글라이콜, [44-18] 메틸프로판다이올, [44-19] 라피노오스, [44-20] 합성왁스, [44-21] 프로판다이올, [44-22] 스쿠알란, [44-23] 아데노신, [44-24] 하이드로제네이티드레시틴, [44-25] 알란토인, [44-26] 폴리글리세릴-10스테아레이트, [44-27] 판테놀, [44-28] 다이포타슘글리시리제이트, [44-29] 세라마이드엔피, [44-30] 콜레스테롤, [44-31] 스테아릭애씨드, [44-32] 에틸헥실글리세린, [44-33] 팔미틱애씨드, [44-34] 코직애씨드, [44-35] 토코페롤, [44-36] 아이소펜틸다이올, [44-37] 바쿠치올, [44-38] 하이드록시에틸셀룰로오스, [44-39] 에틸헥실팔미테이트, [44-40] 세틸에틸헥사노에이트, [44-41] 폴리글리세릴-10올리에이트, [44-42] 다이소듐이디티에이, [44-43] 잔탄검, [44-44] 카라멜"
"이즈앤트리 초저분자 히아루론산 토너 300ml 리필기획 (+200ml 리필 + 미스트 펌프 + 늘어나는 화장솜)","이즈앤트리","300.0","500.0","ml","33500.0","22500","450.0","정제수, 메틸프로판다이올, 1,2-헥산다이올, 해수, 글리세린, 베타인, 알란토인, 부틸렌글라이콜, 카프릴릴글라이콜, 에틸헥실글리세린, 판테놀, 잔탄검, 말라카이트추출물, 다이소듐이디티에이, 하이드롤라이즈드하이알루로닉애씨드, 펜틸렌글라이콜, 자일리틸글루코사이드, 안하이드로자일리톨, 소듐하이알루로네이트, 자일리톨, 포타슘하이알루로네이트, 글루코오스, 다이메틸실란올하이알루로네이트, 소듐아세틸레이티드하이알루로네이트, 소듐하이알루로네이트크로스폴리머, 하이드록시프로필트라이모늄하이알루로네이트, 하이드롤라이즈드소듐하이알루로네이트, 하이드롤라이즈드칼슘하이알루로네이트, 하이알루로닉애씨드, 버지니아풍년화추출물, 소듐설페이티드하이알루로네이트, 편백잎추출물, 소듐스테아로일하이알루로네이트, 소듐올레오일하이알루로네이트

히아루론산 총량 140ppm*","A000000256752","정제수","[34-2] 메틸프로판다이올, [34-3] 1,2-헥산다이올, [34-4] 해수, [34-5] 글리세린, [34-6] 베타인, [34-7] 알란토인, [34-8] 부틸렌글라이콜, [34-9] 카프릴릴글라이콜, [34-10] 에틸헥실글리세린, [34-11] 판테놀, [34-12] 잔탄검, [34-13] 말라카이트추출물, [34-14] 다이소듐이디티에이, [34-15] 하이드롤라이즈드하이알루로닉애씨드, [34-16] 펜틸렌글라이콜, [34-17] 자일리틸글루코사이드, [34-18] 안하이드로자일리톨, [34-19] 소듐하이알루로네이트, [34-20] 자일리톨, [34-21] 포타슘하이알루로네이트, [34-22] 글루코오스, [34-23] 다이메틸실란올하이알루로네이트, [34-24] 소듐아세틸레이티드하이알루로네이트, [34-25] 소듐하이알루로네이트크로스폴리머, [34-26] 하이드록시프로필트라이모늄하이알루로네이트, [34-27] 하이드롤라이즈드소듐하이알루로네이트, [34-28] 하이드롤라이즈드칼슘하이알루로네이트, [34-29] 하이알루로닉애씨드, [34-30] 버지니아풍년화추출물, [34-31] 소듐설페이티드하이알루로네이트, [34-32] 편백잎추출물, [34-33] 소듐스테아로일하이알루로네이트, [34-34] 히아루론산 총량 140ppm*"
"[화잘먹/각질제거부스터]폴라초이스 스킨퍼펙팅 바하 리퀴드 엑스폴리언트 118ml","폴라초이스","118.0","118.0","ml","39000.0","29250","2478.8","정제수, 프로필렌글라이콜, 나이아신아마이드, 펜틸렌글라이콜, 글리세린, 살리실릭애씨드(0.5%), 흰버드나무껍질추출물(0.5%), 피이지/피피지-17/6코폴리머, 폴리솔베이트20, 비스-피이지-18메틸에터다이메틸실레인, 소듐파이테이트, 10-하이드록시데카노익애씨드, 알란토인, 다이포타슘글리시리제이트, 카프릴릴글라이콜, 페녹시에탄올, 클로페네신, 소듐하이드록사이드, 1,2-헥산다이올, 소듐하이알루로네이트, 비에이치티","A000000243855","정제수","[21-2] 프로필렌글라이콜, [21-3] 나이아신아마이드, [21-4] 펜틸렌글라이콜, [21-5] 글리세린, [21-6] 살리실릭애씨드(0.5%), [21-7] 흰버드나무껍질추출물(0.5%), [21-8] 피이지/피피지-17/6코폴리머, [21-9] 폴리솔베이트20, [21-10] 비스-피이지-18메틸에터다이메틸실레인, [21-11] 소듐파이테이트, [21-12] 10-하이드록시데카노익애씨드, [21-13] 알란토인, [21-14] 다이포타슘글리시리제이트, [21-15] 카프릴릴글라이콜, [21-16] 페녹시에탄올, [21-17] 클로페네신, [21-18] 소듐하이드록사이드, [21-19] 1,2-헥산다이올, [21-20] 소듐하이알루로네이트, [21-21] 비에이치티"
"클럽맨피노드 오리지날 에프터쉐이브로션 177ml","클럽맨피노드","177.0","177.0","ml","","20000","1129.9","변성알코올, 정제수, 향료, 벤질알코올, 벤질벤조에이트, 벤질살리실레이트, 시트랄, 시트로넬올, 리모넨, 제라니올, 하이드록시시트로넬알, 리날룰, 참나무이끼추출물, 나무이끼추출물, 황색4호, 황색5호","A000000124507","정제수","[16-1] 변성알코올, [16-3] 향료, [16-4] 벤질알코올, [16-5] 벤질벤조에이트, [16-6] 벤질살리실레이트, [16-7] 시트랄, [16-8] 시트로넬올, [16-9] 리모넨, [16-10] 제라니올, [16-11] 하이드록시시트로넬알, [16-12] 리날룰, [16-13] 참나무이끼추출물, [16-14] 나무이끼추출물, [16-15] 황색4호, [16-16] 황색5호"
"[증정기획 진정PDRN] 헤브블루 살몬 PDRN 센텔라 토너 200ml 기획 (+연어 크림 20ml)","헤브블루","200.0","220.0","ml","41900.0","26800","1218.2","살몬 케어링 센텔라 토너
병풀잎수(828,168ppm), 정제수, 부틸렌글라이콜, 약모밀수(30,380ppm), 프로판다이올, 글리세린, 1,2-헥산다이올, 연어알추출물(1,500ppm), 알란토인, 판테놀, 에틸헥실글리세린, 소듐하이알루로네이트, 다이소듐이디티에이, 말토덱스트린, 아보카도열매추출물, 덱스트린, 카카오추출물, 쇠비름추출물, 마데카소사이드, 소듐디엔에이이

살몬 케어링 센텔라 크림
병풀잎수(625,219ppm), 부틸렌글라이콜, 글리세린, 카프릴릭/카프릭트라이글리세라이드, 하이드로제네이티드폴리(C6-14올레핀), 정제수, 프로판다이올, 다이프로필렌글라이콜, 펜타에리스리틸테트라에틸헥사 노에이트, 1,2-헥산다이올, 사이클로헥사실록세인, 해바라기씨오일, 세테아릴올리베이트, 솔비탄올리베이트, 암모늄아크릴로일다이메틸타우레이트/브이피코폴리머, 아크릴레이트/C10-30알킬아크릴레이트크로스폴리머, 트로메타민, 연어알추출물(1,500ppm), 소듐폴리아크릴레이트, 베타인, 판테놀, 녹차수, 소듐하이알루로네이트, 에틸헥실글리세린, 잔탄검, 아데노신, 다이소듐이디티에이, 덱스트린, 쇠비름추출물, 하이드롤라이즈드콜라겐, 카카오추출물, 토코페롤, 하이알루로닉애씨드, 마데카소사이드, 소듐디엔에이, 말토덱스트린, 아보카도열매추출물, 하이드롤라이즈드하이알루로닉애씨드","A000000210415","정제수","[62-1] 병풀잎수(828, [62-2] 168ppm), [62-4] 부틸렌글라이콜, [62-5] 약모밀수(30, [62-6] 380ppm), [62-7] 프로판다이올, [62-8] 글리세린, [62-9] 1,2-헥산다이올, [62-10] 연어알추출물(1, [62-11] 500ppm), [62-12] 알란토인, [62-13] 판테놀, [62-14] 에틸헥실글리세린, [62-15] 소듐하이알루로네이트, [62-16] 다이소듐이디티에이, [62-17] 말토덱스트린, [62-18] 아보카도열매추출물, [62-19] 덱스트린, [62-20] 카카오추출물, [62-21] 쇠비름추출물, [62-22] 마데카소사이드, [62-23] 병풀잎수(625, [62-24] 219ppm), [62-25] 부틸렌글라이콜, [62-26] 글리세린, [62-27] 카프릴릭/카프릭트라이글리세라이드, [62-28] 하이드로제네이티드폴리(C6-14올레핀), [62-30] 프로판다이올, [62-31] 다이프로필렌글라이콜, [62-32] 펜타에리스리틸테트라에틸헥사 노에이트, [62-33] 1,2-헥산다이올, [62-34] 사이클로헥사실록세인, [62-35] 해바라기씨오일, [62-36] 세테아릴올리베이트, [62-37] 솔비탄올리베이트, [62-38] 암모늄아크릴로일다이메틸타우레이트/브이피코폴리머, [62-39] 아크릴레이트/C10-30알킬아크릴레이트크로스폴리머, [62-40] 트로메타민, [62-41] 연어알추출물(1, [62-42] 500ppm), [62-43] 소듐폴리아크릴레이트, [62-44] 베타인, [62-45] 판테놀, [62-46] 녹차수, [62-47] 소듐하이알루로네이트, [62-48] 에틸헥실글리세린, [62-49] 잔탄검, [62-50] 아데노신, [62-51] 다이소듐이디티에이, [62-52] 덱스트린, [62-53] 쇠비름추출물, [62-54] 하이드롤라이즈드콜라겐, [62-55] 카카오추출물, [62-56] 토코페롤, [62-57] 하이알루로닉애씨드, [62-58] 마데카소사이드, [62-59] 소듐디엔에이, [62-60] 말토덱스트린, [62-61] 아보카도열매추출물, [62-62] 하이드롤라이즈드하이알루로닉애씨드"
