"goods_no","product_name","brand_name","ml_표시용량","ml_추정총용량","용량_단위","price_regular","price_sale","price_per_10ml","ingredient"
"A000000259555","[26년 신형/보습광채] 달바 퍼스트 스프레이 세럼 펩타이드 100ml 더블기획","달바","100.0","200.0","ml","59800","37200","1860.0","정제수, 부틸렌글라이콜, 글리세레스-26, 에톡시다이글라이콜, 나이아신아마이드, 폴리프로필실세스퀴옥세인, 해바라기씨오일, 흰서양송로수, 다이프로필렌글라이콜, 1,2-헥산다이올, 솔비톨, 하이드록시에틸우레아, 아보카도오일, 바질꽃/잎/줄기추출물, 멕시칸치아씨추출물, 다이펩타이드-15, 흰서양송로추출물, 베타인, 귀리커넬추출물, 다이소듐이디티에이, 아데노신, 돌콩오일, 알지닌, 카보머, 다이포타슘글리시리제이트, 하이드롤라이즈드하이알루로닉애씨드, 아나토씨오일, 글리세린, 소듐팔미토일프롤린, 데이지꽃추출물, 프리지아추출물, 약모밀추출물, 에델바이스추출물, 마돈나백합꽃추출물, 뽕나무껍질추출물, 연꽃추출물, 인삼추출물, 스노우로투스추출물, 비피다발효용해물, 포타슘솔베이트, 알바수련꽃추출물, 하이드록시아세토페논, 카프릴릴글라이콜, 토코페릴아세테이트, 토코페롤, 향료, 리날룰, 헥실신남알, 리모넨, 시트로넬올"
"A000000255680","[청담샵화잘먹] 메디큐브 PDRN 핑크 콜라겐 글로우 젤리 미스트 100ml 더블기획(+미스트 공병키링)","메디큐브","100.0","200.0","ml","47800","29700","1485.0","콜라겐수(80.9%), 아이소프로필미리스테이트, 글리세린, 나이아신아마이드, 1,2-헥산다이올, 정제수, 소듐클로라이드, 메도우폼씨오일, 부틸렌글라이콜, 하이드록시아세토페논, 프로판다이올, 젤란검, 소듐디엔에이(1,081ppm), 해바라기씨오일, 에틸헥실글리세린, 아데노신, 트라이에틸시트레이트, 옥수수커넬추출물, 알칸나뿌리추출물, 다이소듐이디티에이, 토코페롤, 하이알루로닉애씨드, 하이드롤라이즈드하이알루로닉애씨드, 소듐하이알루로네이트, 콜라겐(10.8ppm), 프룩탄, 만주자작나무껍질/잎추출물, 피마자씨오일, 글루코오스, 레몬그라스잎오일, 스타아니스열매/씨오일, 스쿠알란, 글루타티온, 하이드롤라이즈드엘라스틴, 연어알추출물, 말토덱스트린, 카프릴릭/카프릭트라이글리세라이드, 하이드로제네이티드레시틴, 세라마이드엔피, 소듐시트레이트, 카프릴릴글라이콜, 소듐포스페이트, 시트릭애씨드, 진주추출물, 사이아노코발아민, 에스에이치-올리고펩타이드-1"
"A000000259067","[미피 네임택 증정/7월 올영픽] 아벤느 오 떼르말 300ml 2입 기획 (+150ml +미피 네임택)","아벤느","300.0","450.0","ml","45000","27900","620.0","아벤느 온천수(아쿠아)"
"A000000189004","[재구매율1위] 바이오힐보 판테셀 리페어시카 크림미스트 [기내용/더블/대용량]","바이오힐보","","","","9000","7000","","정제수, 글리세린, 트라이에틸헥사노인, 하이드로제네이티드폴리(C6-14올레핀), 부틸렌글라이콜, 펜틸렌글라이콜, 메틸프로판다이올, 판테놀(1%), 병풀추출물, 베타-시토스테롤, 병풀잎추출물, 아세틸헥사펩타이드-8, 아스코빅애씨드폴리펩타이드, 아세틸옥타펩타이드-3, 아세틸테트라펩타이드-2, 아세틸테트라펩타이드-3, 아세틸테트라펩타이드-5, 아세틸테트라펩타이드-9, 카르노신, 카퍼트라이펩타이드-1, 노나펩타이드-1, 팔미토일펜타펩타이드-4, 팔미토일트라이펩타이드-1, 팔미토일트라이펩타이드-5, 스트렙토코쿠스 테르모필루스발효물, 아이리쉬모스추출물, 사탕수수추출물, 사과즙, 칸디다 봄비콜라/글루코오스/메틸레이프씨데이트발효물, 해바라기씨오일, 1,2-헥산다이올, 베타인, 트라이라우레스-4포스페이트, 에틸헥실글리세린, 폴리쿼터늄-51, 소듐파이테이트, 시트릭애씨드, 토코페롤, 레시틴, 에스신, 다이프로필렌글라이콜"
"A000000241879","[미백탄력/비타VER] 달바 비타 토닝 안티에이징 스프레이 세럼 8퍼센트 70ml","달바","70.0","70.0","ml","38000","23900","3414.3","전성분명,비타민나무수,흰서양송로수,콜라겐수,다이프로필렌글라이콜,해바라기씨오일,1,2-헥산다이올,글리세레스-26,정제수,나이아신아마이드,폴리프로필실세스퀴옥세인,흰서양송로추출물,카프릴릭/카프릭트라이글리세라이드,하이드록시에틸우레아,부틸렌글라이콜,마카다미아씨오일,올리브오일,베타인,토코페롤,동백나무씨오일,아보카도오일,솔비톨,다이포타슘글리시리제이트,다이소듐이디티에이,펜타에리스리틸테트라-다이-t-부틸하이드록시하이드로신나메이트,아데노신,바위돌꽃뿌리추출물,돌콩오일,비타민나무열매오일,달맞이꽃오일,인도멀구슬나무꽃추출물,소듐팔미토일프롤린,알지닌,카보머,홀리바질잎추출물,인도멀구슬나무잎추출물,덱스트린,카카오추출물,아나토씨오일,하이드롤라이즈드하이알루로닉애씨드,아스코빅애씨드,울금뿌리추출물,글루타티온,글루코오스,만노오스,참산호말추출물,알바수련꽃추출물,소듐하이알루로네이트,하이드롤라이즈드옥수수단백질,하이드롤라이즈드귀리단백질,하이드롤라이즈드완두콩단백질,하이드롤라이즈드쌀겨단백질,하이드롤라이즈드쌀단백질,하이드롤라이즈드참깨단백질,하이드롤라이즈드콩단백질,하이드롤라이즈드밀단백질,하이드록시프로필트라이모늄하이알루로네이트,소듐아세틸레이티드하이알루로네이트,하이알루로닉애씨드,하이드롤라이즈드소듐하이알루로네이트,소듐하이알루로네이트크로스폴리머,포타슘하이알루로네이트,향료,리날룰,헥실신남알,리모넨,시트로넬올"
"A000000247773","[수지 PICK/한정기획] 아누아 피디알엔 히알루론산 수분 캡슐 미스트 100ml 2입 기획","아누아","100.0","200.0","ml","70000","31900","1595.0","정제수, 다이페닐다이메티콘, 다이프로필렌글라이콜, 펜틸렌글라이콜, 1,2-헥산다이올, 스트렙토코쿠스 테르모필루스발효물, 캐스터오일/아이피디아이코폴리머, 자일리틸글루코사이드, 자일리톨, 돌콩추출물, 인도멀구슬나무잎추출물, 소듐하이알루로네이트(100ppm), 인도멀구슬나무꽃추출물, 돌콩오일, 사과즙, 아이비고드열매추출물, 백미꽃추출물, 가지열매추출물, 알로에베라꽃추출물, 호호바씨오일, 울금뿌리추출물, 홀리바질잎추출물, 참산호말추출물, 해바라기씨오일, 접시꽃추출물, 당근추출물, 하이드롤라이즈드하이알루로닉애씨드(0.01ppm), 하이알루로닉애씨드(0.01ppm), 유럽밤나무씨추출물, 사과씨오일, 흑효모발효물, 하이드롤라이즈드콜라겐, 비타민나무오일, 호박가루, 칸디다 봄비콜라/글루코오스/메틸레이프씨데이트발효물, 드럼스틱씨오일, 글리세레스-26, 프로판다이올, 부틸렌글라이콜, 판테놀, 카프릴릭/카프릭트라이글리세라이드, 소듐디엔에이(2,000ppm), 하이드록시에틸우레아, 하이드록시아세토페논, 알란토인, 다이펩타이드-15, 젤란검, 안하이드로자일리톨, 칼슘클로라이드, 카프릴릴글라이콜, 아데노신, 피피지-13-데실테트라데세스-24, 글리세린, 소듐시트레이트, 시트릭애씨드, 토코페롤, 옥탄다이올, 에틸헥실글리세린, 베타-카로틴, 다이포타슘포스페이트, 아세틸글루타민, 아가, 마그네슘설페이트, 다이페닐실록시페닐트라이메티콘, 페닐트라이메티콘, 프로필렌글라이콜다이벤조에이트, 하이드로제네이티드레시틴, 세라마이드엔피, 소듐클로라이드, 카퍼트라이펩타이드-1, 셀룰로오스검, 소듐바이카보네이트, 포타슘클로라이드, 소듐스테아로일글루타메이트, 잔탄검"
"A000000259319","[NEW / 수부지추천] 클레어스 블루 EGF 카밍 미스트 100ml","디어클레어스","100.0","100.0","ml","29900","19900","1990.0","정제수, 카프릴릭/카프릭트라이글리세라이드, 부틸렌글라이콜, 1,2-헥산다이올, 에리스리톨, 자일리톨, 알란토인, 소듐클로라이드, 트레할로오스, 에틸헥실글리세린, 카프릴릴글라이콜, 토코페릴아세테이트, 소듐시트레이트, 구아이아줄렌(300ppm), 시트릭애씨드, 엑토인(100ppm), 마데카소사이드(100ppm), 로즈힙열매오일, 비사보롤, 소듐하이알루로네이트크로스폴리머, 에스에이치-올리고펩타이드-1(5ppm), 에스에이치-폴리펩타이드-1(5ppm), 월귤추출물, 징크피씨에이"
"A000000166510","[보습광채/안개분사]차앤박 프로폴리스 에너지 앰플 미스트 250ml","차앤박","250.0","250.0","ml","27500","12900","516.0","정제수, 프로판다이올, 글리세린, 1,2-헥산다이올, 다이메티콘, 소듐시트레이트, 부틸렌글라이콜, 베타인, 하이드로제네이티드레시틴, 솔비톨, 피이지-60하이드로제네이티드캐스터오일, 솔비탄세스퀴올리에이트, 시트릭애씨드, 센티드제라늄꽃오일, 펜틸렌글라이콜, 다이소듐이디티에이, 프로폴리스추출물(200ppm), 하이알루로닉애씨드, 판테놀, 하이드록시페닐프로파미도벤조익애씨드, 글루코노락톤, 락토바이오닉애씨드, 판토락톤, 아스코빌팔미테이트, 시트로넬올, 제라니올, 리날룰"
"A000000259179","[7월올영픽/토너미스트] 유리아쥬 시카 데일리 마이크로 리페어링 미스트 120ml기획(+미스트 50ml+세럼 1ml)","유리아쥬","120.0","171.0","ml","34000","25700","1502.9","[미스트]
정제수, 메틸프로판다이올, 부틸렌글라이콜, 글리세린, 1,2-헥산다이올, 나이아신아마이드, 에틸헥실글리세린, 쇠비름추출물, 소듐시트레이트, 하이드록시아세토페논, 폴리쿼터늄-51, 시트릭애씨드, 다이소듐이디티에이, 하이드로제네이티드레시틴, 판테놀, 병풀추출물, 무화과추출물, 세라마이드엔피, 락토코쿠스발효용해물, 프룩토올리고사카라이드, 향부자추출물, 사탕무뿌리추출물, 징크피씨에이, 베툴린, 포타슘락테이트, 락틱애씨드, 소듐클로라이드

[세럼]
정제수,온천수*,글리세린,다이글리세린,1,2-헥산다이올,이눌린,판테놀,소듐폴리아크릴로일다이메틸타우레이트,잔탄검,소듐하이알루로네이트,프로판다이올,병풀잎추출물,시트릭애씨드,징크글루코네이트,글루타밀아미도에틸인돌"
"A000000254684","[서예지 PICK] 런드리유 카밍 고체 미스트 100+100g 더블 기획","런드리유","100.0","200.0","g(약 1ml 상당으로 근사)","42000","26500","1325.0","정제수, 글리세린, 프로판다이올, 부틸렌글라이콜, 오레가노잎추출물, 1,2-헥산다이올, 편백잎추출물, 해수, 젤란검, 칼슘락테이트, 에틸헥실글리세린, 다이소듐이디티에이, 다이포타슘글리시리제이트, 다이프로필렌글라이콜, 락토바실러스발효용해물, 락토코쿠스발효용해물, 비피다발효용해물, 토코페롤, 엑토인, 서양민들레잎추출물"
"A000000259222","[7월 올영픽/화잘먹 쿨링 미스트] 바이오던스 콜라겐 펩타이드 젤리 세럼 미스트 50ml 기획(+퍼글러 미스트 파우치)","바이오던스","50.0","50.0","ml","19000","16200","3240.0","콜라겐수(770,965ppm), 글리세린, 프로판다이올, 트라이프로필렌글라이콜, 1,2-헥산다이올, 나이아신아마이드, 글리세레스-26, 정제수, 소듐클로라이드, 하이드록시아세토페논, 젤란검, 칼슘락테이트, 아데노신, 다이소듐이디티에이, 갈락토미세스발효여과물, 사이아노코발아민, 치자추출물, 하이드롤라이즈드스클레로튬검, 카라기난, 하이드롤라이즈드하이알루로닉애씨드, 부틸렌글라이콜, 잔탄검, 캐롭검, 덱스트린, 수크로오스, 아세틸헥사펩타이드-8(1,000ppb), 콜라겐추출물(100ppb), 카퍼트라이펩타이드-1(0.1ppb), 트라이펩타이드-1(0.1ppb), 팔미토일트라이펩타이드-5(0.1ppb), 헥사펩타이드-9(0.1ppb), 팔미토일펜타펩타이드-4(0.1ppb), 올리고펩타이드-1(0.1ppb),팔미토일트라이펩타이드-38(0.1ppb), 펜타펩타이드-4(0.1ppb), 헥사펩타이드-12(0.1ppb)"
"A000000220688","[수부지/안개분사] 한율 어린쑥 트러블 진정 미스트 120ml 리필 기획 (+어린쑥 미스트 120ml 리필)","한율","120.0","240.0","ml","25000","19400","808.3","정제수, 프로판다이올, 부틸렌글라이콜, 황해쑥잎수(17,590ppm), 자일리톨, 펜틸렌글라이콜, 카프릴릭/카프릭트라이글리세라이드, 피피지-13-데실테트라데세스-24, 글리세릴카프릴레이트, 향료, 2,3-부탄다이올, 에틸헥실글리세린, 소듐메타포스페이트, 1,2-헥산다이올, 글루코노락톤, 레시틴, 락토바실러스발효물, 글리세린, 이눌린라우릴카바메이트, 살리실릭애씨드, 황해쑥잎추출물(10ppm), 병풀꽃/잎/줄기추출물, 토코페롤, 소듐하이알루로네이트, 하이드롤라이즈드하이알루로닉애씨드, 소듐하이알루로네이트크로스폴리머, 하이알루로닉애씨드, 소듐아세틸레이티드하이알루로네이트"
"A000000240453","[1초 수분결 미스트] 에스네이처 아쿠아 스쿠알란 미스트 100ml 더블기획","에스네이처","100.0","200.0","ml","48000","30240","1512.0","정제수, 부틸렌글라이콜, 글리세린, 메틸프로판다이올, 폴리글리세릴-10라우레이트, 스쿠알란(10,000ppm), 버지니아풍년화잎추출물, 달맞이꽃꽃추출물, 녹차추출물, 글리세릴글루코사이드, 1,2-헥산다이올, 아데노신, 에틸헥실글리세린, 하이드로제네이티드레시틴, 소듐시트레이트, 석시닉애씨드, 다이소듐이디티에이, 잔탄검, 하이드록시아세토페논"
"A000000254446","[3초화잘먹|PDRN] 바이오힐보 프로바이오덤 콜라겐 리모델링 세럼 겔 미스트 (미니/증정기획)","바이오힐보","","","","26000","16900","","[겔미스트]
정제수, 펜틸렌글라이콜, 부틸렌글라이콜, 글리세린, 프로판다이올, 락토바실러스발효물, 하이드롤라이즈드콜라겐, 병풀추출물, 백미꽃추출물, 콜라겐추출물, 아텔로콜라겐, 접시꽃추출물, 수용성콜라겐, 소듐하이알루로네이트, 콜라겐, 흰목이버섯추출물, 히비스커스꽃추출물, 하이드롤라이즈드하이알루로닉애씨드, 하이알루로닉애씨드, 글리세레스-26, 칼슘락테이트, 판테놀, 소듐디엔에이, 젤란검, 하이드록시아세토페논, 1,2-헥산다이올, 에틸헥실글리세린, 아가, 아데노신, 소듐시트레이트, 알란토인, 시트릭애씨드, 베타-글루칸, 사이아노코발아민, 베타인, 알지닌, 프룩토올리고사카라이드, 토코페롤, 프룩탄, 이눌린, 글루코노락톤, 락토바이오닉애씨드, 하이드록시프로필사이클로덱스트린, 티옥틱애씨드, 셀룰로오스, 벤질글라이콜, 하이드롤라이즈드글라이코사미노글리칸, 카프릴릴글라이콜, 포타슘하이드록사이드, 셀룰로오스검, 글라이신, 트라이펩타이드-10시트룰린, 세린, 글루타믹애씨드, 하이드롤라이즈드디엔에이, 하이드롤라이즈드엘라스틴, 소듐하이알루로네이트크로스폴리머, 탄닉애씨드, 프롤린, 아스파틱애씨드, 류신, 알라닌, 라이신, 타이로신, 트레오닌, 발린, 아이소류신, 카퍼트라이펩타이드-1, 히스티딘, 하이드록시프로필트라이모늄하이알루로네이트, 팔미토일펜타펩타이드-4, 아세틸헥사펩타이드-8, 아세틸테트라펩타이드-5, 팔미토일테트라펩타이드-7, 팔미토일트라이펩타이드-1, 페닐알라닌, 소듐아세틸레이티드하이알루로네이트, 시스테인, 메티오닌

[겔마스크]
정제수, 글리세린, 메틸프로판다이올, 아크릴레이트/에틸헥실아크릴레이트코폴리머, 1,2-헥산다이올, 아이리쉬모스가루, 캐롭검, 지치뿌리추출물, 카카오추출물, 락토바실러스발효물, 콜라겐, 콜라겐추출물, 수용성콜라겐, 베타인, 부틸렌글라이콜, 글리세레스-26, 하이드록시아세토페논, 하이드록시에틸우레아, 카프릴릭/카프릭트라이글리세라이드, 알란토인, 셀룰로오스검, 판테놀, 포타슘클로라이드, 글루코만난, 구아검, 에틸헥실글리세린, 덱스트린, 다이포타슘글리시리제이트, 트레할로오스, 폴리글리세릴-10라우레이트, 프로판다이올, 젤란검, 아가, 다이팔미토일하이드록시프롤린, 글라이코젠, 하이드롤라이즈드글라이코사미노글리칸, 매스틱검, 알지닌, 하이드로제네이티드레시틴, 하이드롤라이즈드엘라스틴, 프룩토올리고사카라이드, 아세틸헥사펩타이드-8, 베타-글루칸, 아스코빅애씨드폴리펩타이드, 프룩탄, 이눌린, 아세틸옥타펩타이드-3, 아세틸테트라펩타이드-2, 아세틸테트라펩타이드-3, 아세틸테트라펩타이드-5, 아세틸테트라펩타이드-9, 카르노신, 카퍼트라이펩타이드-1, 노나펩타이드-1, 팔미토일펜타펩타이드-4, 팔미토일트라이펩타이드-1, 팔미토일트라이펩타이드-5, 잔탄검, 페네틸알코올, 구아이아줄렌"
"A000000243502","[3초광 미스트/수분 속광] 온그리디언츠 스킨 베리어 속광 미스트 100ml 기획 (+50ml)","온그리디언츠","100.0","150.0","ml","25000","21500","1433.3","정제수, 글리세린, 트라이에틸헥사노인, 하이드로제네이티드폴리(C6-14올레핀), 다이프로필렌글라이콜, 트라이라우레스-4 포스페이트, 판테놀, 하이드록시아세토페논, 부틸렌글라이콜, 과라나씨추출물, 도둑놈의지팡이뿌리추출물, 울금뿌리추출물, 메틸다이아이소프로필프로피온아마이드, 에틸헥실글리세린, 1,2-헥산다이올, 다이소듐이디티에이, 티트리잎오일, 글루타티온, 하이드로제네이티드레시틴, 세테아릴알코올, 카프릴릴글라이콜, 스테아릭애씨드, 폴리글리세릴-10라우레이트, 소듐하이알루로네이트, 세라마이드엔피, 소듐하이알루로네이트크로스폴리머, 포타슘하이알루로네이트, 하이드록시프로필트라이모늄하이알루로네이트, 하이드롤라 이즈드소듐하이알루로네이트, 하이드롤라이즈드하이알루로닉애씨드, 하이알루로닉애씨드, 세라마이드엔에스, 세라마이드에이에스, 세라마이드에이피, 카퍼트라이펩타이드-1, 트라이펩타이드-1, 팔미토일트라이펩타이드-1, 팔미토일펜타펩타이드-4, 헥사펩타이드-11, 헥사펩타이드-9, 펜틸렌글라이콜, 소듐아세틸레이티드하이알루로네이트, 세라마이드이오피, 병풀추출물"
"A000000154819","[보습광채/안개분사]차앤박 프로폴리스 에너지 앰플 미스트 100ml","차앤박","100.0","100.0","ml","17500","9900","990.0","정제수, 프로판다이올, 글리세린, 1,2-헥산다이올, 다이메티콘, 소듐시트레이트, 부틸렌글라이콜, 베타인, 하이드로제네이티드레시틴, 솔비톨, 피이지-60하이드로제네이티드캐스터오일, 솔비탄세스퀴올리에이트, 시트릭애씨드, 센티드제라늄꽃오일, 펜틸렌글라이콜, 다이소듐이디티에이, 프로폴리스추출물(200ppm), 하이알루로닉애씨드, 판테놀, 하이드록시페닐프로파미도벤조익애씨드, 글루코노락톤, 락토바이오닉애씨드, 판토락톤, 아스코빌팔미테이트, 시트로넬올, 제라니올, 리날룰"
"A000000227144","[화잘먹미스트] 오드로이 모공수축 시카 83.7 콜라겐 미스트 앰플 로프디 100ml","오드로이","100.0","100.0","ml","23500","19270","1927.0","병풀잎수(83.70412%), 블랙체리열매추출물, 펜틸렌글라이콜, 부틸렌글라이콜, 글리세린, 1,2-헥산다이올, 메틸프로판다이올, 아이소펜틸다이올, 정제수, 하이드록시아세토페논, 메도우폼씨오일, 카놀라오일, 하이드로제네이티드레시틴, 해바라기씨오일, 아르간커넬오일, 알란토인, 폴리글리세릴-10스테아레이트, 트레할로오스, 아데노신, 폴리글리세릴-10라우레이트, 에난티아 클로란타껍질추출물, 소듐글루코네이트, 폴리글리세릴-10미리스테이트, 향료, 하이드롤라이즈드하이알루로닉애씨드, 하이드롤라이즈드콜라겐(0.01%), 병풀추출물(0.0098%), 치자추출물, 올레아놀릭애씨드"
"A000000259123","[쿨링탄력] 달바 리프레쉬 아쿠아 스프레이 세럼 100ml","달바","100.0","100.0","ml","29900","23500","2350.0","빙하수(800,000ppm), 다이프로필렌글라이콜, 세틸에틸헥사노에이트, 정제수, 1,2-헥산다이올, 나이아신아마이드, 글리세레스-26, 흰서양송로추출물(207ppm), 부틸렌글라이콜, 하이드록시에틸우레아, 아보카도오일, 폴리프로필실세스퀴옥세인, 베타인, 카프릴릭/카프릭트라이글리세라이드, 토코페롤, 콜라겐추출물, 다이포타슘글리시리제이트, 다이소듐이디티에이, 아데노신, 사카라이드아이소머레이트, 글리세린, 오크라열매추출물, 펜타에리스리틸테트라-다이-t-부틸하이드록시하이드로신나메이트, 인도멀구슬나무잎추출물, 인도멀구슬나무꽃추출물, 아크릴레이트/C10-30알킬아크릴레이트크로스폴리머, 알지닌, 아이비고드열매추출물, 감나무잎추출물, 에틸헥실글리세린, 블루탄지꽃오일, 포도추출물, 알로에베라꽃추출물, 가지열매추출물, 잇꽃꽃추출물, 커피콩추출물, 호장근뿌리추출물, 녹차추출물, 밤껍질추출물, 초피나무열매추출물, 소듐팔미토일프롤린, 호호바씨오일, 시트릭애씨드, 소듐시트레이트, 참산호말추출물, 울금뿌리추출물, 홀리바질잎추출물, 개똥쑥추출물, 연꽃추출물, 쌀추출물, 효모발효물, 글루코오스, 만노오스, 소듐하이알루로네이트, 알바수련꽃추출물, 하이드록시프로필트라이모늄하이알루로네이트, 하이드롤라이즈드하이알루로닉애씨드, 소듐아세틸레이티드하이알루로네이트, 하이알루로닉애씨드, 하이드롤라이즈드소듐하이알루로네이트, 소듐하이알루로네이트크로스폴리머, 포타슘하이알루로네이트, 향료"
"A000000130138","에스트라 아토베리어365 크림미스트 120ml","에스트라","120.0","120.0","ml","23000","20700","1725.0","정제수, 글리세린, 부틸렌글라이콜, 카프릴릭/카프릭트리글리세라이드, 하이드로제네이티드폴리(C6-14올레핀),디메치콘, 세틸에칠헥사노에이트, 하이드록시프로필비스라우라마이드엠이에이(10,000 ppm), 1,2-헥산디올, 소듐서팩틴, 콜레스테롤, 글리세릴카프릴레이트, 디소듐디티
에이, 에칠헥실글리세린, 베헤닉애씨드, 토코페롤"
"A000000259499","[7월올영픽/쿨링진정] 파넬 시카마누 세럼 미스트 100g 기획 (+세럼 15ml)","파넬","15.0","15.0","ml","27000","19900","13266.7","[세럼미스트]
정제수, 다이프로필렌글라이콜, 프로판다이올, 나이아신아마이드, 1,2-헥산다이올, 부틸렌글라이콜, 글리세레스-25피씨에이아이소스테아레이트, 하이드록시아세토페논, 아크릴릭애씨드/브이피크로스폴리머, 알지닌, 에리스리톨, 병풀추출물(1,005ppm), 자일리톨, 잇꽃꽃추출물, 황련뿌리추출물, 에틸헥실글리세린, 덱스트린, 치자추출물, 메틸다이아이소프로필프로피온아마이드, 글리세린, 옥수수커넬추출물, 알로에베라잎추출물, 레몬그라스추출물, 유칼립투스잎추출물, 콘민트추출물, 폴록사머407, 판테놀, 카카오씨추출물, 프룩탄, 아시아티코사이드(4,000ppb), 아시아틱애씨드(3,000ppb), 마데카식애씨드(3,000ppb), 소듐디엔에이, 글루코오스, 마누카잎추출물(2,500ppb), 꿀추출물(2,000ppb), 락토바실러스발효물, 소듐하이알루로네이트크로스폴리머, 폴리글루타믹애씨드, 트레할로오스, 징크피씨에이, 다이메틸실란올하이알루로네이트, 하이드롤라이즈드하이알루로닉애씨드, 하이드롤라이즈드소듐하이알루로네이트, 하이알루로닉애씨드, 마데카소사이드(100ppb), 포타슘하이알루로네이트, 소듐하이알루로네이트, 하이드록시프로필트라이모늄하이알루로네이트, 소듐하이알루로네이트다이메틸실란올, 소듐아세틸레이티드하이알루로네이트

[세럼(증정)]
정제수, 부틸렌글라이콜, 글리세린, 1,2-헥산다이올, 카보머, 트로메타민, 폴리글리세릴-10라우레이트, 프로판다이올, 인도멀구슬나무잎추출물, 병풀추출물(744ppm), 카카오씨추출물, 에틸헥실글리세린, 불가리스쑥오일, 인도멀구슬나무꽃추출물, 덱스트린, 다이소듐이디티에이, 소듐폴리아크릴레이트, 펜틸렌글라이콜, 황련뿌리추출물, 락토바실러스발효물, 마누카잎추출물(20ppm), 마데카소사이드(20ppm), 데실글루코사이드, 카프릴릴글라이콜, 꿀추출물(900ppb), 메도우폼씨오일, 카프릴릭/카프릭트라이글리세라이드, 올리브오일, 하이드로제네이티드레시틴, 세라마이드엔피, 피토스핑고신, 멜라토닌"
"A000000203008","[단독기획] 에센허브 티트리 100 오일 10ml 기획(+크림10ml+면봉 50P 증정)","에센허브","10.0","20.0","ml","","19800","9900.0","티트리잎오일, 리모넨, 리날룰"
"A000000257433","[1초미스트/화잘먹/단독기획] 밀리밀리 500달톤 프로틴 콜라겐 미스트 55ml*2 더블기획","밀리밀리","55.0","110.0","ml","28500","19800","1800.0","콜라겐수(430,980ppm), 정제수, 부틸렌글라이콜, 프로판다이올, 나이아신아마이드, 1,2-헥산다이올, 다이프로필렌글라이콜, 글라이콜다이스테아레이트, 하이드록시아세토페논, 카프릴릴글라이콜, 글리세린, 하이드록시에틸우레아, 
메틸프로판다이올, C12-13파레스-9, 스테아레스-4, 에틸헥실글리세린, 실크추출물(500ppm), 하이드롤라이즈드익스텐신(150ppm), 하이드롤라이즈드실크(100ppm), 하이드롤라이즈드엘라스틴(100ppm), 하이드롤라이즈드콜라겐(100ppm), 콜라겐추출물(0.01ppm), 커피콩추출물, 드럼스틱씨추출물, 아데노신, 잔탄검, 판테놀, 소듐벤조에이트, 스테아레스-30, 하이드롤라이즈드콩단백질(30ppm), 다이포타슘글리시리제이트, 소듐하이알루로네이트, 실크아미노산(3ppm), 아스코빌프로필하이알루로네이트, 하이드롤라이즈드콜라겐추출물(1ppm), 카페오일헥사펩타이드-65(0.1ppm), 카퍼트라이펩타이드-1(0.1ppm), 팔미토일테트라펩타이드-7(0.05ppm), 팔미토일트라이펩타이드-1(0.01ppm), 팔미토일펜타펩타이드-4(0.005ppm), 프롤린(0.01ppm), 아이소류
신(0.01ppm), 아스파틱애씨드(0.01ppm), 알라닌(0.01ppm), 알지닌(0.01ppm), 세린(0.01ppm), 발린(0.01ppm), 류신(0.01ppm), 메티오닌(0.01ppm), 글루타믹애씨드(0.01ppm), 글라이신(0.01ppm), 히스티딘(0.01ppm), 타우린(0.01ppm), 오르니틴(0.01ppm), 페닐알라닌(0.01ppm), 라벤더오일,리날룰"
"A000000213148","[1초 수분결 미스트] 에스네이처 아쿠아 스쿠알란 미스트 100ml","에스네이처","100.0","100.0","ml","27000","19500","1950.0","정제수, 부틸렌글라이콜, 글리세린, 메틸프로판다이올, 폴리글리세릴-10라우레이트, 스쿠알란(10,000ppm), 버지니아풍년화잎추출물, 달맞이꽃꽃추출물, 녹차추출물, 글리세릴글루코사이드, 1,2-헥산다이올, 아데노신, 에틸헥실글리세린, 하이드로제네이티드레시틴, 소듐시트레이트, 석시닉애씨드, 다이소듐이디티에이, 잔탄검, 하이드록시아세토페논"
"A000000251062","닥터엘시아 345 릴리프 크림 미스트 100ml 기획 (+60ml)","닥터엘시아","100.0","160.0","ml","36900","27900","1743.8","쌀겨수, 글리세린, 트라이에틸헥사노인, 정제수, 하이드로제네이티드폴리(C6-14올레핀), 부틸렌글라이콜, 메틸프로판다이올, 펜틸렌글라이콜, 1,2-헥산다이올, 판테놀, 스트렙토코쿠스 테르모필루스발효물, 트라이라우레스-4포스페이트, 에틸헥실글리세린, 소듐파이테이트, 시트릭애씨드, 베타인, 폴리쿼터늄-51, 사과즙, 쌀추출물, 씨솔트, 백미꽃추출물, 토코페롤, 아스퍼질러스발효물, 접시꽃추출물, 하이드롤라이즈드하이알루로닉애씨드, 하이드록시프로필트라이모늄하이알루로네이트, 마데카소사이드, 알로에베라잎수, 귀리커넬추출물, 병풀잎추출물, 락토바실러스발효물, 약모밀추출물, 하이알루로닉애씨드, 실란트라이올, 비피다발효추출물, 하이드롤라이즈드쌀단백질, 쌀아미노산"
"A000000010498","[1등 미스트] 아벤느 오 떼르말 미스트 300ml 2입 기획","아벤느","300.0","600.0","ml","37000","26900","448.3","아벤느 온천수(아쿠아)"
"A000000260349","[붉은기 2배 방어_수분 레이어링]리쥬덱스 더마 리페어링 크림 미스트 100ml","리쥬덱스","100.0","100.0","ml","","25000","2500.0","'정제수, 프로판다이올, 2,3-부탄다이올, 글리세린, 베타인, 나이아신아마이드, 세라마이드엔피, 하이드롤라이즈드디엔에이, 판테놀, 병풀추출물, 다이포타슘글리시리제이트, 마데카식애씨드, 아시아틱애씨드, 아시아티코사이드, 마데카소사이드, 에스에이치-올리고펩타이드-1, 옥틸도데칸올, 다이프로필렌글라이콜, 하이드록시아세토페논, 하이드로제네이티드레시틴, 카프릴릴글라이콜, 다이소듐이디티에이, 1,2-헥산다이올"
"A000000237449","[수지 PICK] 아누아 피디알엔 히알루론산 수분 캡슐 미스트 100ml","아누아","100.0","100.0","ml","35000","21500","2150.0","정제수, 다이페닐다이메티콘, 다이프로필렌글라이콜, 펜틸렌글라이콜, 1,2-헥산다이올, 스트렙토코쿠스 테르모필루스발효물, 캐스터오일/아이피디아이코폴리머, 자일리틸글루코사이드, 자일리톨, 돌콩추출물, 인도멀구슬나무잎추출물, 인도멀구슬나무꽃추출물, 소듐하이알루로네이트 (100ppm), 사과즙, 아이비고드열매추출물, 백미꽃추출물, 가지열매추출물, 알로에베라꽃추출물, 울금뿌리추출물, 홀리바질잎추출물, 호호바씨오일, 호박가루, 참산호말추출물, 해바라기씨오일, 접시꽃추출물, 드럼스틱씨오일, 하이드롤라이즈드하이알루로닉애씨드 (0.01ppm), 하이알루로닉애씨드 (0.01ppm), 유럽밤나무씨추출물, 사과씨오일, 흑효모발효물, 하이드롤라이즈드콜라겐, 칸디다 봄비콜라/글루코오스/메틸레이프씨데이트발효물, 글리세레스-26, 프로판다이올, 부틸렌글라이콜, 판테놀, 카프릴릭/카프릭트라이글리세라이드, 소듐디엔에이 (2,000ppm), 하이드록시에틸우레아, 하이드록시아세토페논, 알란토인, 다이펩타이드-15, 젤란검, 안하이드로자일리톨, 칼슘클로라이드, 카프릴릴글라이콜, 글리세린, 소듐시트레이트, 시트릭애씨드, 토코페롤, 옥탄다이올, 에틸헥실글리세린, 다이페닐실록시페닐트라이메티콘, 페닐트라이메티콘, 프로필렌글라이콜다이벤조에이트, 다이포타슘포스페이트, 아세틸글루타민, 마그네슘설페이트, 하이드로제네이티드레시틴, 세라마이드엔피, 소듐클로라이드, 카퍼트라이펩타이드-1, 셀룰로오스검, 소듐바이카보네이트, 포타슘클로라이드, 소듐스테아로일글루타메이트, 잔탄검"
"A000000244836","[화잘먹] 모토몬트 애프터눈 페이셜 미스트 100ml","모토몬트","100.0","100.0","ml","28900","20810","2081.0","정제수, 트라이에틸헥사노인, 나이아신아마이드, 1,2-헥산다이올, 트라이라우레스-4포스페이트, 에틸헥실글리세린, 부틸렌글라이콜, 하이드로제네이티드레시틴, 덱스트린, 카카오추출물, 향료, 아데노신, 라벤더꽃추출물, 보리지추출물, 수레국화꽃추출물, 클레리추출물, 히아신스전초추출물, 마트리카리아꽃추출물, 하이알루로닉애씨드, 토코페롤, 리날룰, 리모넨"
"A000000232220","[화잘먹미스트/탱글젤리광] 메디큐브 PDRN 핑크 콜라겐 젤리 미스트 100ml 기획 (+앰플5ml+크림10ml)","메디큐브","100.0","115.0","ml","27800","19900","1730.4","**PDRN 젤리 미스트
콜라겐수(80.9%), 아이소프로필미리스테이트, 글리세린, 나이아신아마이드, 1,2-헥산다이올, 정제수, 소듐클로라이드, 메도우폼씨오일, 부틸렌글라이콜, 하이드록시아세토페논, 프로판다이올, 젤란검, 소듐디엔에이(1,081ppm), 해바라기씨오일, 에틸헥실글리세린, 아데노신, 트라이에틸헥사노인, 옥수수커넬추출물, 알간나뿌리추출물, 다이소듐이디티에이, 도쿄치류, 하이드로제네이티드레시틴, 하이드롤라이즈드하이알루로닉애씨드, 하이드롤라이즈드콜라겐, 글리세릴카프릴레이트, 콜라겐(10.8ppm), 프로판, 다채추출가루/잎추출물, 미타자씨오일, 올록수스, 레몬그라스잎추출물, 스타아니스열매/씨오일, 스쿠알란, 글루코오스, 하이드롤라이즈드엘라스틴, 연잎추출물, 말토덱스트린, 카프릴릭/카프릭트라이글리세라이드, 로즈마리잎오일, 판테놀, 소듐파이테이트, 소듐시트레이트, 카프릴릴글라이콜, 소듐포스페이트, 시트릭애씨드, 진주추출물, 사이아노코발아민, 에스에이치-올리고펩타이드-1

**PDRN 수분크림
정제수, 글리세레스-26, 부틸렌글라이콜, 카프릴릭/카프릭트라이글리세라이드, 사이클로펜타실록세인, 1,2-헥산다이올, 나이아신아마이드, 하이드로제네이티드폴리데센, 아이소노닐아이소노나노에이트, 세테아릴올리베이트, 에틸헥실올리베이트, 글리세린, 솔비탄올리베이트, 소듐디엔에이(5,000PPM), 소듐아크릴레이트코폴리머, 소듐폴리아크릴로일다이메틸타우레 이트, 하이드록시에틸아크릴레이트/소듐아크릴로일다이메틸타우레이트코폴리머, 폴리글리세릴-4올리에이트, 다이소듐이디티에이, 베타인, 판테놀, 향료, 에틸헥실글리세린, 아데노신, 솔비탄아이소스테아레이트, 메도우폼씨오일, 글리세릴아크릴레이트/아크릴릭애씨드코폴리머, 시트릭애씨드, 사이아노코발아민, 하이드로제네이티드레시틴, 세테아릴알코올, 스테아릭애씨드, 소듐하이알루로네이트(1.02PPM), 하이드록시프로필트라이모늄하이알루로네이트(0.1PPM), 세라마이드엔피, 꿀풀추출물, 블래더랙추출물, 노니열매추출물, 여주열매추출물, 오크라열매추출물, 세라마이드엔에스, 소듐아세틸레이티드하이알루로네이트(0.01PPM), 하이드롤라이즈드하이알루로닉애씨드(0.01PPM), 병풀잎추출물, 콜레스테롤, 피토스핑고신, 세라마이드에이에스, 세라마이드에이피, 하이알루로닉애씨드(0.0025PPM), 카퍼트라이펩타이드-1, 소듐하이알루로네이트크로스폴리머(0.001PPM), 아세틸헥사펩타이드-8, 팔미토일펜타펩타이드-4, 하이드롤라이즈드소듐하이알루로네이트(0.001PPM), 팔미토일테트라펩타이드-7, 팔미토일트라이펩타이드-1, 포타슘하이알루로네이트(0.0002PPM), 세라마이드이오피

**PDRN 앰플
 정제수,글리세린,다이프로필렌글라이콜,아이소프로필미리스테이트,글리세레스-26,나이아신아마이드,1,2-헥산다이올,소듐디엔에이,부틸렌글라이콜,폴리글리세린-3,소듐아크릴레이트/소듐아크릴로일다이메틸타우레이트코폴리머,폴리아이소부텐,아크릴레이트/C10-30알킬아크릴레이트크로스폴리머,이리추출물,트로메타민,글리세릴아크릴레이트/아크릴릭애씨드코폴리머,피브이엠/엠에이코폴리머,에틸헥실글리세린,카프릴릴글라이콜,향료,인도멀구슬나무잎추출물,아데노신,카프릴릴/카프릴글루코사이드,솔비탄올리에이트,인도멀구슬나무꽃추출물,소듐하이알루로네이트,다이소듐이디티에이,울금뿌리추출물,사이아노코발아민,하이드롤라이즈드콜라겐,유비퀴논,홀리바질잎추출물,참산호말추출물,팔미토일펜타펩타이드-4,팔미토일트라이펩타이드-1,팔미토일테트라펩타이드-7,카퍼트라이펩타이드-1,아세틸헥사펩타이드-8,연어알추출물,아텔로콜라겐"
"A000000255319","더랩바이블랑두 올리고 히알루론산 캡슐 젤리 미스트 120ml","더랩바이블랑두","120.0","120.0","ml","26000","17900","1491.7","정제수, 빙하수, 메틸프로판다이올, 부틸렌글라이콜, 글리세린, 1,2-헥산다이올, 에리스리톨, 베타인, 트라이에틸헥사노인, 폴리글리세릴-10라우레이트, 젤란검, 칼슘락테이트, 소듐하이알루로네이트(1,000 ppm), 에틸헥실글리세린, 아데노신, 구아이아줄렌, 스쿠알란, 헥사펩타이드-9, 아세틸테트라펩타이드-5, 카퍼트라이펩타이드-1, 아세틸헥사펩타이드-8, 헥사펩타이드-11, 아세틸테트라펩타이드-2, 팔미토일펜타펩타이드-4, 트라이펩타이드-1, 알라닌/히스티딘/라이신폴리펩타이드카퍼에이치씨엘, 트라이펩타이드-32, 팔미토일테트라펩타이드-7, 카프릴릴글라이콜, 하이드록시에틸셀룰로오스, 아크릴레이트/C10-30알킬아크릴레이트크로스폴리머, 다이소듐이디티에이"
"A000000260054","[26년 신형/진정결광] 달바 바이탈 스프레이 세럼 나이아신아마이드 5퍼센트 100ml 더블기획","달바","100.0","200.0","ml","59800","37200","1860.0","정제수, 부틸렌글라이콜, 나이아신아마이드, 글리세레스-26, 에톡시다이글라이콜, 폴리프로필실세스퀴옥세인, 해바라기씨오일, 흰서양송로수, 흰서양송로추출물, 다이펩타이드-15, 다이프로필렌글라이콜, 하이드록시에틸우레아, 베타인, 1,2-헥산다이올, 카프릴릴글라이콜, 지치뿌리추출물, 마카다미아씨오일, 아보카도오일, 로즈힙열매오일, 카프릴릭/카프릭트라이글리세라이드, 다이소듐이디티에이, 아데노신, 사카라이드아이소머레이트, 센티드제라늄꽃오일, 하이드록시아세토페논, 알지닌, 카보머, 펜타에리스리틸테트라-다이-t-부틸하이드록시하이드로신나메이트, 자일리틸글루코사이드, 아이비고드열매추출물, 석류추출물, 다이포타슘글리시리제이트, 자일리톨, 글리세린, 토코페릴아세테이트, 장미꽃오일, 시트릭애씨드, 소듐시트레이트, 라벤더꽃추출물, 로즈마리잎추출물, 오레가노추출물, 타임꽃/잎/줄기추출물, 캐모마일꽃추출물, 포트마리골드꽃추출물, 녹차추출물, 레몬그라스추출물, 유칼립투스잎추출물, 히비스커스꽃추출물, 커먼자스민추출물, 티트리추출물, 레몬밤추출물, 페퍼민트잎추출물, 콜스애플민트잎추출물, 올리브나무잎추출물, 세룰라타벚나무꽃추출물, 살비아추출물, 소듐하이알루로네이트, 하이드록시프로필트라이모늄하이알루로네이트, 개똥쑥추출물, 연꽃추출물, 쌀추출물, 호프발효물, 하이드롤라이즈드하이알루로닉애씨드, 소듐아세틸레이티드하이알루로네이트, 하이알루로닉애씨드, 하이드롤라이즈드소듐하이알루로네이트, 소듐하이알루로네이트크로스폴리머, 포타슘하이알루로네이트, 향료, 시트로넬올, 리날룰, 제라니올, 리모넨, 헥실신남알, 시트랄"
"A000000200724","[1+1/1등 미스트]아벤느 오떼르말 미스트 50ml 2입 기획","아벤느","50.0","100.0","ml","20000","17500","1750.0","온천수"
"A000000254068","[포켓몬 에디션] VT 피디알엔 글로우 앰플 미스트 100ml 더블 기획 (+포켓몬 티 코스터)","VT","100.0","200.0","ml","44500","35900","1795.0","정제수, 메틸프로판다이올, 메도우폼씨오일, 나이아신아마이드, 부틸렌글라이콜, 글리세린, 트라이에틸헥사노인, 폴리글리세린-3, 다이프로필렌글라이콜, 1,2-헥산다이올, 하이드록시아세토페논, 소듐시트레이트, 폴리글리세릴-10미리스테이트, 에틸헥실글리세린, 시트릭애씨드, 아데노신, 소듐파이테이트, 판테놀, 알란토인, 다이소듐이디티에이, 스쿠알란, 카프릴릭/카프릭트라이글리세라이드, 세라마이드엔피, 바오밥나무씨오일, 하이드로제네이티드레시틴, 폴리글루쿠로닉애씨드, 토코페롤, 소듐하이알루로네이트, 세라마이드에이에스, 세라마이드엔에스, 세라마이드에이피, 세라마이드이오피, 산양삼추출물, 소듐디엔에이(0.5ppb)"
"A000000255463","눅스 윌 프로디쥬스 멀티 드라이 오일 50ml 기획(+우드괄사)(2604)","눅스","50.0","50.0","ml","35000","31500","6300.0","코코-카프릴레이트/카프레이트, 퀸즈랜드넛오일, 다이카프릴릴에터, 카프릴릭/카프릭트라이글리세라이드, 스위트아몬드오일, 유럽개암씨오일, 유차나무씨오일, 동백나무씨오일, 아르간커넬오일, 보리지씨오일, 토코페롤, 해바라기씨오일, 토코페릴아세테이트, 로즈마리잎추출물, 폴리글리세릴-3다이아이소스테아레이트, 정제수, 아스코빅애씨드, 토마토추출물, 아세틸세드렌, 리날릴아세테이트, 당귤껍질오일, 다이메틸페네틸아세테이트, 바닐린, 센티드제라늄꽃오일, 아이소유제닐아세테이트, 피넨, 향료, 리날룰, 리모넨, 시트로넬올, 제라니올"
"A000000261637","[26년 신형/진정결광] 달바 바이탈 스프레이 세럼 나이아신아마이드 5퍼센트 100ml","달바","100.0","100.0","ml","","29900","2990.0","정제수, 부틸렌글라이콜, 나이아신아마이드, 글리세레스-26, 에톡시다이글라이콜, 폴리프로필실세스퀴옥세인, 해바라기씨오일, 흰서양송로수, 흰서양송로추출물, 다이펩타이드-15, 다이프로필렌글라이콜, 하이드록시에틸우레아, 베타인, 1,2-헥산다이올, 카프릴릴글라이콜, 지치뿌리추출물, 마카다미아씨오일, 아보카도오일, 로즈힙열매오일, 카프릴릭/카프릭트라이글리세라이드, 다이소듐이디티에이, 아데노신, 사카라이드아이소머레이트, 센티드제라늄꽃오일, 하이드록시아세토페논, 알지닌, 카보머, 펜타에리스리틸테트라-다이-t-부틸하이드록시하이드로신나메이트, 자일리틸글루코사이드, 아이비고드열매추출물, 석류추출물, 다이포타슘글리시리제이트, 자일리톨, 글리세린, 토코페릴아세테이트, 장미꽃오일, 시트릭애씨드, 소듐시트레이트, 라벤더꽃추출물, 로즈마리잎추출물, 오레가노추출물, 타임꽃/잎/줄기추출물, 캐모마일꽃추출물, 포트마리골드꽃추출물, 녹차추출물, 레몬그라스추출물, 유칼립투스잎추출물, 히비스커스꽃추출물, 커먼자스민추출물, 티트리추출물, 레몬밤추출물, 페퍼민트잎추출물, 콜스애플민트잎추출물, 올리브나무잎추출물, 세룰라타벚나무꽃추출물, 살비아추출물, 소듐하이알루로네이트, 하이드록시프로필트라이모늄하이알루로네이트, 개똥쑥추출물, 연꽃추출물, 쌀추출물, 호프발효물, 하이드롤라이즈드하이알루로닉애씨드, 소듐아세틸레이티드하이알루로네이트, 하이알루로닉애씨드, 하이드롤라이즈드소듐하이알루로네이트, 소듐하이알루로네이트크로스폴리머, 포타슘하이알루로네이트, 향료, 시트로넬올, 리날룰, 제라니올, 리모넨, 헥실신남알, 시트랄"
"A000000245184","[한정에디션] 퍼셀 247 초유 포어 디펜스 장벽강화 미스트 핑크 55ml","퍼셀","55.0","55.0","ml","32000","27200","4945.5","정제수, 프로판다이올, 비피다발효용해물(3.6%), 락토바실러스발효용해물(3.6%), 다이프로필렌글라이콜, 펜틸렌글라이콜, 부틸렌글라이콜, 락토코쿠스발효용해물, 피키아발효용해여과물, 효모발효용해여과물, 1,2-헥산다이올, 베타인, 초유(7,500ppm), 클로렐라 불가리스추출물, 자일리톨, 백미꽃추출물, 접시꽃추출물, 하이알루로닉애씨드, 우유지질, 판테놀, 글루코오스, 글리세린, 프룩토올리고사카라이드, 프룩토오스, 에틸헥실글리세린, 다이페닐다이메티콘, 아데노신, 트라이에틸헥사노인, 소듐시트레이트, 소듐파이테이트, 시트릭애씨드, 하이드로제네이티드레시틴, 베타-글루칸, 토코페롤, 마그네슘클로라이드, 테트라데실아미노부티로일발릴아미노부티릭우레아트라이플루오로아세테이트"
"A000000248819","[수분광채/PDRN] 런드리유 PDRN 고체미스트 100g+30g 기획","런드리유","100.0","130.0","g(약 1ml 상당으로 근사)","32000","27200","2092.3","정제수, 글리세린, 프로판다이올, 오레가노잎추출물, 폴리글리세린-3, 나이아신아마이드, 1,2-헥산다이올, 편백잎추출물, 해수, 칼슘락테이트, 젤란검, 에틸헥실글리세린, 다이소듐이디티에이, 부틸렌글라이콜, 소듐디엔에이(1,000ppb), 카프릴릴글라이콜, 토코페롤, 글라이신, 세린, 글루타믹애씨드, 소듐하이알루로네이트, 솔비탄라우레이트, 하이드롤라이즈드콜라겐, 아스파틱애씨드, 류신, 알라닌, 라이신, 알지닌, 타이로신, 페닐알라닌, 프롤린, 발린, 트레오닌, 아이소류신, 하이드록시에틸셀룰로오스, 아세틸다이펩타이드-1세틸에스터, 히스티딘, 메티오닌, 시스테인, 엘라스틴, 콜라겐추출물, 하이드록시프로필트라이모늄하이알루로네이트, 하이드롤라이즈드엘라스틴, 수용성엘라스틴, 폴리글루타믹애씨드, 아세틸헥사펩타이드-1, 팔미토일트라이펩타이드-5, 하이드롤라이즈드하이알루로닉애씨드, 소듐아세틸레이티드하이알루로네이트, 하이알루로닉애씨드, 아세틸옥타펩타이드-3, 하이드롤라이즈드소듐하이알루로네이트, 소듐하이알루로네이트크로스폴리머, 포타슘하이알루로네이트"
"A000000237453","[수지 PICK] 아누아 피디알엔 히알루론산 수분 캡슐 미스트 30ml","아누아","30.0","30.0","ml","20000","12500","4166.7","시트릭애씨드, 토코페롤, 소듐하이알루로네이트 (100ppm), 하이드롤라이즈드하이알루로닉애씨드 (0.01ppm), 하이알루로닉애씨드 (0.01ppm), 소듐디엔에이 (2,000ppm)"
"A000000213956","[뿌리는 프렙/20ml 증정기획] 연작 스킨 퍼펙팅 글로우 업 프렙 워터 50ml","연작","20.0","70.0","ml","30000","25500","3642.9","정제수, 글리세레스-26, 트레할로오스, 나이아신아마이드, 글리세린, 폴리에스터-5, 부틸렌글라이콜, 이노시톨, 1,2-헥산다이올, 하이드록시아세토페논, 프로판다이올, 피피지-13-데실테트라데세스-24, 에틸헥실글리세린, 락토바실러스/홍삼발효여과물, 락토바실러스/쌀발효물, 락토바실러스/콩발효추출물, 자주개자리씨추출물, 효모/율무씨발효여과물, 효모/감자추출물발효여과물, 황차추출물, 트라이소듐에틸렌다이아민다이석시네이트, 말라카이트추출물, 사이아노코발아민, 알지닌, 황차카테킨, 토코페롤, 향료, 리모넨, 시트로넬올, 제라니올"
"A000000104102","[화잘먹/수분보호막]로벡틴 인텐스 글로우 오일 30ml","로벡틴","30.0","30.0","ml","39000","23400","7800.0","카프릴릭/카프릭트라이글리세라이드, 해바라기씨오일, 동백나무씨오일, 스쿠알란, 올리브오일, 알파-비사보롤, 아틀라스시다나무껍질오일, 불가리스쑥오일, 토코페롤캐모마일꽃오일, 갈바눔수지오일, 비타민나무오일, 비터오렌지꽃오일"
"A000000014358","[3중장벽강화 미스트] 유리아쥬 리페어링 떼르말 워터 300ml 더블기획 (300ml+300ml)","유리아쥬","300.0","900.0","ml","31500","22900","254.4","온천수 100%"
"A000000243432","[화잘먹] VT 피디알엔 글로우 앰플 미스트 100ml 기획 (+피디알엔 에센스 15ml+리들샷 1ml*3개)","VT","100.0","116.0","ml","32000","21500","1853.4","정제수, 메틸프로판다이올, 메도우폼씨오일, 나이아신아마이드, 부틸렌글라이콜, 글리세린, 트라이에틸헥사노인, 폴리글리세린-3, 다이프로필렌글라이콜, 1,2-헥산다이올, 하이드록시아세토페논, 소듐시트레이트, 폴리글리세릴-10미리스테이트, 에틸헥실글리세린, 시트릭애씨드, 아데노신, 소듐파이테이트, 판테놀, 알란토인, 다이소듐이디티에이, 스쿠알란, 카프릴릭/카프릭트라이글리세라이드, 세라마이드엔피, 바오밥나무씨오일, 하이드로제네이티드레시틴, 폴리글루쿠로닉애씨드, 토코페롤, 소듐하이알루로네이트, 세라마이드에이에스, 세라마이드엔에스, 세라마이드에이피, 세라마이드이오피, 산양삼추출물, 소듐디엔에이 (0.5ppb)"
"A000000115500","[강력진정/산뜻보습] 닥터자르트 시카페어 페이셜 카밍 미스트 150ml","닥터자르트","150.0","150.0","ml","22000","9900","660.0","정제수, 프로판디올, 카라기난추출물, 사탕수수추출물, 라벤더오일, 로즈마리잎오일, 왕귤껍질오일, 캐모마일꽃오일, 해수, 초피나무열매추출물, 서양톱풀추출물, 성모초추출물, 트루로즈오브예리코추출물, 말로우추출물, 레몬밤잎추출물, 페퍼민트잎추출물, 카우슬립추출물, 꼬리풀추출물, 어성초추출물, 병풀추출물, 락토바실러스발효물, 제충국꽃추출물, 레몬유칼립투스오일, 마데카소사이드, 글리세린, 부틸렌글라이콜, 폴리글리세릴-2올리에이트, 피이지-60하이드로제네이티드캐스터오일, 디프로필렌글라이콜, 옥틸도데세스-16, 디포타슘글리시리제이트, 에칠헥실글리세린, 소듐시트레이트, 시트릭애씨드, 판테놀, 아시아티코사이드, 소듐피씨에이, 아시아틱애씨드, 하이드로제네이티드레시틴, 마데카식애씨드, 마그네슘피씨에이, 1,2-헥산디올, 징크피씨에이, 피이지-40하이드로제네이티드캐스터오일, 망가니즈피씨에이, 소듐하이알루로네이트, 디소듐이디티에이, 페녹시에탄올, 포타슘소르베이트, 리모넨, 리날룰

* 제공된 성분은 동일 제품이라도 경우에 따라 변경될 수 있습니다. 최신정보는 제품 포장의 성분을 참고하시거나 닥터자르트 고객만족센터(1544-5453)으로 연락 부탁 드립니다."
"A000000213916","[아이돌광채] 더하르나이 시카이드 크림 미스트 120ml (안개분사 화잘먹 미스트)","더하르나이","120.0","120.0","ml","26000","20800","1733.3","정제수, 메도우폼씨오일, 1,2-헥산다이올, 메틸프로판다이올, 트레할로오스, 글리세린, 부틸렌글라이콜, 티트리잎추출물, 세라마이드엔피, 병풀추출물(2ppm), 마데카소사이드(0.02ppm), 마데카식애씨드(0.02ppm), 아시아티코사이드(0.02ppm), 아시아틱애씨드(0.02ppm), 아세틸헥사펩타이드-8, 카르노신, 카퍼트라이펩타이드-1, 글루타티온, 아세틸테트라펩타이드-3, 아세틸테트라펩타이드-5, 팔미토일테트라펩타이드-7, 팔미토일트라이펩타이드-1, 팔미토일트라이펩타이드-5, 팔미토일펜타펩타이드-4, 라임전초오일, 라벤더오일, 하이드로제네이티드레시틴, 폴리글리세릴-10올리에이트, 폴리글리세릴-3메틸글루코오스다이스테아레이트, 다이소듐이디티에이, 옥틸도데칸올, 카프릴릴글라이콜, 에틸헥실글리세린, 리모넨, 리날룰"
"A000000233578","[겉쫀속촉/화잘먹] 웰더마 PDRN 엑소좀 젤리 겔 미스트 100ml","웰더마","100.0","100.0","ml","25000","18900","1890.0","콜라겐수,정제수,글리세린,1,2-헥산다이올,나이아신아마이드,폴리글리세린-3,마데카소사이드,아시아티코사이드,말토덱스트린,병풀추출물,백미꽃추출물,무화과추출물,석류추출물,뽕나무열매추출물,은행추출물,락토바실러스/콜라겐발효여과물,하이드롤라이즈드콜라겐,소듐디엔에이,수용성콜라겐,콜라겐,콜라겐아미노산,알로에베라잎추출물,하이드로제네이티드레시틴,유청여과물,프룩탄,아텔로콜라겐,데사미도콜라겐,소듐아스코빌포스페이트,프로콜라겐,헥사펩타이드-9,아세틸헥사펩타이드-8,우유엑소좀,황련뿌리추출물,트라이펩타이드-1,트라이펩타이드-29,바이오틴,아스코빅애씨드,리보플라빈,티아민에이치씨엘,폴릭애씨드,피리독신,아데노신,망고씨버터,야자씨버터,쿠푸아수씨버터,소듐서팩틴,부틸렌글라이콜,마카다미아씨오일,카프릴릭/카프릭트라이글리세라이드,시어버터,프로판다이올,펜틸렌글라이콜,소듐팔미토일사코시네이트,아이소펜틸다이올,젤란검,칼슘락테이트,사이아노코발아민,폴리글리세릴-10라우레이트,이눌린라우릴카바메이트,카프릴릴글라이콜,에틸헥실글리세린,향료"
"A000000242585","[뿌리는 PDRN/탄력+광채] 차앤박 더마앤서 스킨 부스팅 세럼 미스트 250ml","차앤박","250.0","250.0","ml","28000","18900","756.0","정제수, 글리세린, 카프릴릭/카프릭트라이글리세라이드, 나이아신아마이드, 폴리글리세릴-10올리에이트, 1,2-헥산다이올, 카프릴릴글라이콜, 에틸헥실글리세린, 스쿠알란, 아데노신, 토코페롤, 트라이소듐이디티에이, 돌콩오일, 락토바실러스발효용해물, 부틸렌글라이콜, 소듐디엔에이, 소듐다이라우미도글루타미드라이신, 향료"
"A000000199401","식물나라 유채꿀 촉촉 멀티오일 더블기획 30mL*2","식물나라","30.0","60.0","ml","19800","15800","2633.3","정제수, 펜틸렌글라이콜, 글리세린, 메틸글루세스-20, 에탄올, 나이아신아마이드, 폴리글리세린-3, 1,2-헥산다이올, 폴리글리세릴-10라우레이트, 글라이코실트레할로오스, 카보머, 글리세릴아크릴레이트/아크릴릭애씨드코폴리머, 트로메타민, 하이드로제네이티드스타치하이드롤리세이트, 에틸헥실글리세린, 아데노신, 다이소듐이디티에이, 향료, 잔탄검, 폴리쿼터늄-51, 소듐폴리아크릴레이트, 카카오씨추출물, 바이오사카라이드검-1, 베타-글루칸, 부틸렌글라이콜, 꿀추출물, 토코페롤, 아보카도오일, 해바라기씨오일, 유채씨오일, 리모넨, 알파-아이소메틸아이오논, 하이드록시시트로넬알"
"A000000014686","[기름종이미스트] 라로슈포제 세로징크 세범 컨트롤 토닝 미스트 150ml","라로슈포제","150.0","150.0","ml","17000","15300","1020.0","정제수, 소듐클로라이드, 징크설페이트"
"A000000117163","이즈앤트리 히아루론산 워터 미스트","이즈앤트리","","","","16500","9900","","정제수, 프로판다이올,1,2-헥산다이올,카프릴릭/카프릭트라이글리세라이드,폴리글리세릴-10라우레이트,솔비탄세스퀴올리에이트,소듐하이알루로네이트(1,100ppm),에틸헥실글리세린,펜틸렌글라이콜,트레할로오스,병풀추출물,베타인,베타-글루칸,소듐피씨에이,포도즙추출물,소듐하이알루로네이트크로스폴리머(100ppm),하이드롤라이즈드하이알루로닉애씨드(100ppm),자일리틸글루코사이드,안하이드로자일리톨,하이알루로닉애씨드(10ppm),하이드롤라이즈드소듐하이알루로네이트(10ppm,),센티드제라늄꽃오일,알란토인,자일리톨,시트로넬올,리날룰,리모넨,제라니올,시트랄
*히아루론산 1%솔루션 10%함유"
"A000000252899","[키링 미스트/단독 선런칭] 온그리디언츠 스킨 베리어 속광 미스트 50ml (하트 에디션)","온그리디언츠","50.0","50.0","ml","15000","9900","1980.0","정제수, 글리세린, 트라이에틸헥사노인, 하이드로제네이티드폴리(C6-14올레핀), 다이프로필렌글라이콜, 트라이라우레스-4포스페이트, 판테놀, 하이드록시아세토페논, 부틸렌글라이콜, 과라나씨추출물, 도둑놈의지팡이뿌리추출물, 울금뿌리추출물, 메틸다이아이소프로필프로피온아마이드, 에틸헥실글리세린, 1,2-헥산다이올, 다이소듐이디티에이, 티트리잎오일, 글루타티온, 하이드로제네이티드레시틴, 세테아릴알코올, 카프릴릴글라이콜, 스테아릭애씨드, 폴리글리세릴-10라우레이트, 소듐하이알루로네이트, 세라마이드엔피, 소듐하이알루로네이트크로스폴리머, 포타슘하이알루로네이트, 하이드록시프로필트라이모늄하이알루로네이트, 하이드롤라이즈드소듐하이알루로네이트, 하이드롤라이즈드하이알루로닉애씨드, 하이알루로닉애씨드, 세라마이드엔에스, 세라마이드에이에스, 세라마이드에이피, 카퍼트라이펩타이드-1, 트라이펩타이드-1, 팔미토일트라이펩타이드-1, 팔미토일펜타펩타이드-4, 헥사펩타이드-11, 헥사펩타이드-9, 펜틸렌글라이콜, 소듐아세틸레이티드하이알루로네이트, 세라마이드이오피, 병풀추출물"
"A000000230967","[미니 미스트/화잘먹] 라네즈 크림 스킨 미스트 30ml","라네즈","30.0","30.0","ml","12000","8640","2880.0","정제수, 부틸렌글라이콜, 글리세린, 메도우폼씨오일, 아이소펜틸다이올, 1,2-헥산다이올, 스쿠알란, 폴리글리세릴-10스테아레이트, 글리세릴스테아레이트시트레이트, 소듐스테아로일글루타메이트, 이눌린라우릴카바메이트, 글리세릴카프릴레이트, 에틸헥실글리세린, 프로판다이올, 다이소듐이디티에이, 카보머, 만니톨, 아크릴레이트/스테아릴메타크릴레이트코폴리머, 흰목이버섯포자낭과추출물, 하이알루로닉애씨드, 녹차추출물, 잔탄검, 세라마이드엔피, 동백나무꽃추출물, 토코페롤, 아세틸테트라펩타이드-11"
"A000000001588","에비앙 브뤼미자뙤르 페이셜미스트 50ml","에비앙","50.0","50.0","ml","7000","5600","1120.0","천연빙하수"
"A000000002326","[3중장벽강화 미스트] 유리아쥬 오떼르말 50ml(N)","유리아쥬","50.0","50.0","ml","8000","6400","1280.0","온천수"
"A000000010485","[온천수미스트] 라로슈포제 오떼르말 온천수 미스트 150ml","라로슈포제","150.0","150.0","ml","23000","20700","1380.0","정제수"
"A000000010507","[1+1/1등 미스트]아벤느 오 떼르말 미스트 150ml 2입 기획","아벤느","150.0","300.0","ml","","28000","933.3","아벤느 온천수(아쿠아)"
"A000000014357","[3중장벽강화 미스트] 유리아쥬 오떼르말 더블 기획 (150ml+150ml)","유리아쥬","150.0","300.0","ml","","24000","800.0","온천수"
"A000000014960","에비앙 브뤼미자뙤르 페이셜 스프레이 300ml","에비앙","300.0","300.0","ml","16000","14400","480.0","천연빙하수"
"A000000016213","트릴로지 써티파이드 오가닉 100% 로즈힙 오일","트릴로지","","","","","30000","","■ 로즈힙씨오일(100%)"
"A000000016694","[1등 미스트] 아벤느 오 떼르말 미스트 50ml","아벤느","50.0","50.0","ml","","11000","2200.0","아벤느 온천수(아쿠아)"
"A000000016697","[1등 미스트] 아벤느 오떼르말 미스트 300ml","아벤느","300.0","300.0","ml","","27000","900.0","아벤느 온천수(아쿠아)"
"A000000016698","[1등 미스트] 아벤느 오 떼르말 150ml","아벤느","150.0","150.0","ml","21000","14500","966.7","아벤느 온천수(아쿠아)"
"A000000102704","쌍빠 어딕트 포어리스 매직 에센스 100ml","쌍빠","100.0","100.0","ml","19000","11900","1190.0","다마스크장미꽃추출물, 디프로필렌글라이콜, 카프릴릭/카프릭트리글리세라이드, 이소헥사데칸, 메칠프로판디올, 사이클로펜타실록산, 느릅나무뿌리추출물, 줄맨드라미씨추출물, 병풀추출물, 무화과추출물, 라벤더꽃추출물, 라벤더꽃/잎/줄기추출물, 로즈마리추출물, 한련초추출물, 카렌둘라꽃추출물, 명일엽잎/줄기추출물, 들깨잎추출물, 서양민들레뿌리줄기/뿌리추출물, 선백리향잎추출물, 어성초추출물, 꽃박하잎추출물, 레몬밤잎추출물, 레몬버베나잎추출물, 로즈마리잎추출물, 마시멜로잎추출물, 말로우잎추출물, 바오밥나무씨추출물, 박하잎추출물, 보리지추출물, 세이지잎추출물, 센티드제라늄추출물, 시계꽃추출물, 오레가노잎추출물, 월계수잎추출물, 유칼립투스잎추출물, 자주천인국추출물, 캐모마일꽃추출물, 회향잎추출물, 인도멀구슬나무잎추출물, 페퍼민트오일, 하이드로제네이티드레시틴, 소듐클로라이드, 부틸렌글라이콜, 글리세린, 카프릴릴/카프릴글루코사이드, 멘틸피씨에이, 에칠멘탄카복사마이드, 디소듐이디티에이, 드럼스틱씨오일, 세라마이드엔피, 향료, 페녹시에탄올, 1,2-헥산디올, 에칠헥실글리세린,시트로넬올, 제라니올"
"A000000104159","크리니크 모이스춰 써지 페이스 스프레이 125ml","크리니크","125.0","125.0","ml","38000","32300","2584.0","정제수, 디프로필렌글라이콜, 부틸렌글라이콜, 글리세린, 알로에베라잎수, 병풀추출물, 효모용해추출물, 효모추출물, 카페인, 캐모마일, 트레할로스, 토코페릴아세테이트, 슈크로오스, 소르비톨, 디소듐이디티에이, 포타슘소르베이트, 클로페네신, 페녹시에탄올 [ILN28954]

*제공된 성분은 동일 제품이라도 경우에 따라 변경될 수 있습니다.  최신정보는 제품 포장의 성분을 참고하시거나 본사 고객관리지원팀으로 연락 부탁 드립니다."
"A000000107076","쌍빠 어딕트 글로우 매직에센스 100ml","쌍빠","100.0","100.0","ml","19000","11900","1190.0","비타민나무수, 다이프로필렌글라이콜, 글리세린, 부틸렌글라이콜, 1,2-헥산다이올, 나이아신아마이드, 카프릴릭/카프릭트라이글리세라이드, 아이소헥사데칸, 메틸프로판다이올, 사이클로펜타실록세인, 펜틸렌글라이콜, 참마뿌리추출물, 비타민나무열매추출물, 진주추출물, 로얄젤리추출물, 프로폴리스추출물, 다마스크장미꽃추출물, 당아욱잎추출물, 레몬밤잎추출물, 레몬버베나잎추출물, 로즈마리잎추출물, 마시멜로잎추출물, 마조람잎추출물, 바오밥나무씨추출물, 보리지추출물, 살비아잎추출물, 센티드제라늄추출물, 오레가노잎추출물, 월계수잎추출물, 유칼립투스잎추출물, 인카르나타시계꽃전초추출물, 자주천인국추출물, 캐모마일꽃추출물, 콘민트잎추출물, 포트마리골드꽃추출물, 회향잎추출물, 서양산딸기잎추출물, 녹차수, 오일팜오일, 비타민나무오일, 호호바씨오일, 소듐클로라이드, 해바라기씨오일불검화물, 카프릴릴/카프릴글루코사이드, 폴리쿼터늄-51, 글라이코실트레할로오스, 아데노신, 하이드로제네이티드스타치하이드롤리세이트, 다이소듐이디티에이, 라피노오스, 바이오사카라이드검-1, 레시틴, 말토덱스트린, 향료, 에틸헥실글리세린, 시트로넬올, 제라니올, 리날룰"
"A000000115511","달팡 카모마일 아로마틱 케어 15ml","달팡","15.0","15.0","ml","82000","69700","46466.7","해바라기씨오일, 호호바씨오일, 참깨오일, 스위트아몬드오일, 라벤더오일, 베르가모트열매오일, 세이지오일, 캐모마일꽃오일, 백단향오일, 비사볼올, 토코페롤, 리날룰, 리모넨, 제라니올, 쿠마린 (ILN36646)"
"A000000141314","[보습오일] 디오디너리 100% 플랜트-디라이브드 스쿠알란 30ml","디오디너리","30.0","30.0","ml","","15800","5266.7","스쿠알란"
"A000000141328","[보습오일] 디오디너리 100% 오가닉 콜드-프레스드 로즈 힙 씨드 오일 30ml","디오디너리","30.0","30.0","ml","","16600","5533.3","로즈힙씨오일"
"A000000149221","오우썸 리하이드레이팅 더블 미스트 세럼 120ml (2102)","오우썸","120.0","240.0","ml","18500","11000","458.3","알로에베라잎추출물,사과추출물, 토마토열매/잎/줄기추출물,호호바씨오일,매실수,녹차추출물, 알파-비사보롤,황금추출물, 모란뿌리추출물,스페인감초뿌리추출물,밤부사 불가리스잎/줄기추출물,모하비유카뿌리추출물, 은행나무잎추출물,지치뿌리추출물, 베르가모트오일,로즈우드오일, 카프릴릭/카프릭트리글리세라이드, 웨스트오스트레일리아산달우드목부오일, 라벤더오일, 다마스크장미꽃오일,제라니올,파네솔,리날룰,시트로넬올"
"A000000149880","에스테덤 셀룰러 워터 미스트 100ml (항산화 미스트)","에스테덤","100.0","100.0","ml","39000","25900","2590.0","정제수, 프로판다이올, 소듐시트레이트, 소듐클로라이드, 하이드롤라이즈드하이알루로닉애씨드, 시트릭애씨드, 아미노에탄설피닉애씨드, 카르노신, 포타슘클로라이드, 소듐바이카보네이트, 다이소듐포스페이트, 마그네슘설페이트, 포타슘포스페이트, 칼슘클로라이드"
"A000000166436","[1등 미스트] 아벤느 오 떼르말 미스트 300ml*2 + 50ml 기획","아벤느","300.0","352.0","ml","","39000","1108.0","아벤느 온천수(아쿠아)"
"A000000170881","[대용량]에스테덤 셀룰러 워터 미스트 200ml (항산화 미스트)","에스테덤","200.0","200.0","ml","49000","33520","1676.0","정제수, 프로판다이올, 소듐시트레이트, 소듐클로라이드, 하이드롤라이즈드하이알루로닉애씨드, 시트릭애씨드, 아미노에탄설피닉애씨드, 카르노신, 포타슘클로라이드, 소듐바이카보네이트, 다이소듐포스페이트, 마그네슘설페이트, 포타슘포스페이트, 칼슘클로라이드"
"A000000180891","[주름탄력] 코스알엑스 더 레티놀 0.5 오일 20ml","코스알엑스","20.0","20.0","ml","25000","20700","10350.0","스쿠알란, 돌콩오일, 다이-C12-13알킬말레이트, 레티놀(0.5%), 카프릴릭/카프릭트라이글리세라이드, 비에이치티, 토코트라이엔올, 토코페롤, 오일팜오일, 하이드록시메톡시페닐데칸온"
"A000000186215","숨37 워터풀 하이드레이팅 젤 미스트 60ml+60ml 더블 기획","숨37","60.0","120.0","ml","47000","39950","3329.2","정제수,변성알코올,글리세레스-26,사이클로메티콘,1,2-헥산다이올,글리세린,하이드로제네이티드레시틴,다이메티콘/비닐다이메티콘크로스폴리머,판테놀,피이지-40하이드로제네이티드캐스터오일,에탄올,카프릴릭/카프릭트라이글리세라이드,다이프로필렌글라이콜,부틸렌글라이콜,쿠푸아수씨버터,글리세릴스테아레이트,피이지-100스테아레이트,피이지-10피토스테롤,트라이소듐이디티에이,락토바실러스/콩발효추출물,인동덩굴꽃추출물,효모/감자추출물발효여과물,락토바실러스발효용해물,비니거,글라이코리피드,락토바실러스/히비스커스꽃발효여과물,효모/보리씨발효여과물,베헤닐알코올,가시대나무수액,붉은토끼풀꽃추출물,하이드록시프로필트라이모늄하이알루로네이트,하이알루로닉애씨드,하이드롤라이즈드하이알루로닉애씨드,하이드롤라이즈드소듐하이알루로네이트,효모폴리펩타이드,소듐하이알루로네이트,펜틸렌글라이콜,소듐하이알루로네이트크로스폴리머,에틸헥실글리세린+,라임전초오일,센티드제라늄꽃오일,베르가모트오일,라벤더오일,연필향나무오일,고수열매오일,캐모마일꽃오일,단향오일,리모넨,리날룰,시트로넬올,제라니올,시트랄,벤질살리실레이트"
"A000000188471","록시땅 시어 바이 페이스 오일 세럼 30ml","록시땅","30.0","30.0","ml","","54000","18000.0","옥틸도데칸올,카프릴릭/카프릭트라이글리세라이드,코코-카프릴레이트/카프레이트,해바라기씨오일,시어버터,피마자씨오일,마룰라씨오일,비타민나무오일,토코페롤,향료,리날룰,시트로넬올,제라니올,리모넨"
"A000000192304","[민감진정] 바이오힐보 판테셀 리페어시카 앰플미스트 100mL","바이오힐보","100.0","100.0","ml","","26000","2600.0","정제수, 네오펜틸글라이콜다이헵타노에이트, 1,2-헥산다이올, 펜틸렌글라이콜, 소듐클로라이드, 판테놀(1%), 병풀추출물, 베타-시토스테롤, 마데카소사이드, 아시아티코사이드, 병풀잎추출물, 아세틸헥사펩타이드-8, 아스코빅애씨드폴리펩타이드, 아세틸옥타펩타이드-3, 아세틸테트라펩타이드-2, 아세틸테트라펩타이드-3, 아세틸테트라펩타이드-5, 아세틸테트라펩타이드-9, 카르노신, 카퍼트라이펩타이드-1, 노나펩타이드-1, 팔미토일펜타펩타이드-4, 팔미토일트라이펩타이드-1, 팔미토일트라이펩타이드-5, 스트렙토코쿠스 테르모필루스발효물, 클로렐라 불가리스추출물, 사과즙, 인도멀구슬나무잎추출물, 인도멀구슬나무꽃추출물, 아이비고드열매추출물, 호박가루, 가지열매추출물, 울금뿌리추출물, 홀리바질잎추출물, 참산호말추출물, 드럼스틱씨오일, 칸디다 봄비콜라/글루코오스/메틸레이프씨데이트발효물, 잇꽃씨오일, 로즈힙열매오일, 스쿠알란, 해바라기씨오일, 소듐피씨에이, 솔비톨, 부틸렌글라이콜, 글루코오스, 글리세린, 프룩토올리고사카라이드, 프룩토오스, 베타인, 시트릭애씨드, 다이포타슘글리시리제이트, 소듐시트레이트, 베타-글루칸, 에틸헥실글리세린, 레시틴, 에스신, 다이프로필렌글라이콜"
"A000000200644","[장벽광채] 퍼셀 247 초유 포어 디펜스 장벽강화 미스트 55ml","퍼셀","55.0","55.0","ml","32000","27200","4945.5","정제수, 프로판다이올, 비피다발효용해물(3.6%), 락토바실러스발효용해물(3.6%), 다이프로필렌글라이콜, 펜틸렌글라이콜, 부틸렌글라이콜, 락토코쿠스발효용해물, 피키아발효용해여과물, 효모발효용해여과물, 1,2-헥산다이올, 초유(7,500ppm), 클로렐라 불가리스추출물, 자일리톨, 백미꽃추출물, 접시꽃추출물, 하이알루로닉애씨드, 우유지질, 베타인, 판테놀, 글루코오스, 글리세린, 프룩토올리고사카라이드, 프룩토오스, 에틸헥실글리세린, 다이페닐다이메티콘, 아데노신, 트라이에틸헥사노인, 소듐시트레이트, 소듐파이테이트, 시트릭애씨드, 하이드로제네이티드레시틴, 베타-글루칸, 토코페롤,마그네슘클로라이드, 테트라데실아미노부티로일발릴아미노부티릭우레아트라이플루오로아세테이트"
"A000000201287","[탄탄미스트] 바이오힐보 프로바이오덤 3D 리프팅 크림 미스트 100ml","바이오힐보","100.0","100.0","ml","","28000","2800.0","정제수, 락토바실러스발효용해물, 글리세린, 세틸에틸헥사노에이트, 트라이에틸헥사노인, 메틸프로판다이올, 펜틸렌글라이콜, 하이드로제네이티드폴리데센, 락토바실러스발효물, 프룩토올리고사카라이드, 프룩탄, 이눌린, 판테놀, 베타인, 베타-글루칸, 아데노신, 사포닌, 수용성프로테오글리칸, 노나펩타이드-1, 아세틸테트라펩타이드-9, 아세틸테트라펩타이드-5, 아세틸헥사펩타이드-1, 아세틸헥사펩타이드-8, 팔미토일트라이펩타이드-8, 다이펩타이드다이아미노부티로일벤질아마이드다이아세테이트, 카퍼트라이펩타이드-1, 트라이펩타이드-1, 팔미토일테트라펩타이드-7, 팔미토일트라이펩타이드-1, 팔미토일트라이펩타이드-5, 팔미토일펜타펩타이드-4, 팔미토일헥사펩타이드-12, 펜타펩타이드-3, 헥사펩타이드-9, 올리고펩타이드-2, 병풀추출물, 쇠비름추출물, 지치뿌리추출물, 로즈마리잎추출물, 마트리카리아꽃추출물, 석류추출물, 양까막까치밥나무열매추출물, 참마뿌리추출물, 하이드로제네이티드레시틴, 오일팜오일, 1,2-헥산다이올, 부틸렌글라이콜, 에틸헥실글리세린, 하이드록시아세토페논, 카프릴릭/카프릭트라이글리세라이드, 셀룰로오스검, 폴리쿼터늄-51, 말토덱스트린, 토코페롤, 프로판다이올, 세테아릴글루코사이드, 세테아릴알코올, 소듐폴리아크릴레이트, 알진, 소듐스테아로일글루타메이트, 바이오사카라이드검-4, 잔탄검, 하이드롤라이즈드옥수수전분, 소듐포스페이트, 카프릴릴글라이콜, 수크로오스, 덱스트란, 미네랄솔트, 다이소듐포스페이트, 향료"
"A000000203571","달팡 로즈 아로마틱 케어 15ml","달팡","15.0","15.0","ml","85000","72250","48166.7","참깨오일, 해바라기씨오일, 마카다미아씨오일, 메도우폼씨오일, 스위트아몬드오일, 호호바알코올, 아이소프로필호호베이트, 호호바에스터, 달맞이꽃오일, 스위트브라이어씨오일, 다마스크장미꽃오일, 다마스크장미꽃왁스, 카프릴릭/카프릭트라이글리세라이드, 프로방스장미꽃왁스, 당근추출물, 로즈마리잎추출물, 비터오렌지꽃오일, 광곽향오일, 갈바눔수지오일, 시트로넬라오일, 통가콩씨추출물, 빌베리씨오일, 옥수수오일, 하이드로제네이티드식물성오일, 일랑일랑꽃오일, 센티드제라늄꽃오일, 다마스크장미추출물, 퉁퉁마디추출물, 토코페롤, 프렌치라벤더추출물, 머스크씨드추출물, 쿠마린, 제라니올, 시트랄, 시트로넬올, 벤질벤조에이트, 리날룰, 파네솔"
"A000000204806","숨37 워터풀 하이드레이팅 젤 미스트 60ml 기획 (+ 60ml 리필 2개)","숨37","60.0","120.0","ml","54000","45900","3825.0","정제수,변성알코올,글리세레스-26,사이클로메티콘,1,2-헥산다이올,글리세린,하이드로제네이티드레시틴,다이메티콘/비닐다이메티콘크로스폴리머,판테놀,피이지-40하이드로제네이티드캐스터오일,에탄올,카프릴릭/카프릭트라이글리세라이드,다이프로필렌글라이콜,부틸렌글라이콜,쿠푸아수씨버터,글리세릴스테아레이트,피이지-100스테아레이트,피이지-10피토스테롤,트라이소듐이디티에이,락토바실러스/콩발효추출물,인동덩굴꽃추출물,효모/감자추출물발효여과물,락토바실러스발효용해물,비니거,글라이코리피드,락토바실러스/히비스커스꽃발효여과물,효모/보리씨발효여과물,베헤닐알코올,가시대나무수액,붉은토끼풀꽃추출물,하이드록시프로필트라이모늄하이알루로네이트,하이알루로닉애씨드,하이드롤라이즈드하이알루로닉애씨드,하이드롤라이즈드소듐하이알루로네이트,효모폴리펩타이드,소듐하이알루로네이트,펜틸렌글라이콜,소듐하이알루로네이트크로스폴리머,에틸헥실글리세린,라임전초오일,센티드제라늄꽃오일,베르가모트오일,라벤더오일,연필향나무오일,고수열매오일,캐모마일꽃오일,단향오일,리모넨,리날룰,시트로넬올,제라니올,시트랄,벤질살리실레이트"
"A000000208208","[화잘먹/뿌리는앰플] 아이다 글루타치온 브라이트닝 앰플 미스트 60ml","아이다","60.0","60.0","ml","32000","28800","4800.0","정제수, 부틸렌글라이콜, 카프릴릭/카프릭 트라이글리세라이드, *글리세린, 세틸에틸헥사노 에이트, 프로판다이올, 펜타에리스리틸테트라아이 소스테아레이트, 나이아신아마이드, *1,2-헥산다 이올, 폴리글리세릴-10라우레이트, 비닐다이메티콘, *하이드로제네이티드레시틴, 사카라이드하이 드롤리세이트, 에틸헥실글리세린, 아데노신, 다이 소듐이디티에이, 바쿠치올, 3-O-에틸아스코빅애 씨드, 엉겅퀴추출물, *글루타티온 (5ppm), 물망초 꽃/잎/줄기추출물, 원추리꽃추출물 *글루타치온 리포좀 50,000 ppm 함유"
"A000000208448","유이크 바이옴 베리어 크림 미스트 100ml","유이크","100.0","100.0","ml","23000","19500","1950.0","정제수, 쿠티박테리움 아비둠발효추출여과물(9.7%), 메틸프로판다이올, 글리세린, 트라이에틸헥사노인, 하이드로제네이티드폴리(C6-14올레핀), 나이아신아마이드, 펜틸렌글라이콜, 다시마추출물, 한련초잎추출물, 귀리커넬추출물, 아티초크잎추출물, 하이드로제네이티드레시틴, 녹차수, 폴리글리세릴-10미리스테이트, 다이프로필렌글라이콜, 셀룰로오스검, 베타-글루칸, 폴리쿼터늄-51, 프룩토올리고사카라이드, 레시틴, 하이드롤라이즈드하이알루로닉애씨드, 토코페롤, 부틸렌글라이콜, 에탄올, 프룩탄, 락토바실러스발효용해물, 프로테아제, 1,2-헥산다이올, 에틸헥실글리세린, 페녹시에탄올"
"A000000212393","[선물추천/ 자몽&플로럴향 리추얼 멀티오일] 눅스 윌 프로디쥬스 멀티 플로럴 오일 50ml 기획","눅스","50.0","50.0","ml","35000","31500","6300.0","코코-카프릴레이트/카프레이트, 퀸즈랜드넛오일, 다이카프릴릴에터, 카프릴릭/카프릭트라이글리세라이드, 스위트아몬드오일, 유럽개암씨오일, 유차나무씨오일, 동백나무씨오일, 아르간커넬오일, 보리지씨오일, 토코페롤, 해바라기씨오일, 토코페릴아세테이트, 로즈마리잎추출물, 폴리글리세릴-3다이아이소스테아레이트, 정제수, 아스코빅애씨드, 향료, 리모넨, 리날룰, 시트랄, 시트로넬올, 하이드록시시트로넬알, 제라니올"
"A000000212409","올리세 퓨어워터 미스트 300ml","올리세","300.0","300.0","ml","9900","7900","263.3","100% 퓨어워터"
"A000000213555","프라나롬 캐모마일 하이드롤라 150ml","프라나롬","150.0","150.0","ml","37000","33300","2220.0","캐모마일꽃수 100%"
"A000000213556","[100% 로즈 꽃수] 프라나롬 로즈 하이드롤라 150ml","프라나롬","150.0","150.0","ml","37000","33300","2220.0","다마스크 로즈 꽃수 100%"
"A000000214199","케어놀로지 리블루 나이트 페이셜 오일 50ml","케어놀로지","50.0","50.0","ml","89000","75650","15130.0","호호바씨오일, 쿠쿠이나무씨오일, 줄맨드라미씨오일, 블랙윌로우나무껍질추출물, 쑥국화추출물(블루탄지꽃오일), 센티드제라늄꽃오일, 토코페롤, 비터오렌지꽃오일, 시트랄, 리날룰, 리모넨, 시트로넬올, 제라니올"
"A000000214202","케어놀로지 리블루 밸런싱 크림 인 미스트 120ml","케어놀로지","120.0","120.0","ml","34000","28900","2408.3","정제수, 부틸렌글라이콜, 아이소노닐아이소노나노에이트, 1,2-헥산다이올, 헵틸운데실레네이트, 아이소스테아릴아이소스테아레이트, 글리세린, 폴리글리세릴-3다이아이소스테아레이트, 에틸헥실글리세린, 판테놀, 센티드제라늄꽃오일, 쑥국화추출물(블루탄지꽃오일), 다이소듐이디티에이, 소듐하이알루로네이트, 하이드롤라이즈드하이알루로닉애씨드, 알로에베라잎즙가루, 소듐아세틸레이티드하이알루로네이트, 리날룰, 시트로넬올, 제라니올, 리모넨, 시트랄"
"A000000215152","[기적의미스트] 그라운드플랜 미스트 100ml","그라운드플랜","100.0","100.0","ml","34000","27500","2750.0","버지니아풍년화추출물,부틸렌글라이콜,다이프로필렌글라이콜,글리세린,폴리글리세릴-10라우레이트, 폴리글리세릴-10미리스테이트,카프릴릴글라이콜,1,2-헥산다이올,스타아니스추출물,라벤더오일,다이 소듐이디티에이,다이포타슘글리시리제이트,알란토인,자일리톨,베타인,병풀추출물,쇠비름추출물,뽕 나무껍질추출물,시트릭애씨드,리날룰"
"A000000215447","[뿌리는 진정 토너] 더말로지카 울트라카밍 미스트 177ml","더말로지카","177.0","177.0","ml","53000","46900","2649.7","정제수, 부틸렌글라이콜, 피피지-2아이소세테스-20아세테이트, 글리세린, 류코노스톡/무발효여과물, 펜틸렌글라이콜, 비사보롤, 알로에베라잎즙, 하이드록시페닐프로파미도벤조익애씨드, 귀리커넬추출물, 생강추출물, 레드호그위드뿌리추출물"
"A000000219172","[화잘먹오일프렙/멀티오일] 눅스 윌 프로디쥬스 멀티 드라이 오일 50ml(단품)","눅스","50.0","50.0","ml","35000","31500","6300.0","코코-카프릴레이트/카프레이트, 퀸즈랜드넛오일, 다이카프릴릴에터, 카프릴릭/카프릭트라이글리세라이드, 스위트아몬드오일, 유럽개암씨오일, 유차나무씨오일, 동백나무씨오일, 아르간커넬오일, 보리지씨오일, 토코페롤, 해바라기씨오일, 토코페릴아세테이트, 로즈마리잎추출물, 폴리글리세릴-3다이아이소스테아레이트, 정제수, 아스코빅애씨드, 토마토추출물, 향료, 리날룰, 리모넨, 시트로넬올, 제라니올"
"A000000219930","[모공탄력개선] 숨37 시크릿 모공 세라마이드 버블 오일 에센스 미스트 60ml 기획/단품","숨37","60.0","60.0","ml","29000","21500","3583.3","정제수, 변성알코올, C13-15알케인, 부틸렌글라이콜, 글리세린, 락토바실러스발효용해물, 다이카프릴릴카보네이트, 트레할로오스, 1,2-헥산다이올, 스쿠알란, 자일리톨, 카프릴릭/카프릭트라이글리세라이드, 아이소노닐아이소노나노에이트, 해바라기씨오일, 글루코노락톤, 하이드록시에틸피페라진에탄설포닉애씨드, 비니거, 트로메타민, 아데노신, 리놀레익애씨드, 캐스터오일/아이피디아이코폴리머, 리놀레닉애씨드, 토코페롤, 다이포타슘글리시리제이트, 덱스트린, 코코넛야자오일, 잇꽃꽃추출물, 당근추출물, 알지닌, 카놀라오일, 카보머, 카카오씨추출물, 당근씨오일, 살리실로일피토스핑고신, 베타-카로틴, 아모다이메티콘, 티아꽃추출물, 효모폴리펩타이드, 토코페릴아세테이트, 하이드로제네이티드레시틴, 수크로오스스테아레이트, 세라마이드엔피, 콜레스테롤, 2,3-부탄다이올, 글리세릴스테아레이트, 팔미틱애씨드, 세라마이드에이피, 세라마이드엔지, 락토바실러스/배즙발효여과물, 효모/보리씨발효여과물, 수박추출물, 무추출물, 락토바실러스/인삼뿌리발효여과물, 락토바실러스/콩발효추출물, 락토바실러스/부레옥잠발효물, 모나스커스/쌀발효물, 효모/포도발효추출물, 효모/감자추출물발효여과물, 효모/자일리눔/홍차발효물, 단풍나무잎추출물, 창포뿌리추출물, 개다래추출물, 으름덩굴추출물, 양파추출물, 마늘추출물, 지모뿌리추출물, 쑥잎추출물, 사탕무뿌리추출물, 양배추추출물, 순무잎추출물, 동백나무잎추출물, 파파야열매추출물, 결명씨추출물, 병풀추출물, 모과추출물, 치커리뿌리추출물, 베르가모트잎추출물, 유자추출물, 귤껍질추출물, 더덕뿌리추출물, 쿠네아타산사열매추출물, 오이열매추출물, 울금뿌리추출물, 감추출물, 쇠뜨기추출물, 비파나무잎추출물, 무화과추출물, 허브로버트추출물, 긴병꽃풀추출물, 스페인감초뿌리추출물, 잎새버섯자실체추출물, 해바라기씨추출물, 원추리꽃추출물, 고구마뿌리추출물, 표고버섯추출물, 레몬버베나잎추출물, 인동덩굴꽃추출물, 구기자추출물, 레몬밤추출물, 페퍼민트꽃/잎/줄기추출물, 산뽕나무잎추출물, 바나나추출물, 연꽃뿌리추출물, 바질잎추출물, 기장추출물, 소엽잎추출물, 팥추출물, 왕질경이씨추출물, 도라지뿌리추출물, 쇠비름추출물, 살구추출물, 복숭아추출물, 자두추출물, 사과추출물, 지황뿌리추출물, 로즈마리잎추출물, 라즈베리추출물, 살비아잎추출물, 얼룩조릿대잎추출물, 형개추출물, 검은깨추출물, 시금치추출물, 서양민들레잎추출물, 타임잎추출물, 하늘타리뿌리추출물, 미역추출물, 생강추출물, 마트리카리아꽃추출물, 은행추출물, 약모밀추출물, 락토바실러스/호밀가루발효물, 락토바실러스/고추냉이뿌리발효추출물, 세라마이드이오피, 향료, 리모넨, 리날룰, 시트로넬올, 시트랄, 제라니올

 Cyto-ferm Activator™  멜팅세라마이드  Tru-Active™  Biopeptide190™"
"A000000223623","[NEW] 숨37 시크릿 에센스 미스트 60ml 리필 기획 (+60ml)","숨37","60.0","120.0","ml","54000","45900","3825.0","정제수, 글리세린, 변성알코올, 부틸렌글라이콜, 트레할로오스, 자일리톨, 페룰릭애씨드, 비니거, 락토바실러스/인삼뿌리발효여과물, 락토바실러스/배즙발효여과물, 락토바실러스/호밀가루발효물, 락토바실러스/부레옥잠발효물, 락토바실러스/콩발효추출물, 락토바실러스/고추냉이뿌리발효추출물, 효모/보리씨발효여과물, 효모/감자추출물발효여과물, 효모/포도발효추출물, 효모/자일리눔/홍차발효물, 모나스커스/쌀발효물, 단풍나무잎추출물, 창포뿌리추출물, 개다래추출물, 으름덩굴추출물, 양파추출물, 마늘추출물, 지모뿌리추출물, 쑥잎추출물, 사탕무뿌리추출물, 양배추추출물, 순무잎추출물, 동백나무잎추출물, 파파야열매추출물, 결명씨추출물, 모과추출물, 치커리뿌리추출물, 수박추출물, 베르가모트잎추출물, 유자추출물, 귤껍질추출물, 더덕뿌리추출물, 쿠네아타산사열매추출물, 오이열매추출물, 울금뿌리추출물, 당근추출물, 감추출물, 쇠뜨기추출물, 비파나무잎추출물, 무화과추출물, 허브로버트추출물, 은행추출물, 긴병꽃풀추출물, 잎새버섯자실체추출물, 해바라기씨추출물, 원추리꽃추출물, 약모밀추출물, 고구마뿌리추출물, 표고버섯추출물, 레몬버베나잎추출물 인동덩굴꽃추출물 구기자추출물, 레몬밤추출물, 페퍼민트꽃/잎/줄기추출물, 산뽕나무잎추출물, 바나나추출물, 연꽃뿌리추출물, 바질잎추출물, 기장추출물, 소엽잎추출물, 팥추출물, 왕질경이씨추출물, 도라지뿌리추출물, 쇠비름추출물, 살구추출물, 복숭아추출물, 자두추출물, 사과추출물, 무추출물, 지황뿌리추출물, 라즈베리추출물, 살비아잎추출물, 얼룩조릿대잎추출물, 형개추출물, 참깨추출물, 시금치추출물, 서양민들레잎추출물, 타임잎추출물, 하늘타리뿌리추출물, 미역추출물, 생강추출물, 포도주추출물, 호장근뿌리추출물, 마트리카리아꽃추출물, 로즈마리잎추출물, 녹차추출물, 병풀추출물, 스페인감초뿌리추출물, 황금추출물, 육두구추출물, 카카오추출물, 잇꽃꽃추출물, 나이아신아마이드, 하이드로제네이티드레시틴, 레시틴, 시어버터, 1,2-헥산다이올, 피이지-40하이드로제네이티드캐스터오일, 폴리솔베이트20, 소듐시트레이트, 시트릭애씨드, 사이클로펜타실록세인, 트라이소듐이디티에이, 덱스트린, 폴록사머234, 베르가모트오일, 라벤더오일, 라임전초오일, 캐모마일꽃오일, 센티드제라늄꽃오일, 리모넨, 리날룰, 시트로넬올, 시트랄, 제라니올"
"A000000224446","[잡티미백/톤업]비건이펙트 비타씨 글루타치온 미스트 100ml","비건이펙트","100.0","100.0","ml","","18500","1850.0","정제수,세틸에틸헥사노에이트,카프릴릭/카프릭트라이글리세라이드,스쿠알란,부틸렌글라이콜,나이아신아마이드,1,2-헥산다이올,글리세린,아스코빌테트라이소팔미테이트,소듐클로라이드,하이드록시아세토페논,에틸헥실글리세린,비타민나무열매오일(1,050 ppm),잔탄검,향료,아데노신,다이소듐이디티에이,토코페롤,다이프로필렌글라이콜,소듐시트레이트,3-O-에틸아스코빅애씨드(0.85 ppm),알란토인,아스코빅애씨드(0.85 ppm),시트릭애씨드,글루타티온,소듐하이알루로네이트,프로판다이올,카카두플럼추출물(0.51 ppm),글리세릴글루코사이드,당근씨오일,병풀추출물,폴리글리세릴-10라우레이트,딜추출물,하이드로제네이티드레시틴,로켓잎추출물,비타민나무수(4.25 ppb),까무까무열매추출물"
"A000000225603","[뿌리는PDRN] 차앤박 더마앤서 스킨 부스팅 세럼 미스트 100g","차앤박","100.0","100.0","g(약 1ml 상당으로 근사)","","18000","1800.0","정제수, 글리세린, 카프릴릭/카프릭트라이글리세라이드, 나이아신아마이드, 소듐디엔에이, 락토바실러스발효용해물, 스쿠알란, 아데노신, 토코페롤, 폴리글리세릴-10올리에이트, 1,2-헥산다이올, 카프릴릴글라이콜, 에틸헥실글리세린, 트라이소듐이디티에이, 돌콩오일, 부틸렌글라이콜, 소듐다이라우미도글루타미드라이신, 향료"
"A000000229588","런드리유 클린 페이스 솔리드 미스트 카밍 100g","런드리유","100.0","100.0","g(약 1ml 상당으로 근사)","32000","27200","2720.0","정제수, 글리세린, 프로판다이올, 부틸렌글라이콜, 오레가노잎추출물, 1,2-헥산다이올, 편백잎추출물, 해수, 젤란검, 칼슘락테이트, 에틸헥실글리세린, 다이소듐이디티에이, 다이포타슘글리시리제이트, 다이프로필렌글라이콜, 락토바실러스발효용해물, 락토코쿠스발효용해물, 비피다발효용해물, 토코페롤, 엑토인, 서양민들레잎추출물"
"A000000232975","[화잘먹미스트] 휩드 무화버터 비건 밀크폼 팩미스트 150ml","휩드","150.0","150.0","ml","26000","20800","1386.7","정제수, 다이카프릴릴에터, 메틸프로판다이올, 하이드로제네이티드폴리(C6-14올레핀), 1,2-헥산다이올, 나이아신아마이드, 에리스리톨, 소듐클로라이드, 트레할로오스, 베타인, 하이드로제네이티드레시틴, 폴리글리세릴-10미리스테이트, 에틸헥실글리세린, 부틸렌글라이콜, 아데노신, 잔탄검, 모나스커스추출물, 무화과추출물, 덱스트린, 토코페롤, 카카오추출물, 트라넥사믹애씨드, 쌀겨추출물, 락토바실러스발효물, 카프릴릴글라이콜, 글리세린, 하이드롤라이즈드익스텐신, 옥틸도데칸올, 쌀겨오일, 카카오씨버터, 아세틸헥사펩타이드-8, 세라마이드엔피, 카프릴로일살리실릭애씨드, 다이소듐이디티에이, 향료, 리모넨"
"A000000233179","[올영단독/NEW] 제나벨 PDRN 듀얼 글로우 세럼 미스트 100ml","제나벨","100.0","100.0","ml","","28000","2800.0","정제수,에틸헥실팔미테이트,C12-15알킬벤조에이트,카프릴릭/카프릭트라이글리세라이드,세틸에틸헥사노에이트,해바라기씨오일,나이아신아마이드,1,2-헥산다이올,소듐디엔에이,돌콩오일,하이드록시아세토페논,하이드롤라이즈드콜라겐,덱스판테놀,부틸렌글라이콜,시트릭애씨드,아데노신,토코페롤,에틸헥실글리세린,소듐클로라이드,글리세린,다이소듐이디티에이,아나토씨오일,솔비톨,호호바씨오일,잇꽃씨오일,자일리틸글루코사이드,아보카도오일,안하이드로자일리톨,프로판다이올,자일리톨,하이알루로닉애씨드,하이드롤라이즈드소듐디엔에이,소듐하이알루로네이트,식물성오일,베타-글루칸,레시틴,트라이펩타이드-1,폴리글루타믹애씨드,폴리솔베이트20,하이드롤라이즈드하이알루로닉애씨드,하이드롤라이즈드소듐하이알루로네이트,하이드록시프로필트라이모늄하이알루로네이트,히스티딘,류신,라이신,메티오닌,알지닌,아이소류신,페닐알라닌,소듐아세틸레이티드하이알루로네이트,트립토판,발린,트레오닌,다이메틸실란올하이알루로네이트,카퍼트라이펩타이드-1,아세틸헥사펩타이드-8,소듐아스코빌포스페이트,소듐하이알루로네이트크로스폴리머,팔미토일테트라펩타이드-7,노나펩타이드-1,팔미토일펜타펩타이드-4,팔미토일트라이펩타이드-5,펜틸렌글라이콜,포타슘하이알루로네이트,소듐벤조에이트,향료"
"A000000235165","[화잘먹 젤리미스트] 빛클 살구콜라겐 젤세럼 미스트 100ml","빛클","100.0","100.0","ml","29000","24200","2420.0","정제수, 메도우폼씨오일, 부틸렌글라이콜, 글리세린, 벤질글라이콜, 소듐클로라이드, 해바라기씨오일, 카프릴릴글라이콜, 젤란검, 1,2-헥산다이올, 프로판다이올, 에틸헥실글리세린, 아데노신, 향료, 화이트루핀씨추출물, 인도멀구슬나무추출물, 스타아니스추출물, 드럼스틱씨오일, 토코페롤, 식물성오일, 바쿠치올, 녹용추출물, 살구씨추출물 8.6ppb, 살구씨오일 7ppb, 하이드롤라이즈드콜라겐 0.43ppb,하이드롤라이즈드하이알루로닉애씨드, 하이알루로닉애씨드, 하이드롤라이즈드소듐하이알루로네이트, 소듐하이알루로네이트, 포타슘하이알루로네이트, 소듐하이알루로네이트크로스폴리머, 하이드록시프로필트라이모늄하이알루로네이트, 소듐아세틸레이티드하이알루로네이트, 연옥가루"
"A000000235494","[수분장벽/진정잠금] 런드리유 카밍 고체미스트 100g+30g 기획","런드리유","100.0","130.0","g(약 1ml 상당으로 근사)","","32000","2461.5","정제수, 글리세린, 프로판다이올, 부틸렌글라이콜, 오레가노잎추출물, 1,2-헥산다이올, 편백잎추출물, 해수, 젤란검, 칼슘락테이트, 에틸헥실글리세린, 다이소듐이디티에이, 다이포타슘글리시리제이트, 다이프로필렌글라이콜, 락토바실러스발효용해물, 락토코쿠스발효용해물, 비피다발효용해물, 토코페롤, 엑토인, 서양민들레잎추출물"
"A000000235504","[장원영PICK/속광부스터] 닥터엘시아 345 릴리프 크림 미스트 100ml","닥터엘시아","100.0","100.0","ml","25000","22500","2250.0","쌀겨수,글리세린,트라이에틸헥사노인,정제수,하이드로제네이티드폴리(C6-14올레핀),부틸렌글라이콜,메틸프로판다이올,펜틸렌글라이콜,1,2-헥산다이올,스트렙토코쿠스 테르모필루스발효물,사과즙,쌀추출물,씨솔트,백미꽃추출물,아스퍼질러스발효물,접시꽃추출물,하이드롤라이즈드하이알루로닉애씨드,알로에베라잎수,귀리커넬추출물,병풀잎추출물,락토바실러스발효물,약모밀추출물,하이알루로닉애씨드,비피다발효추출물,하이드롤라이즈드쌀단백질,쌀아미노산,판테놀,베타인,트라이라우레스-4포스페이트,에틸헥실글리세린,폴리쿼터늄-51,소듐파이테이트,시트릭애씨드,토코페롤,하이드록시프로필트라이모늄하이알루로네이트,마데카소사이드,실란트라이올"
"A000000235510","[뿌리는 속광부스터] 닥터엘시아 345 릴리프 크림 미스트 60ml","닥터엘시아","60.0","60.0","ml","16000","14400","2400.0","쌀겨수,글리세린,트라이에틸헥사노인,정제수,하이드로제네이티드폴리(C6-14올레핀),부틸렌글라이콜,메틸프로판다이올,펜틸렌글라이콜,1,2-헥산다이올,스트렙토코쿠스 테르모필루스발효물,사과즙,쌀추출물,씨솔트,백미꽃추출물,아스퍼질러스발효물,접시꽃추출물,하이드롤라이즈드하이알루로닉애씨드,알로에베라잎수,귀리커넬추출물,병풀잎추출물,락토바실러스발효물,약모밀추출물,하이알루로닉애씨드,비피다발효추출물,하이드롤라이즈드쌀단백질,쌀아미노산,판테놀,베타인,트라이라우레스-4포스페이트,에틸헥실글리세린,폴리쿼터늄-51,소듐파이테이트,시트릭애씨드,토코페롤,하이드록시프로필트라이모늄하이알루로네이트,마데카소사이드,실란트라이올"
"A000000237006","[NEW/수분광채/청담샵 추천] 헤슬 쏙보습 쌀 세럼 미스트 150ml","헤슬","150.0","150.0","ml","","19500","1300.0","쌀겨수(750,974ppm), 세틸에틸헥사노에이트, 프로판다이올, 부틸렌글라이콜, 카프릴릭/카프릭트라이글리세라이드, 글리세린, 다이카프릴릴카보네이트, 1,2-헥산다이올, 글리세레스-26, 옥틸도데칸올, 폴리글리세릴-10라우레이트, 정제수, 사카라이드하이드롤리세이트, 하이드로제네이티드레시틴, 에틸헥실글리세린, 락토바실러스발효물, 아데노신, 다이소듐이디티에이, 쌀겨오일(100ppm), 포스파티딜콜린, 하이드롤라이즈드쌀단백질(1ppm), 세라마이드엔피, 글라이신, 세린, 쌀아미노산(0.01ppm), 글루타믹애씨드, 라이신, 알라닌, 트레오닌, 프롤린, 알지닌"
"A000000238503","[NEW] 헤라 컴피 리바이탈라이징 세럼 미스트 90ml","헤라","90.0","90.0","ml","82000","64940","7215.6","정제수, 부틸렌글라이콜, 하이드로제네이티드폴리(C6-14올레핀), 글리세린, 1,2-헥산다이올 ,베타인 ,소듐클로라이드 ,에틸헥실글리세린, 토코페롤, 향료, 다이소듐이디티에이, 아데노신, 해바라기씨오일, 동백나무씨오일, 당근추출물, 프로판다이올, 동백나무꽃추출물, 바이오플라보노이드, 베타-카로틴"
"A000000240137","[수분쿨링] 닥터엘시아 아쿠아 마린 젤리 미스트 100ml","닥터엘시아","100.0","100.0","ml","25000","22500","2250.0","정제수,해수(100,000ppm),트라이프로필렌글라이콜,글리세레스-26,메틸프로판다이올,부틸렌글라이콜,자일리톨,1,2-헥산다이올,소듐클로라이드,글리세린,하이드록시아세토페논,젤란검,글리세레스-25피씨에이아이소스테아레이트,프로판다이올,에틸헥실글리세린,트라이소듐에틸렌다이아민다이석시네이트,다이소듐이디티에이,메틸다이아이소프로필프로피온아마이드,베타-글루칸,말라카이트추출물,알지닌,하이알루로닉애씨드,하이드롤라이즈드하이알루로닉애씨드,소듐하이알루로네이트,소듐디엔에이(0.1ppm)"
"A000000240152","[화잘먹] 콜라겐 피디알엔 푸딩 미스트 앰플 100g","채운","100.0","100.0","g(약 1ml 상당으로 근사)","34000","26600","2660.0","정제수, 글리세린, 프로판다이올, 부틸렌글라이콜, 1,2-헥산다이올, 폴리글리세릴-10라우레이트, 칼슘락테이트, 젤란검, 에틸헥실글리세린, 아데노신, 다이소듐이디티에이, 커피콩추출물, 하이드롤라이즈드익스텐신, 향료, 소듐하이알루로네이트, 소듐디엔에이, 사이아노코발아민, 하이드록시프로필트라이모늄하이알루로네이트, 하이드롤라이즈드하이알루로닉애씨드, 소듐아세틸레이티드하이알루로네이트, 토코페롤, 하이알루로닉애씨드, 하이드롤라이즈드소듐하이알루로네이트, 소듐하이알루로네이트크로스폴리머, 포타슘하이알루로네이트, 아텔로콜라겐, 데사미도콜라겐, 하이드롤라이즈드콜라겐, 수용성콜라겐, 콜라겐, 콜라겐아미노산, 프로콜라겐"
"A000000240153","[광채톤업] 비타민 푸딩 미스트 앰플 100g","채운","100.0","100.0","g(약 1ml 상당으로 근사)","34000","28900","2890.0","정제수, 글리세린,프로판다이올, 부틸렌글라이콜,나이아신아마이드 (20,000,000 PPB),1,2-헥산다이올, 비타민나무수 (11,760,000 PPB),
폴리글리세릴-10라우레이트, 젤란검, 칼슘락테이트,에틸헥실글리세린, 다이소듐이디티에이 (300,000 PPB),향료, 카카오씨추출물, 황련뿌리추출물 (3,000 PPB),3-0-에틸아스코빅애씨드 (10,000 PPB),스페인감초뿌리추출물 (1,000 PPB), 토코페롤 (250 PPB),소듐하이알루로네이트, 레몬추출물 (100 PPB),하이드록시프로필트라이모늄하이알루로네이트,하이드롤라이즈드하이알루로닉애씨드,소듐아세틸레이티드하이알루로네이트, 하이알루로닉애씨드,하이드롤라이즈드소듐하이알루로네이트,소듐하이알루로네이트크로스폴리머, 포타슘하이알루로네이트"
"A000000240155","[쿨링진정] 시카 캐비지 푸딩 미스트 앰플 100g","채운","100.0","100.0","g(약 1ml 상당으로 근사)","34000","26600","2660.0","정제수, 글리세린,프로판다이올, 부틸렌글라이콜,1,2-헥산다이올, 병풀잎수 (10,780,000 PPB),폴리글리세릴-10라우레이트, 젤란검, 칼슘락테이트,에틸헥실글리세린, 다이소듐이디티에이 (300,000 PPB),향료, 덱스트린, 치자추출물, 토코페롤 (250 PPB),양배추추출물 (100 PPB),하이드롤라이즈드하이알루로닉애씨드(100 PPB),약모밀추출물 (100 PPB), 알로에베라잎추출물 (100 PPB),카프릴릴글라이콜(20 PPB), 병풀추출물 (10 PPB),병풀잎추출물 (10 PPB), 병풀뿌리추출물 (10 PPB),아시아틱애씨드 (0.01 PPB), 아시아티코사이드(0.01 PPB),마데카소사이드 (0.01 PPB), 마데카식애씨드 (0.01 PPB)"
"A000000240156","[장벽보습] 채운 히알루론 푸딩 미스트 앰플 100g","채운","100.0","100.0","g(약 1ml 상당으로 근사)","34000","28900","2890.0","정제수 , 글리세린(79,600,000 PPB), 프로판다이올, 부틸렌글라이콜,1,2-헥산다이올, 해수(10,670,000 PPB), 폴리글리세릴-10라우레이트, 칼슘락테이트, 젤란검, 에틸헥실글리세린,아데노신, 다이소듐이디티에이 (300,000 PPB), 덱스트린, 향료,치자추출물 (33,400 PPB), 밤부사 불가리스수 (9,200 PPB),효모발효여과물(8,800 PPB), 소듐하이알루로네이트 (1,000 PPB),다발방패버섯추출물 (500 PPB),토코페롤 (250 PPB),하이드록시프로필트라이모늄하이알루로네이트(100 PPB),병풀추출물(100 PPB), 병풀잎추출물 (100 PPB), 병풀뿌리추출물(100 PPB), 하이드롤라이즈드하이알루로닉애씨드(10 PPB),소듐아세틸레이티드하이알루로네이트(10 PPB),하이알루로닉애씨드(2.5PPB), 소듐하이알루로네이트크로스폴리머(1 PPB), 하이드롤라이즈드소듐하이알루로네이트(1 PPB),
포타슘하이알루로네이트(0.2PPB), 마데카소사이드,마데카식애씨드, 아시아틱애씨드, 아시아티코사이드"
"A000000241356","[레오제이PICK] 라씨엘르 신선초 진정에이징 에센스 미스트 50ml","라씨엘르","50.0","50.0","ml","32000","22400","4480.0","병풀잎수(386,000ppm),정제수,카프릴릭/카프릭트라이글리세라이드,펜틸렌글라이콜,글리세린,프로판다이올,바쿠치올(5,000ppm),알지닌,레불리닉애씨드,소듐아니세이트,호호바씨오일(2,000ppm),동백나무씨오일(2,000ppm),부틸렌글라이콜,베타인,신선초잎/줄기추출물(1,000ppm),아데노신,인도멀구슬나무잎추출물, 인도멀구슬나무꽃추출물,귤껍질추출물,하이알루로닉애씨드,아이비고드열매추출물,가지열매추출물,마데카소사이드,아시아티코사이드,병풀추출물,옥수수잎추출물,홀리바질잎추출물,참산호말추출물,울금뿌리추출물,아시아틱애씨드,마데카식애씨드,로즈우드오일,아리비안자스민꽃추출물,리날룰"
"A000000242632","[장벽미스트/안개분사] 나인위시스 하이드라 판테톨 베리어 미스트 120ml","나인위시스","120.0","120.0","ml","23000","18400","1533.3","정제수, 글리세린, 다이프로필렌글라이콜, 글리세레스-26, 나이아신아마이드, 판테놀(20,000ppm), 트라이에틸헥사노인, 다이페닐다이메티콘, 1,2-헥산다이올, 자일리틸글루코사이드(6,000ppm), 트레할로오스, 안하이드로자일리톨(4,200ppm), 에틸헥실글리세린, 하이드로제네이티드레시틴, 폴리글리세릴-10올레에이트, 자일리톨(1,800ppm), 베타인, 소듐시트레이트, 글루코오스(600ppm), 글리세릴폴리메타크릴레이트, 시트릭애씨드, 아데노신, 알란토인, 다이소듐이디티에이, 마리스알툼, 소듐하이알루로네이트, 락토바실러스발효용해물, 부틸렌글라이콜, 세라마이드이오피, 세라마이드엔에스, 세라마이드엔피, 세라마이드에이피"
"A000000244498","코스알엑스 더 세라마이드 스킨 베리어 모이스처라이징 미스트 120ml","코스알엑스","120.0","120.0","ml","","24000","2000.0","정제수, 글리세린, 부틸렌글라이콜, 카프릴릭/카프릭트라이글리세라이드, 하이드로제네이티드폴리(C6-14올레핀), 다이메티콘, 세틸에틸헥사노에이트, 하이드록시프로필비스라우라마이드엠이에이(10,000 ppm), 1,2-헥산다이올, 콜레스테롤, 소듐서팩틴, 글리세릴카프릴레이트, 에틸헥실글리세린, 다이소듐이디티에이, 베헤닉애씨드, 스쿠알란, 판테놀, 알란토인, 하이드로제네이티드레시틴, 세테
아릴알코올, 토코페롤, 베타인, 스테아릭애씨드, 프로판다이올, 소듐피씨에이, 소듐하이알루로네이트, 소듐락테이트, 피씨에이, 세린, 알라닌, 글라이신, 하이드롤라이즈드하이알루로닉애씨드, 세라마이
드엔피(55 ppb), 글루타믹애씨드, 소듐하이알루로네이트크로스폴리머, 라이신에이치씨엘, 트레오닌, 알지닌, 하이알루로닉애씨드, 세라마이드엔에스(15 ppb), 피토스핑고신, 세라마이드에이피(5 ppb), 
세라마이드에이에스(5 ppb), 프롤린, 소듐아세틸레이티드하이알루로네이트, 세라마이드이오피(0.01ppb)"
"A000000244588","눅스 윌 프로디쥬스 멀티 드라이 오일 50ml 기획 (+핸드 앤 네일 크림 15ml)","눅스","50.0","65.0","ml","35000","31500","4846.2","코코-카프릴레이트/카프레이트, 퀸즈랜드넛오일, 다이카프릴릴에터, 카프릴릭/카프릭트라이글리세라이드, 스위트아몬드오일, 유럽개암씨오일, 유차나무씨오일, 동백나무씨오일, 아르간커넬오일, 보리지씨오일, 토코페롤, 해바라기씨오일, 토코페릴아세테이트, 로즈마리잎추출물, 폴리글리세릴-3다이아이소스테아레이트, 정제수, 아스코빅애씨드, 토마토추출물, 향료, 리날룰, 리모넨, 시트로넬올, 제라니올"
"A000000244926","[미니30ml증정/청담샵미스트] 톰 콜라겐 앰플 미스트 73.8ml 기획세트 (본품+미니)","톰","30.0","103.8","ml","49000","25900","2495.2","상품 상세페이지 참고."
"A000000245094","[더블세트] 에스트라 아토베리어365 크림미스트 120ml 2입 기획","에스트라","120.0","240.0","ml","46000","41400","1725.0","정제수, 글리세린, 부틸렌글라이콜, 카프릴릭/카프릭트리글리세라이드, 하이드로제네이티드폴리(C6-14올레핀),디메치콘, 세틸에칠헥사노에이트, 하이드록시프로필비스라우라마이드엠이에이(10,000 ppm), 1,2-헥산디올, 소듐서팩틴, 콜레스테롤, 글리세릴카프릴레이트, 디소듐디티 에이, 에칠헥실글리세린, 베헤닉애씨드, 토코페롤"
"A000000246187","[간편수분미스트] 그라운드플랜 미스트 50ml","그라운드플랜","50.0","50.0","ml","22000","18500","3700.0","버지니아풍년화수, 부틸렌글라이콜, 글리세린, 다이프로필렌글라이콜, 1,2-헥산다이올, 폴리글리세릴-10라우레이트, 폴리글리세릴-13미리스테이트, 카프릴릴글라이콜, 스타아니스추출물, 라벤더오일, 다이소듐이디티에이, 다이포타슘글리시리제이트, 알란토인, 자일리톨, 베타인, 정제수, 병풀추출물, 쇠비름추출물, 뽕나무껍질추출물, 시트릭애씨드, 리날룰"
"A000000246714","[진정 미스트] 오브제 맥스 스킨 미스트 250ml","오브제","250.0","250.0","ml","","20000","800.0","해수, 펜틸렌글라이콜, 에리스리톨, 1,2-헥산다이올, *락토바실러스발효용해물, 에틸헥실글리세린, 다이소듐이디티에이, 부틸렌글라이콜, 잔탄검"
"A000000246901","[청담샵추천/뿌리는프렙] 잇츠스킨 시크릿 솔루션 웨딩드레스 글로우 베일 미스트 100ml","잇츠스킨","100.0","100.0","ml","19000","15200","1520.0","전성분 정제수 ** , 세틸에틸헥사노에이트, 하이드로제네이티드폴리데센, 코코-카프릴레이트/카프레이트, 부틸렌글라이콜 ** , 카프릴릭/카프릭트라이글리세라이드, 1,2-헥산다이올, 글리세린, 아이소도데케인, 소듐클로라이드, 스쿠알란, 다이소듐이디티에이, 지치뿌리추출물,
잔탄검, 에틸헥실글리세린, 토코페롤, 메틸다이아이소프로필프로피온아마이드, 수레국화꽃수, 마돈나백합꽃수, 브로콜리씨오일*, 잇꽃씨오일*, 녹차씨오일*, 당근씨오일*, 해바라기씨오일*, 커먼자스민꽃추출물, 드럼스틱씨오일*, 올리브오일*, 양까막까치밥나무씨오일*, 토마토
씨오일*, 포도씨오일*, 라벤더추출물, 진주추출물, 로즈마리추출물, 폴리에스터-5, 알로에베라잎추출물 ** , 레몬그라스추출물 ** , 유칼립투스잎추출물 ** , 콘민트추출물 ** , 에리스리톨 ** , 소듐파이테이트, 소듐디엔에이 ***
※주요성분: PDRN *** /COOLIFTM ** /10-SEED OIL*"
"A000000247688","[NEW/화잘먹/비타속광] 오우즈너리 비타3 오로라 미스트 60ml","오우즈너리","60.0","60.0","ml","18000","12960","2160.0","정제수, 다이프로필렌글라이콜, 글리세린, 프로판다이올, 1,2-헥산다이올, 나이아신아마이드, C12-14파레스-12, 부틸렌글라이콜, 하이드로제네이티드레시틴, 판테놀, 세테아릴알코올, 솔비탄스테아레이트, 글리세릴스테아레이트, 세라마이드엔피, 에틸헥실글리세린, 아데노신, 유자껍질오일, 인도멀구슬나무꽃추출물, 홀리바질잎추출물, 인도멀구슬나무잎추출물, 3-O-에틸아스코빅애씨드, 시트릭애씨드, 소듐시트레이트, 토코페릴아세테이트, 글루타티온, 해수, 다이메틸아이소소바이드, 울금뿌리추출물, 참산호말추출물, 아시아티코사이드, 마데카식애씨드, 아시아틱애씨드, 하이드록시피나콜론레티노에이트, 비타민나무수, 글라이신, 세린, 글루타믹애씨드, 아스파틱애씨드, 류신, 알라닌, 라이신, 알지닌, 타이로신, 페닐알라닌, 발린, 트레오닌, 프롤린, 아이소류신, 히스티딘, 메티오닌, 시스테인, 리모넨, 리날룰"
"A000000247748","[NEW] 런드리유 글로우 젤리 미스트 PDRN 100g","런드리유","100.0","100.0","g(약 1ml 상당으로 근사)","32000","27200","2720.0","정제수, 글리세린, 프로판다이올, 오레가노잎추출물, 폴리글리세린-3, 나이아신아마이드, 1,2-헥산다이올, 편백잎추출물, 해수, 칼슘락테이트, 젤란검, 에틸헥실글리세린, 다이소듐이디티에이, 부틸렌글라이콜, 소듐디엔에이(1,000ppb), 카프릴릴글라이콜, 토코페롤, 글라이신, 세린, 글루타믹애씨드, 소듐하이알루로네이트, 솔비탄라우레이트, 하이드롤라이즈드콜라겐, 아스파틱애씨드, 류신, 알라닌, 라이신, 알지닌, 타이로신, 페닐알라닌, 프롤린, 발린, 트레오닌, 아이소류신, 하이드록시에틸셀룰로오스, 아세틸다이펩타이드-1세틸에스터, 히스티딘, 메티오닌, 시스테인, 엘라스틴, 콜라겐추출물, 하이드록시프로필트라이모늄하이알루로네이트, 하이드롤라이즈드엘라스틴, 수용성엘라스틴, 폴리글루타믹애씨드, 아세틸헥사펩타이드-1, 팔미토일트라이펩타이드-5, 하이드롤라이즈드하이알루로닉애씨드, 소듐아세틸레이티드하이알루로네이트, 하이알루로닉애씨드, 아세틸옥타펩타이드-3, 하이드롤라이즈드소듐하이알루로네이트, 소듐하이알루로네이트크로스폴리머, 포타슘하이알루로네이트"
"A000000248177","[화잘먹/리필증정] 휩드 무화버터 비건 밀크폼 팩미스트 150ml 기획 (+60ml+화장솜 40매)","휩드","150.0","210.0","ml","26000","20800","990.5","정제수, 다이카프릴릴에터, 메틸프로판다이올, 하이드로제네이티드폴리(C6-14올레핀), 1,2-헥산다이올, 나이아신아마이드, 에리스리톨, 소듐클로라이드, 트레할로오스, 베타인, 하이드로제네이티드레시틴, 폴리글리세릴-10미리스테이트, 에틸헥실글리세린, 부틸렌글라이콜, 아데노신, 잔탄검, 모나스커스추출물, 무화과추출물, 덱스트린, 토코페롤, 카카오추출물, 트라넥사믹애씨드, 쌀겨추출물, 락토바실러스발효물, 카프릴릴글라이콜, 글리세린, 하이드롤라이즈드익스텐신, 옥틸도데칸올, 쌀겨오일, 카카오씨버터, 아세틸헥사펩타이드-8, 세라마이드엔피, 카프릴로일살리실릭애씨드, 다이소듐이디티에이, 향료, 리모넨"
"A000000249277","[장벽미스트/+50ml증정 기획]유이크 바이옴 베리어 크림 미스트 100ml 기획 (+50ml)","유이크","50.0","200.0","ml","23000","20000","1000.0","[본품&증정] 정제수, 쿠티박테리움 아비둠발효추출여과물(9.79%), 메틸프로판다이올, 글리세린, 트라이에틸헥사노인, 하이드로제네이티드폴리(C6-14올레핀), 나이아신아마이드, 펜틸렌글라이콜, 다시마추출물, 한련초잎추출물, 귀리커넬추출물, 아티초크잎추출물, 하이드로제네이티드레시틴, 녹차수, 폴리글리세릴-10미리스테이트, 다이프로필렌글라이콜, 셀룰로오스검, 베타-글루칸, 폴리쿼터늄-51, 프룩토올리고사카라이드, 레시틴, 하이드롤라이즈드하이알루로닉애씨드, 토코페롤, 부틸렌글라이콜, 에탄올, 프룩탄, 락토바실러스발효용해물, 프로테아제, 1,2-헥산다이올, 에틸헥실글리세린, 페녹시에탄올"
"A000000251220","[NEW] 바이오던스 콜라겐 펩타이드 젤리 세럼 미스트 50ml","바이오던스","50.0","50.0","ml","19000","16200","3240.0","콜라겐수(770,965ppm), 글리세린, 프로판다이올, 트라이프로필렌글라이콜, 1,2-헥산다이올, 나이아신아마이드, 글리세레스-26, 정제수, 소듐클로라이드, 하이드록시아세토페논, 젤란검, 칼슘락테이트, 아데노신, 다이소듐이디티에이, 갈락토미세스발효여과물, 사이아노코발아민, 치자추출물, 하이드롤라이즈드스클레로튬검, 카라기난, 하이드롤라이즈드하이알루로닉애씨드, 부틸렌글라이콜, 잔탄검, 캐롭검, 덱스트린, 수크로오스, 아세틸헥사펩타이드-8(1,000ppb), 콜라겐추출물(100ppb), 카퍼트라이펩타이드-1(0.1ppb), 트라이펩타이드-1(0.1ppb), 팔미토일트라이펩타이드-5(0.1ppb), 헥사펩타이드-9(0.1ppb), 팔미토일펜타펩타이드-4(0.1ppb), 올리고펩타이드-1(0.1ppb),팔미토일트라이펩타이드-38(0.1ppb), 펜타펩타이드-4(0.1ppb), 헥사펩타이드-12(0.1ppb)"
"A000000251221","[NEW] 바이오던스 캐비어 PDRN 젤리 세럼 미스트 50ml","바이오던스","50.0","50.0","ml","19000","16200","3240.0","캐비어수(760,867ppm), 글리세린, 메틸프로판다이올, 글리세레스-26, 1,2-헥산다이올, 나이아신아마이드, 소듐클로라이드, 하이드록시아세토페논, 젤란검, 소듐디엔에이(1,000ppm), 칼슘락테이트, 아데노신, 에틸헥실글리세린, 다이소듐이디티에이, 덱스트린, 연어알추출물, 캐비아추출물(77ppm), 치자추출물, 하이드롤라이즈드스클레로튬검, 카라기난, 잔탄검, 정제수, 캐롭검, 수크로오스, 소듐하이알루로네이트, 포타슘하이알루로네이트, 하이드록시프로필트라이모늄하이알루로네이트, 하이드롤라이즈드소듐하이알루로네이트, 하이드롤라이즈드하이알루로닉애씨드, 하이알루로닉애씨드, 펜틸렌글라이콜, 소듐하이알루로네이트크로스폴리머, 소듐아세틸레이티드하이알루로네이트"
"A000000252601","[수분쿨링] 바이오힐보 판테셀 리페어시카 수분 캡슐 미스트 100mL","바이오힐보","100.0","100.0","ml","","22000","2200.0","정제수, 펜틸렌글라이콜, 프로판다이올, 글리세린, 나이아신아마이드, 판테놀(1%), 페닐트라이메티콘, 다이페닐다이메티콘, 에리스리톨, 글리세레스-26, 아크릴레이트/C10-30알킬아크릴레이트크로스폴리머, 아미노메틸프로판다이올, 아데노신, 카보머, 아보카도오일, 1,2-헥산다이올, 돌콩추출물, 부틸렌글라이콜, 토코페롤, 카프릴릭/카프릭트라이글리세라이드, 베타-글루칸, 옥탄다이올, 백미꽃추출물, 해바라기씨오일, 시어버터추출물, 락토바실러스발효용해물, 에틸헥실글리세린, 구아이아줄렌, 접시꽃추출물, 하이알루로닉애씨드, 병풀잎추출물, 베타인, 유칼립톨, 판테닐트라이아세테이트, 알루미늄수크로오스옥타설페이트, 암모늄아크릴로일다이메틸타우레이트/브이피코폴리머, 폴리아크릴레이트크로스폴리머-6, 잔탄검, 칸디다 봄비콜라/글루코오스/메틸레이프씨데이트발효물, 사카라이드아이소머레이트, 다이프로필렌글라이콜, 하이드로제네이티드레시틴, 슈도알테로모나스발효추출물, 솔비톨, 콜레스테롤, 키토산, 소듐하이알루로네이트, 시트릭애씨드, 메발로노락톤, 소듐시트레이트, 글루코노락톤, 판토락톤, 세라마이드엔피, 글라이신, 알지닌, 글루타믹애씨드, 아세틸헥사펩타이드-8, 아스코빅애씨드폴리펩타이드, 아세틸옥타펩타이드-3, 아세틸테트라펩타이드-2, 아세틸테트라펩타이드-3, 아세틸테트라펩타이드-5, 아세틸테트라펩타이드-9, 카르노신, 카퍼트라이펩타이드-1, 노나펩타이드-1, 팔미토일펜타펩타이드-4, 팔미토일트라이펩타이드-1, 팔미토일트라이펩타이드-5"
"A000000253124","헤라 컴피 리바이탈라이징 세럼 미스트 미니 28ml 기획 (+미니 리미티드 케이스)","헤라","28.0","28.0","ml","40000","28350","10125.0","정제수, 부틸렌글라이콜, 하이드로제네이티드폴리(C6-14올레핀), 글리세린, 1,2-헥산다이올 ,베타인 ,소듐클로라이드 ,에틸헥실글리세린, 토코페롤, 향료, 다이소듐이디티에이, 아데노신, 해바라기씨오일, 동백나무씨오일, 당근추출물, 프로판다이올, 동백나무꽃추출물, 바이오플라보노이드, 베타-카로틴"
"A000000253205","[화잘먹/볼륨광미스트] 디어달리아 엔드리스 스킨 크림 미스트","디어달리아","","","","32000","27200","","정제수, 다이프로필렌글라이콜, 세틸에틸헥사노에이트,글리세린, 1,2-헥산다이올, 하이드로제네이티드폴리데센,하이드로제네이티드레시틴, 하이드록시아세토페논,에틸헥실글리세린, 카프릴릭/카프릭트라이글리세라이드,자몽껍질오일, 소듐파이테이트, 라벤더오일, 부틸렌글라이콜,아데노신, 셀룰로오스검, 지치뿌리추출물, 크랜베리추출물,석류추출물, 양까막까치밥나무열매추출물, 무화과추출물,병풀추출물, 카프릴릴글라이콜, 다알리아꽃추출물, 세라마이드엔피,토코페롤, 스위트아몬드오일, 올리브오일, 시어버터, 잇꽃씨오일,칸디다 봄비콜라/글루코오스/메틸레이프씨데이트발효물,리모넨, 리날룰"
"A000000253634","[NEW]차앤박 더마앤서 퍼밍 세럼 미스트 100g(NMN+PDRN)","차앤박","100.0","100.0","g(약 1ml 상당으로 근사)","18000","14400","1440.0","정제수, 글리세린, 카프릴릭/카프릭트라이글리세라이드, 나이아신아마이드, 폴리글리세릴-10올리에이트, 1,2-헥산다이올, 카프릴릴글라이콜, 스쿠알란, 에틸헥실글리세린, 락토코쿠스발효용해물, 부틸렌글라이콜, 아데노신, 토코페롤, 로즈마리잎오일, 트라이소듐이디티에이, 바실러스발효물, 락토바실러스발효물, 스트렙토코쿠스 테르모필루스발효물, 돌콩오일, 소듐다이라우미도글루타미드라이신, 판테놀, 라벤더오일, 니코틴아마이드모노뉴클레오타이드, 멕시칸주니퍼오일, 다이프로필렌글라이콜, 소듐하이알루로네이트, 소듐클로라이드, 락토바실러스발효용해물, 소듐벤조에이트, 암모늄아크릴로일다이메틸타우레이트/브이피코폴리머, 소듐디엔에이, 비피다발효용해물, 하이드로제네이티드레시틴, 글라이신, 소듐스테아로일글루타메이트, 세린, 글루타믹애씨드, 아스파틱애씨드, 류신, 알라닌, 라이신, 알지닌, 타이로신, 페닐알라닌, 콜레스테롤, 프롤린, 솔비탄스테아레이트, 트레오닌, 발린, 아이소류신, 히스티딘, 시스테인, 메티오닌, 리날룰, 리모넨"
"A000000254353","[NEW/핑크광채미스트] 구달 청귤 비타C E TXA 미스트 100ml 기획 (+ TXA 세럼 15ml)","구달","100.0","115.0","ml","30000","20500","1782.6","정제수,탄제린추출물,프로판다이올,글리세린,글리세레스-26,나이아신아마이드,부틸렌글라이콜,펜틸렌글라이콜,돌콩추출물,해바라기씨오일,베르가모트오일,백미꽃추출물,레몬껍질오일,접시꽃추출물,라벤더오일,일랑일랑꽃오일,오렌지껍질오일,유칼립투스잎추출물,알칸나뿌리추출물,녹차씨오일,그롬웰뿌리추출물,효모발효추출물,칸디다 봄비콜라/글루코오스/메틸레이프씨데이트발효물,소듐하이알루로네이트,1,2-헥산다이올,페닐트라이메티콘,다이페닐다이메티콘,트라넥사믹애씨드,하이드록시아세토페논,아크릴레이트/C10-30알킬아크릴레이트크로스폴리머,아미노메틸프로판다이올,아데노신,에틸헥실글리세린,토코페롤,베타-글루칸,옥탄다이올,3-O-에틸아스코빅애씨드,소듐아스코빌포스페이트,아스코빅애씨드,아스코빌글루코사이드,토코페릴아세테이트,사이아노코발아민,다이프로필렌글라이콜,페룰릭애씨드,글루코노락톤,폴리아크릴레이트크로스폴리머-6,폴리글리세릴-10올리에이트,스쿠알란,폴리글리세릴-10라우레이트,포스파티딜콜린,니코틴아마이드모노뉴클레오타이드"
"A000000255331","[NEW] 설화수 윤조에센스 미스트 50ml","설화수","50.0","50.0","ml","65000","58500","11700.0","정제수, 인삼수, 다이카프릴릴카보네이트, 카프릴릭/카프릭트라이글리세라이드, 부틸렌글라이콜, 프로판다이올, 펜틸렌글라이콜, 글리세린, 베타인, 나이아신아마이드, 아이소펜틸다이올, 소듐클로라이드, 1,2-헥산다이올, 에틸헥실글리세린, 향료, 소듐메타포스페이트, 아데노신, 리모넨, 엑토인, 자일리톨, 마데카소사이드, 아스코빌테트라이소팔미테이트, 인삼추출물, 토코페롤, 리날룰, 지황뿌리추출물, 작약뿌리추출물, 시트로넬올, 둥굴레뿌리줄기추출물, 시트랄, 연꽃추출물, 제라니올, 참나리비늘줄기추출물, 하이드롤라이즈드식물성단백질"
"A000000255334","[1초미스트/화잘먹/속건조] 밀리밀리 500달톤 프로틴 콜라겐 미스트 55ml","밀리밀리","55.0","55.0","ml","19000","14900","2709.1","콜라겐수(430,980ppm), 정제수, 부틸렌글라이콜, 프로판다이올, 나이아신아마이드, 1,2-헥산다이올, 다이프로필렌글라이콜, 글라이콜다이스테아레이트, 하이드록시아세토페논, 카프릴릴글라이콜, 글리세린, 하이드록시에틸우레아, 메틸프로판다이올, C12-13파레스-9, 스테아레스-4, 에틸헥실글리세린, 실크추출물(500ppm), 하이드롤라이즈드익스텐신(150ppm), 하이드롤라이즈드실크(100ppm), 하이드롤라이즈드엘라스틴(100ppm), 하이드롤라이즈드콜라겐(100ppm), 콜라겐추출물(0.01ppm), 커피콩추출물, 드럼스틱씨추출물, 아데노신, 잔탄검, 판테놀, 소듐벤조에이트, 스테아레스-30, 하이드롤라이즈드콩단백질(30ppm), 다이포타슘글리시리제이트, 소듐하이알루로네이트, 실크아미노산(3ppm), 아스코빌프로필하이알루로네이트, 하이드롤라이즈드콜라겐추출물(1ppm), 카페오일헥사펩타이드-65(0.1ppm), 카퍼트라이펩타이드-1(0.1
ppm), 팔미토일테트라펩타이드-7(0.05ppm), 팔미토일트라이펩타이드-1(0.01ppm), 팔미토일펜타펩타이드-4(0.005ppm), 프롤린(0.01ppm), 아이소류신(0.01ppm), 아스파틱애씨드(0.01ppm), 알라닌(0.01ppm), 알지닌(0.01ppm), 세린(0.01ppm), 발린(0.01ppm), 류신(0.01ppm), 메티오닌(0.01ppm), 글루타믹애씨드(0.01ppm), 글라이신(0.01ppm), 히스티딘(0.01ppm), 타우린(0.01ppm),오르니틴(0.01ppm), 페닐알라닌(0.01ppm), 라벤더오일,리날룰"
"A000000255452","눅스 윌 프로디쥬스 멀티 플로럴 오일 50ml 기획(+우드괄사)(2604)","눅스","50.0","50.0","ml","35000","31500","6300.0","코코-카프릴레이트/카프레이트, 퀸즈랜드넛오일, 다이카프릴릴에터, 카프릴릭/카프릭트라이글리세라이드, 스위트아몬드오일, 유럽개암씨오일, 유차나무씨오일, 동백나무씨오일, 아르간커넬오일, 보리지씨오일, 토코페롤, 해바라기씨오일, 토코페릴아세테이트, 로즈마리잎추출물, 폴리글리세릴-3다이아이소스테아레이트, 정제수, 아스코빅애씨드, 테트라메틸아세틸옥타하이드로나프탈렌, 리날릴아세테이트, 베르가모트껍질오일, 오렌지껍질오일, 레몬껍질오일, 피넨, 라반딘오일, 터피네올, 제라닐아세테이트, 연필향나무오일, 트랜스-로즈케톤-2, 터피놀렌, 베타-카리오필렌, 향료, 리모넨, 리날룰, 시트랄, 시트로넬올, 제라니올"
"A000000257156","아비브 부활초 미스트 세럼 글로우 스프레이 100ml","아비브","100.0","100.0","ml","25000","17500","1750.0","정제수, 하이드로제네이티드폴리(C6-14올레핀), 프로판다이올, 나이아신아마이드, 펜틸렌글라이콜, 글리세레스-26, 1,2-헥산다이올, 글리세린, 스트렙토코쿠스 테르모필루스발효물, 아보카도오일, 소듐클로라이드, 부틸렌글라이콜, 해바라기씨오일, 하이드록시에틸우레아, 트루로즈오브예리코추출물(1,000 ppm), 베타인, 락토바실러스발효물, 아데노신, 스쿠알란, 다이소듐이디티에이, 돌콩추출물, 리모넨, 베르가모트오일, 비타민나무오일, 토코페롤, 그롬웰뿌리추출물, 사과즙, 리날룰, 옥탄다이올, 백미꽃추출물, 하이드롤라이즈드하이알루로닉애씨드, 락토바실러스발효용해물, 에틸헥실글리세린, 크리산텔룸 인디쿰추출물, 접시꽃추출물, 트레할로오스, 바쿠치올, 베타-글루칸, 드럼스틱씨오일, 하이드로제네이티드레시틴, 수크로오스팔미테이트, 세라마이드엔피, 피토스핑고신, 올리브오일, 퀸즈랜드넛오일, 포도씨오일, 호호바씨오일, 카퍼트라이펩타이드-1, 아세틸헥사펩타이드-8"
"A000000257230","[화잘먹/수분탄력] 비긴스 바이 정샘물 히알100 피디알엔 수분 플럼핑 미스트 100ml","비긴스 바이 정샘물","100.0","100.0","ml","24000","17520","1752.0","정제수, 프로판다이올, 글리세린, 글리세레스-26, 펜틸렌글라이콜, 카프릴릭/카프릭트라이글리세라이드, 에틸헥실글리세린, 알지닌, 옥틸도데세스-16, 부틸렌글라이콜, 아크릴릭애씨드/브이피크로스폴리머, 1,2-헥산다이올, 아데노신, 잔탄검, 젤란검, 아가, 다이소듐이디티에이, 향료, 수레국화꽃수, 하이드로제네이티드레시틴, 병풀추출물, 구아이아줄렌, 무화과추출물, 락토바실러스발효물, 소듐하이알루로네이트, 세라마이드엔피, 글라이신, 판테놀, 카프릴로일살리실릭애씨드, 징크하이드롤라이즈드하이알루로네이트, 글루타믹애씨드, 하이드롤라이즈드소듐하이알루로네이트, 수국잎추출물, 소듐파이테이트, 세린, 아스파틱애씨드, 류신, 알라닌, 라이신, 암모늄아크릴로일다이메틸타우레이트/브이피코폴리머, 소듐디엔에이, 타이로신, 페닐알라닌, 발린, 트레오닌, 프롤린, 아이소류신, 돌콩추출물, 히스티딘, 다이메틸실란올하이알루로네이트, 하이드롤라이즈드하이알루로닉애씨드, 메티오닌, 시스테인, 하이알루로닉애씨드, 포타슘하이알루로네이트, 플로레틴, 테트라하이드로피페린, 소듐하이알루로네이트크로스폴리머, 하이드록시프로필트라이모늄하이알루로네이트, 소듐하이알루로네이트다이메틸실란올, 소듐아세틸레이티드하이알루로네이트, 토코페롤"
"A000000258987","[NEW/쿨링진정] 파넬 시카마누 세럼 미스트 100g","파넬","100.0","100.0","g(약 1ml 상당으로 근사)","27000","19900","1990.0","정제수, 다이프로필렌글라이콜, 프로판다이올, 나이아신아마이드, 1,2-헥산다이올, 부틸렌글라이콜, 글리세레스-25피씨에이아이소스테아레이트, 하이드록시아세토페논, 아크릴릭애씨드/브이피크로스폴리머, 알지닌, 에리스리톨, 병풀추출물(1,005ppm), 자일리톨, 잇꽃꽃추출물, 황련뿌리추출물, 에틸헥실글리세린, 덱스트린, 치자추출물, 메틸다이아이소프로필프로피온아마이드, 글리세린, 옥수수커넬추출물, 알로에베라잎추출물, 레몬그라스추출물, 유칼립투스잎추출물, 콘민트추출물, 폴록사머407, 판테놀, 카카오씨추출물, 프룩탄, 아시아티코사이드(4,000ppb), 아시아틱애씨드(3,000ppb), 마데카식애씨드(3,000ppb), 소듐디엔에이, 글루코오스, 마누카잎추출물(2,500ppb), 꿀추출물(2,000ppb), 락토바실러스발효물, 소듐하이알루로네이트크로스폴리머, 폴리글루타믹애씨드, 트레할로오스, 징크피씨에이, 다이메틸실란올하이알루로네이트, 하이드롤라이즈드하이알루로닉애씨드, 하이드롤라이즈드소듐하이알루로네이트, 하이알루로닉애씨드, 마데카소사이드(100ppb), 포타슘하이알루로네이트, 소듐하이알루로네이트, 하이드록시프로필트라이모늄하이알루로네이트, 소듐하이알루로네이트다이메틸실란올, 소듐아세틸레이티드하이알루로네이트"
"A000000259554","[26년 신형/보습광채] 달바 퍼스트 스프레이 세럼 펩타이드 100ml","달바","100.0","100.0","ml","","29900","2990.0","정제수, 부틸렌글라이콜, 글리세레스-26, 에톡시다이글라이콜, 나이아신아마이드, 폴리프로필실세스퀴옥세인, 해바라기씨오일, 흰서양송로수, 다이프로필렌글라이콜, 1,2-헥산다이올, 솔비톨, 하이드록시에틸우레아, 아보카도오일, 바질꽃/잎/줄기추출물, 멕시칸치아씨추출물, 다이펩타이드-15, 흰서양송로추출물, 베타인, 귀리커넬추출물, 다이소듐이디티에이, 아데노신, 돌콩오일, 알지닌, 카보머, 다이포타슘글리시리제이트, 하이드롤라이즈드하이알루로닉애씨드, 아나토씨오일, 글리세린, 소듐팔미토일프롤린, 데이지꽃추출물, 프리지아추출물, 약모밀추출물, 에델바이스추출물, 마돈나백합꽃추출물, 뽕나무껍질추출물, 연꽃추출물, 인삼추출물, 스노우로투스추출물, 비피다발효용해물, 포타슘솔베이트, 알바수련꽃추출물, 하이드록시아세토페논, 카프릴릴글라이콜, 토코페릴아세테이트, 토코페롤, 향료, 리날룰, 헥실신남알, 리모넨, 시트로넬올"
"A000000259659","[장원영포카3종증정] 닥터엘시아 345 트래블 세트 (미스트 60ml + 크림 15ml + 세럼 15ml + 포카3장)","닥터엘시아","60.0","90.0","ml","34000","32300","3588.9","[크림]
정제수, 티트리잎수, 프로판다이올, 글리세린, 1,2-헥산다이올, 하이드로제네이티드폴리데센, 비닐다이메티콘, C14-22알코올, 카프릴릭/카프릭트라이글리세라이드, 나이아신아마이드, 판테놀, 다이카프릴릴카보네이트, 부틸렌글라이콜, 암모늄아크릴로일다이메틸타우레이트/브이피코폴리머, 카프릴릴메티콘, 폴리메틸실세스퀴옥세인, C12-20알킬글루코사이드, 하이드록시아세토페논, 아크릴레이트/C10-30알킬아크릴레이트크로스폴리머, 폴리쿼터늄-51, 에틸헥실글리세린, 트로메타민, 소듐하이알루로네이트, 소듐스테아로일글루타메이트, 황련뿌리추출물, 병풀잎수, 베타-글루칸, 레스베라트롤, 하이드롤라이즈드하이알루로닉애씨드, 녹차수, 토코페롤, 마데카소사이드, 소듐디엔에이, 병풀추출물, 세라마이드엔피, 탄닉애씨드, 다이소듐이디티에이, 소듐파이테이트

[세럼]
정제수, 자작나무수액, 프로판다이올, 티트리잎수, 다이프로필렌글라이콜, 부틸렌글라이콜, 글리세린, 나이아신아마이드, 판테놀, 1,2-헥산다이올, 카프릴릭/카프릭트라이글리세라이드, 하이드로제네이티드폴리데센, C14-22알코올, 하이드록시아세토페논, 아크릴레이트/C10-30알킬아크릴레이트크로스폴리머, C12-20알킬글루코사이드, 트로메타민, 글리세릴카프릴레이트, 에틸헥실글리세린, 잔탄검, 펜틸렌글라이콜, 다이소듐이디티에이, 카프릴릴글라이콜, 녹차수, 하이드롤라이즈드하이알루로닉애씨드, 하이알루로닉애씨드, 소듐하이알루로네이트, 폴록사머407, 소듐하이알루로네이트크로스폴리머, 하이드로제네이티드레시틴, 마데카소사이드, 판토테닉애씨드, 폴리글루타믹애씨드, 데실글루코사이드, 아시아티코사이드, 베타-글루칸, 아시아틱애씨드, 마데카식애씨드, 소듐파이테이트, 소듐디엔에이, 세라마이드엔피, 알루미늄/마그네슘하이드록사이드스테아레이트, 병풀추출물, 콜레스테롤, 라이소레시틴, 포스파티딜콜린, 자일로오스, 하이드록시프로필사이클로덱스트린, 탄닉애씨드, 레스베라트롤

[미스트]
쌀겨수, 글리세린, 트라이에틸헥사노인, 정제수, 하이드로제네이티드폴리(C6-14올레핀), 부틸렌글라이콜, 메틸프로판다이올, 펜틸렌글라이콜, 1,2-헥산다이올, 판테놀, 스트렙토코쿠스 테르모필루스발효물, 트라이라우레스-4포스페이트, 에틸헥실글리세린, 소듐파이테이트, 시트릭애씨드, 베타인, 폴리쿼터늄-51, 사과즙, 쌀추출물, 씨솔트, 백미꽃추출물, 토코페롤, 아스퍼질러스발효물, 접시꽃추출물, 하이드롤라이즈드하이알루로닉애씨드, 하이드록시프로필트라이모늄하이알루로네이트, 마데카소사이드, 알로에베라잎수, 귀리커넬추출물, 병풀잎추출물, 락토바실러스발효물, 약모밀추출물, 하이알루로닉애씨드, 실란트라이올, 비피다발효추출물, 하이드롤라이즈드쌀단백질, 쌀아미노산"
"A000000260415","모토몬트 라이스 듀이 페이셜 미스트 100ml","모토몬트","100.0","100.0","ml","28900","20810","2081.0","쌀겨수 (43.4%), 정제수, 트라이에틸헥사노인, 1,2-헥산다이올, C15-19알케인, 나이아신아마이드, 카카오추출물, 백미꽃추출물, 접시꽃추출물, 트라이라우레스-4포스페이트, 하이드로제네이티드레시틴, 글리세린, 에틸헥실글리세린, 프로판다이올, 부틸렌글라이콜, 소듐파이테이트, 시트릭애씨드, 펜틸렌글라이콜, 소듐시트레이트, 자일로글루칸, 베타-글루칸, 덱스트린, 하이드록시신나믹애씨드, 토코페롤, 루틴, 소듐디엔에이 , 향료"
"A000000260416","모토몬트 말차 캄 페이셜 미스트 100ml","모토몬트","100.0","100.0","ml","28900","20810","2081.0","정제수, 트라이에틸헥사노인, 하이드로제네이티드폴리(C6-14올레핀), 나이아신아마이드, 글리세린, 1,2-헥산다이올, 황련뿌리추출물, 비타민나무오일, 돌콩추출물, 해바라기씨오일, 카카오추출물, 폴스애플민트잎추출물, 녹차추출물, 댑싸리추출물, 백미꽃추출물, 타임잎추출물, 락토바실러스발효용해물, 크리산텔룸 인디쿰추출물, 접시꽃추출물, 녹차수, 파파야열매추출물, 매실추출물, 사과추출물, 포도추출물, 부틸렌글라이콜, 트라이라우레스-4포스페이트, 하이드로제네이티드레시틴, 하이드록시아세토페논, 시트릭애씨드, 덱스트린, 소듐파이테이트, 소듐시트레이트, 펜틸렌글라이콜, 에틸헥실글리세린, 옥탄다이올, 판테놀, 토코페롤, 소듐디엔에이, 향료, 치자추출물"
"A000000260444","알파루틴 이지컨트롤 토너미스트 200ml","알파루틴","200.0","200.0","ml","","33000","1650.0","정제수, 트라이프로필렌글라이콜, 프로판다이올, 부틸렌글라이콜, 메틸프로판다이올, 글리세레스-26, 자일리톨, 1,2-헥산다이올, 소듐클로라이드, 하이드록시아세토페논, 젤란검, 글리세레스-25피씨에이아이소스테아레이트, 에틸헥실글리세린, 사카라이드아이소머레이트, 아데노신, 다이소듐이디티에이, 메틸다이아이소프로필프로피온아마이드, 글리세린, 하이알루로닉애씨드, 하이드롤라이즈드하이알루로닉애씨드, 소듐하이알루로네이트, 옥수수커넬추출물, 시트릭애씨드, 소듐시트레이트, 병풀추출물, 소듐디엔에이, 미로탐누스 플라벨리폴리아잎/줄기 추출물, 프룩탄, 마편초추출물, 글루코오스, 아스코빅애씨드"
"A000000261322","차앤박 더마앤서 브라이트닝 부스터 TXA-PDRN 미스트 100ml","차앤박","100.0","100.0","ml","","18000","1800.0","정제수, 글리세린, 나이아신아마이드, 프로판다이올, 1,2-헥산다이올, 판테놀, 트라넥사믹애씨드(1%), 다이메티콘, 소듐시트레이트, 하이드록시에틸우레아, 하이드록시에틸피페라진에탄설포닉애씨드, 세린, 베타인, 하이드로제네이티드레시틴, 글루코노락톤, 피이지-60하이드로제네이티드캐스터오일, 솔비탄세스퀴올리에이트, 시트릭애씨드, 아데노신, 다이소듐이디티에이, 부틸렌글라이콜, 레시틴, 폴리솔베이트20, 아스코빅애씨드, 글루타티온, 사이아노코발아민, 소듐디엔에이(0.0001%), 카프릴릭/카프릭트라이글리세라이드, 폴리글리세릴-10올리에이트, 해마토코쿠스 플루비알리스추출물, 라이소레시틴, 폴리글리세릴-10스테아레이트, 아스타잔틴, 토코페롤, 향료, 리모넨"
"A000000261389","[열감쿨링/휴대용] 유리아쥬 시카 데일리 마이크로 리페어링 미스트 50ml","유리아쥬","50.0","50.0","ml","","15000","3000.0","정제수, 메틸프로판다이올, 부틸렌글라이콜, 글리세린, 1,2-헥산다이올, 나이아신아마이드, 에틸헥실글리세린, 쇠비름추출물, 소듐시트레이트, 하이드록시아세토페논, 폴리쿼터늄-51, 시트릭애씨드, 다이소듐이디티에이, 하이드로제네이티드레시틴, 판테놀, 병풀추출물, 무화과추출물, 세라마이드엔피, 락토코쿠스발효용해물, 프룩토올리고사카라이드, 향부자추출물, 사탕무뿌리추출물, 징크피씨에이, 베툴린, 포타슘락테이트, 락틱애씨드, 소듐클로라이드"
"A000000199400","식물나라 유채꿀 촉촉 멀티오일30mL","식물나라","30.0","30.0","ml","","17800","5933.3","정제수, 펜틸렌글라이콜, 글리세린, 메틸글루세스-20, 에탄올, 나이아신아마이드, 폴리글리세린-3, 1,2-헥산다이올, 폴리글리세릴-10라우레이트, 글라이코실트레할로오스, 카보머, 글리세릴아크릴레이트/아크릴릭애씨드코폴리머, 트로메타민, 하이드로제네이티드스타치하이드롤리세이트, 에틸헥실글리세린, 아데노신, 다이소듐이디티에이, 향료, 잔탄검, 폴리쿼터늄-51, 소듐폴리아크릴레이트, 카카오씨추출물, 바이오사카라이드검-1, 베타-글루칸, 부틸렌글라이콜, 꿀추출물, 토코페롤, 아보카도오일, 해바라기씨오일, 유채씨오일, 리모넨, 알파-아이소메틸아이오논, 하이드록시시트로넬알"
"A000000206576","[시원하게 진정되는] 원오브뎀 카밍 샷 듀 드롭 미스트 150ml","원오브뎀","150.0","150.0","ml","","26000","1733.3","정제수, 변성알코올, 프로판다이올, 부틸렌글라이콜, 글리세린, 1,2-헥산다이올, 소듐클로라이드, 하이드록시아세토페논, 젤란검, 사철쑥추출물, 글리세레스-25피씨에이아이소스테아레이트, 에틸헥실글리세린, 다이소듐이디티에이, 로즈마리잎오일, 애플민트잎추출물, 녹차추출물, 병풀추출물, 녹차수, 하이알루로닉애씨드, 하이드롤라이즈드하이알루로닉애씨드, 소듐하이알루로네이트, 타임추출물, 말굽잔나비버섯추출물"
"A000000206851","[쿨링/붓기완화] 메디톡스 뉴라덤 카밍 오로라 미스트 100ml","뉴라덤","100.0","100.0","ml","","27000","2700.0","정제수, 다이프로필렌글라이콜, 글리세린, 1,2-헥산다이올, 부틸렌글라이콜, 판테놀, 하이드로제네이티드레시틴, 세테아릴알코올, 솔비탄스테아레이트, 글리세릴스테아레이트, 자일리톨, 세라마이드엔피, 쇠비름추출물, 아데노신, 향료, 포스페이트버퍼드셀라인, 자일리틸글루코사이드, 안하이드로자일리톨, 인카르나타시계꽃전초추출물, 아르니카 몬타나꽃추출물, 참당귀뿌리추출물, 알파-글루칸올리고사카라이드, 에델바이스캘러스배양추출물, 겔리듐 카르틸라기네움추출물, 아세틸올리고펩타이드-99아마이드, 두충나무껍질추출물, 스테아릭애씨드, 당호박씨추출물, 당호박추출물, 세라마이드엔에스, 피토스핑고신, 카퍼트라이펩타이드-1, 콜레스테롤, 세라마이드에이에스, 세라마이드에이피, 트라이펩타이드-1, 팔미토일펜타펩타이드-4, 올리고펩타이드-1, 다이펩타이드-2, 세라마이드이오피"
"A000000207760","엠도씨 세붐 스트라이크 안티 트러블 미스트 55g","엠도씨","55.0","55.0","g(약 1ml 상당으로 근사)","23000","18400","3345.5","티트리잎수,부틸렌글라이콜,변성알코올,글리세린,쇠비름추출물,매실추출물,사과추출물,파파야열매추출물,포도추출물,병풀추출물,무화과추출물,하이드로제네이티드레시틴,옥틸도데세스-16,살리실릭애씨드,정제수,트로메타민,다이소듐이디티에이,세라마이드엔피,마데카소사이드,아시아티코사이드,마데카식애씨드,아시아틱애씨드,1,2-헥산다이올,폴리솔베이트20,에틸헥실글리세린"
"A000000213116","파이코어 디퍼런씨 블루바이옴 리페어 세럼 미스트 100ml","파이코어","100.0","100.0","ml","33000","25800","2580.0","정제수, 부틸렌글라이콜, 마이크로코쿠스발효용해물, 1,2-헥산다이올, 나이아신아마이드, 페닐트라이메티콘, 슈도알테로모나스발효추출물, 베타인, 글리세린, 세테아릴에틸헥사노에이트, 당아욱꽃추출물, 하이드로제네이티드레시틴, 팔미토일에스에이치-트라이펩타이드-4아마이드, 소듐하이알루로네이트, 소듐하이알루로네이트크로스폴리머, 하이드롤라이즈드하이알루로닉애씨드, 하이알루로닉애씨드, 하이드롤라이즈드소듐하이알루로네이트, 소듐아세틸레이티드하이알루로네이트, 하이드록시프로필트라이모늄하이알루로네이트, 하이드롤라이즈드콜라겐, 세라마이드엔피, 세라마이드에이피, 세라마이드이오피, 아데노신, 비타민나무열매추출물, 바이오틴, 아스코빅애씨드, 글루타티온, 폴릭애씨드, 이노시톨, 토코페릴아세테이트, 스위트아카시아꽃추출물, 제비꽃꽃추출물, 찔레꽃열매추출물, 동충하초추출물, 다시마추출물, 감태추출물, 미역추출물, 톳추출물, 모자반추출물, 바다포도추출물, 납작파래추출물, 자이언트켈프추출물, 소듐라우로일락틸레이트, 피토스핑고신, 콜레스테롤, 폴리글리세릴-10스테아레이트, 옥틸도데세스-16, 카보머, 잔탄검, 카프릴릴글라이콜, 에틸헥실글리세린, 펜틸렌글라이콜, 캐모마일꽃오일, 일랑일랑꽃오일, 베르가모트오일, 필리핀오렌지껍질오일, 스타아니스열매/씨오일, 스페인자스민꽃추출물, 올리브오일, 센티드제라늄꽃오일, 다마스크장미꽃오일, 클레리오일"
"A000000232191","[청담샵PICK/로션미스트] 온그리디언츠 스킨 베리어 속광 미스트 기획 (100ml+50ml+키링)","온그리디언츠","100.0","150.0","ml","25000","19900","1326.7","정제수, 글리세린, 트라이에틸헥사노인, 하이드로제네이티드폴리(C6-14올레핀), 다이프로필렌글라이콜, 트라이라우레스-4포스페이트, 판테놀, 하이드록시아세토페논, 부틸렌글라이콜, 과라나씨추출물, 도둑놈의지팡이뿌리추출물, 울금뿌리추출물, 메틸다이아이소프로필프로피온아마이드, 에틸헥실글리세린, 1,2-헥산다이올, 다이소듐이디티에이, 티트리잎오일, 글루타티온, 하이드로제네이티드레시틴, 세테아릴알코올, 카프릴릴글라이콜, 스테아릭애씨드, 폴리글리세릴-10라우레이트, 소듐하이알루로네이트, 세라마이드엔피, 소듐하이알루로네이트크로스폴리머, 포타슘하이알루로네이트, 하이드록시프로필트라이모늄하이알루로네이트, 하이드롤라이즈드소듐하이알루로네이트, 하이드롤라이즈드하이알루로닉애씨드, 하이알루로닉애씨드, 세라마이드엔에스, 세라마이드에이에스, 세라마이드에이피, 카퍼트라이펩타이드-1 , 트라이펩타이드-1, 팔미토일트라이펩타이드-1, 팔미토일펜타펩타이드-4, 헥사펩타이드-11, 헥사펩타이드-9, 펜틸렌글라이콜, 소듐아세틸레이티드하이알루로네이트, 세라마이드이오피, 병풀추출물"
"A000000233080","[뿌리는8종콜라겐] 아로셀 슈퍼 콜라겐 앰플 미스트 80ml","아로셀","80.0","80.0","ml","","32000","4000.0","콜라겐수(634,285.4 ppm), 네오펜틸글라이콜다이헵타노에이트, 부틸렌글라이콜, 나이아신아마이드, 1,2-헥산다이올, 글리세레스-26, 정제수, 스쿠알란, 하이드롤라이즈드콜라겐(5,104 ppm), 소듐클로라이드, 알란토인, 판테놀, 에틸헥실글리세린, 아데노신, 서양배추출물, 소듐시트레이트, 다이소듐이디티에이, 서양송악잎/줄기추출물, 한련초추출물, 스타이렌/브이피코폴리머, 해바라기씨오일, 비치스트로베리추출물, 사과나무잎추출물, 토코페롤, 소듐하이알루로네이트, 인도멀구슬나무잎추출물, 아르간커넬오일, 바쿠치올, 동백나무씨오일, 병풀잎소포, 메도우폼씨오일, 달맞이꽃오일, 호호바씨오일, 말토덱스트린, 아텔로콜라겐(7 ppm), 데사미도콜라겐(6.7 ppm), 마카다미아씨오일, 드럼스틱씨오일, 식물성오일, 글리세린, 수용성콜라겐(1.2 ppm), 프로판다이올, 콜라겐(0.7 ppm), 콜라겐아미노산(0.6 ppm), 하이드로제네이티드레시틴, 하이드롤라이즈드하이알루로닉애씨드, 화이트루핀씨추출물, 세라마이드엔피, 세틸에틸헥사노에이트, 콜레스테롤, 시트릭애씨드, 글리세릴올리에이트, 프로콜라겐(0.1 ppm), 소듐디엔에이, 트로메타민, 소듐하이알루로네이트크로스폴리머, 하이드롤라이즈드케라틴, 유채스테롤, 하이드롤라이즈드엘라스틴, 올레익애씨드, 스테아릭애씨드, 라우릴글루코사이드, 미리스틸글루코사이드, 폴리글리세릴-6라우레이트, 사이아노코발아민, 토마토소포, 잔탄검, 하이알루로닉애씨드, 하이드롤라이즈드소듐하이알루로네이트, 하이드록시프로필트라이모늄하이알루로네이트, 포타슘하이알루로네이트, 펜틸렌글라이콜, 소듐아세틸레이티드하이알루로네이트"
"A000000235232","[1초 수분결미스트] 에스네이처 아쿠아 스쿠알란 미스트 100ml 기획 (+수분크림 10ml)","에스네이처","100.0","110.0","ml","27000","19500","1772.7","정제수, 부틸렌글라이콜, 글리세린, 메틸프로판다이올, 폴리글리세릴-10라우레이트, 스쿠알란(10,000ppm), 버지니아풍년화잎추출물, 달맞이꽃꽃추출물, 녹차추출물, 글리세릴글루코사이드, 1,2-헥산다이올, 아데노신, 에틸헥실글리세린, 하이드로제네이티드레시틴, 소듐시트레이트, 석시닉애씨드, 다이소듐이디티에이, 잔탄검, 하이드록시아세토페논"
"A000000242587","[1+1+1/안개분사] 차앤박 프로폴리스 에너지 앰플 미스트 100ml 트리플 기획","차앤박","100.0","200.0","ml","24000","19800","990.0","정제수, 프로판다이올, 글리세린, 1,2-헥산다이올, 다이메티콘, 소듐시트레이트, 부틸렌글라이콜, 베타인, 하이드로제네이티드레시틴, 솔비톨, 피이지-60하이드로제네이티드캐스터오일, 솔비탄세스퀴올리에이트, 시트릭애씨드, 다이소듐이디티에이, 센티드제라늄꽃오일, 펜틸렌글라이콜, 프로폴리스추출물, 하이알루로닉애씨드, 판테놀, 하이드록시페닐프로파미도벤조익애씨드, 글루코놀락톤, 락토바이오닉애씨드, 판토락톤, 아스코빌팔미테이트, 시트로넬올, 제라니올"
"A000000246294","토리든 다이브인 저분자 히알루론산 크림 미스트 120ml","토리든","120.0","120.0","ml","20000","15000","1250.0","정제수, 트라이에틸헥사노인, 글리세린, 부틸렌글라이콜, 1,2-헥산다이올, 판테놀(5,000ppm), 하이알루로닉애씨드, 소듐하이알루로네이트크로스폴리머, 하이드롤라이즈드글라이코사미노글리칸, 하이드롤라이즈드하이알루로닉애씨드, 소듐하이알루로네이트(200ppm), 알란토인, 글루타티온, 하이드로제네이티드레시틴, C13-16아이소알케인, 베타인, 소듐파이테이트, 트라이라우레스-4포스페이트, 헵틸운데실레네이트, 폴리글리세릴-10라우레이트, 벤질글라이콜, 폴리글리세릴-10미리스테이트, 하이드록시아세토페논, 프로판다이올, 에틸헥실글리세린, 글루코노락톤, 토코페롤"
"A000000247253","토리든 다이브인 저분자 히알루론산 크림 미스트 120ml 리필 기획 (+리필 120ml)","토리든","120.0","240.0","ml","31000","23250","968.8","정제수, 트라이에틸헥사노인, 글리세린, 부틸렌글라이콜, 1,2-헥산다이올, 판테놀(5,000ppm), 하이알루로닉애씨드, 소듐하이알루로네이트크로스폴리머, 하이드롤라이즈드글라이코사미노글리칸, 하이드롤라이즈드하이알루로닉애씨드, 소듐하이알루로네이트(200ppm), 알란토인, 글루타티온, 하이드로제네이티드레시틴, C13-16아이소알케인, 베타인, 소듐파이테이트, 트라이라우레스-4포스페이트, 헵틸운데실레네이트, 폴리글리세릴-10라우레이트, 벤질글라이콜, 폴리글리세릴-10미리스테이트, 하이드록시아세토페논, 프로판다이올, 에틸헥실글리세린, 글루코노락톤, 토코페롤"
"A000000250477","[1초 수분결미스트] 에스네이처 아쿠아 스쿠알란 미스트 100ml 기획 (+수분크림 10ml+스티커)","에스네이처","100.0","110.0","ml","27000","19500","1772.7","[미스트]
정제수, 부틸렌글라이콜, 글리세린, 메틸프로판다이올, 폴리글리세릴-10라우레이트, 스쿠알란(10,000ppm), 버지니아풍년화잎추출물, 달맞이꽃꽃추출물, 녹차추출물, 글리세릴글루코사이드, 1,2-헥산다이올, 아데노신, 에틸헥실글리세린, 하이드로제네이티드레시틴, 소듐시트레이트, 석시닉애씨드, 다이소듐이디티에이, 잔탄검, 하이드록시아세토페논

[수분크림]
정제수, 스쿠알란(150,000ppm), 글리세린, 1,2-헥산다이올, 베타인, 판테놀, 소듐하이알루로네이트, 하이드롤라이즈드콜라겐, 하이드록시프로필트라이모늄하이알루로네이트, 하이드롤라이즈드하이알루로닉애씨드, 소듐아세틸레이티드하이알루로네이트, 아세틸헥사펩타이드-8, 아데노신, 하이알루로닉애씨드, 하이드롤라이즈드소듐하이알루로네이트, 소듐하이알루로네이트크로스폴리머, 포타슘하이알루로네이트, 아크릴레이트/C10-30알킬아크릴레이트크로스폴리머, 알지닌, 알란토인, 자일리틸글루코사이드, 안하이드로자일리톨, 자일리톨, 글루코오스, 부틸렌글라이콜, 암모늄아크릴로일다이메틸타우레이트/브이피코폴리머, 카프릴릴글라이콜"
"A000000251277","[1등 미스트] 아벤느 오 떼르말 300ml 3입 기획","아벤느","300.0","900.0","ml","54000","37900","421.1","아벤느 온천수(아쿠아)"
"A000000251742","[NEW/한정기획] 바이오던스 콜라겐 펩타이드 젤리 세럼 미스트 50ml 기획 (+콜라겐 겔 패드 10매)","바이오던스","50.0","50.0","ml","19000","16200","3240.0","콜라겐수(770,965ppm), 글리세린, 프로판다이올, 트라이프로필렌글라이콜, 1,2-헥산다이올, 나이아신아마이드, 글리세레스-26, 정제수, 소듐클로라이드, 하이드록시아세토페논, 젤란검, 칼슘락테이트, 아데노신, 다이소듐이디티에이, 갈락토미세스발효여과물, 사이아노코발아민, 치자추출물, 하이드롤라이즈드스클레로튬검, 카라기난, 하이드롤라이즈드하이알루로닉애씨드, 부틸렌글라이콜, 잔탄검, 캐롭검, 덱스트린, 수크로오스, 아세틸헥사펩타이드-8(1,000ppb), 콜라겐추출물(100ppb), 카퍼트라이펩타이드-1(0.1ppb), 트라이펩타이드-1(0.1ppb), 팔미토일트라이펩타이드-5(0.1ppb), 헥사펩타이드-9(0.1ppb), 팔미토일펜타펩타이드-4(0.1ppb), 올리고펩타이드-1(0.1ppb),팔미토일트라이펩타이드-38(0.1ppb), 펜타펩타이드-4(0.1ppb), 헥사펩타이드-12(0.1ppb)"
"A000000252323","[NEW/쿨링진정] 닥터지 레드 블레미쉬 쿨 수딩 젤리 미스트 50ml","닥터지","50.0","50.0","ml","15000","12000","2400.0","정제수, 글리세린, 부틸렌글라이콜, 자일리톨, 에리스리톨, 나이아신아마이드, 1,2-헥산다이올, 자일 리틸글루코사이드, 병풀추출물, 알로에베라잎추출물, 다시마추출물, 느릅나무뿌리추출물, 제비꽃꽃추출물, 말라카이트추출물,황련추출물, 백미꽃추출물, 병풀잎추출물, 비피다발효여과물, 락토바실러스발효물, 접시꽃추출물, 병풀꽃/잎/줄기추출물, 병풀뿌리추출물, 카카오추출물, 효모발효여과물, 티트리잎추출물, 글리세레스-26, 프로판다이올, 소듐클로라이드, 젤란검, 판테놀, 에틸헥 실글리세린, 아가, 안하이드로자일리톨, 소듐시트레이트, 알란토인, 만델릭애씨드, 솔비톨, 베타-글루칸, 덱스트린, 토코페롤, 마데카소사이드, 아시아티코사이드, 마데카식 애씨드, 엑토인, 아시아틱애씨드, 소듐하이알루로네이트 크로스폴리머, 다발방패버섯추출물, 치자추출물"
"A000000252324","[NEW/쿨링진정] 닥터지 레드 블레미쉬 쿨 수딩 젤리 미스트 100ml","닥터지","100.0","100.0","ml","24000","19200","1920.0","정제수, 글리세린, 부틸렌글라이콜, 자일리톨, 에리스리톨, 나이아신아마이드, 1,2-헥산다이올, 자일 리틸글루코사이드, 병풀추출물, 알로에베라잎추출물, 다시마추출물, 느릅나무뿌리추출물, 제비꽃꽃추출물, 말라카이트추출물,황련추출물, 백미꽃추출물, 병풀잎추출물, 비피다발효여과물, 락토바실러스발효물, 접시꽃추출물, 병풀꽃/잎/줄기추출물, 병풀뿌리추출물, 카카오추출물, 효모발효여과물, 티트리잎추출물, 글리세레스-26, 프로판다이올, 소듐클로라이드, 젤란검, 판테놀, 에틸헥 실글리세린, 아가, 안하이드로자일리톨, 소듐시트레이트, 알란토인, 만델릭애씨드, 솔비톨, 베타-글루칸, 덱스트린, 토코페롤, 마데카소사이드, 아시아티코사이드, 마데카식 애씨드, 엑토인, 아시아틱애씨드, 소듐하이알루로네이트 크로스폴리머, 다발방패버섯추출물, 치자추출물"
