name,ingredient_type,effect_tags,label_confidence,needs_review,source_frequency
(크림)정제수,,,,False,
"1,2-헥산다이올",기제,,high,False,377.0
"1,2-헥산다이올[바노바기비타제닉젤리마스크리프레싱10매]정제수",,,,False,
"1,2-헥산다이올[바노바기비타제닉젤리마스크바이탈라이징10매]정제수",,,,False,
"1,2-헥산다이올[바노바기비타제닉젤리마스크시카10매]정제수",,,,False,
"1,2-헥산다이올[바노바기비타제닉젤리마스크포어타이트닝10매]정제수",,,,False,
"1,2-헥산다이올[바노바기비타제닉젤리마스크하이드레이팅10매]정제수",,,,False,
"1,2-헥산다이올[세라마이드모찌수분크림]정제수",,,,False,
1-메틸하이단토인-2-이미드,미분류,,,False,1.0
1.그린마일드업선플러스(본품+구성품)정제수,,,,False,
1.닥터지브라이트닝업선플러스(본품+구성품)정제수,,,,False,
1.멜라셋기미토닝크림정제수,,,,False,
1.자작나무무기자차선크림(본품)정제수,,,,False,
10-하이드록시데카노익애씨드,미분류,,,False,3.0
"2,3-부탄다이올",기제,,medium,False,25.0
"2,4-다이메틸-3-사이클로헥신카복스알데하이드",미분류,,,False,2.0
2-t-부틸사이클로헥실아세테이트,미분류,,,False,3.0
2-올레아미도-1,미분류,,,False,1.0
2-헥산다이올C13-14아이소알케인페녹시에탄올향료,,,,False,
2-헥산다이올카프릴릭/카프릭트라이글리세라이드솔비탄세스퀴올리에이트글리세릴카프릴레이트다이메티콘/피이지-10/15크로스폴리머토코페롤멘톨멘틸락테이트향료스테아랄코늄헥토라이트소듐하이알루로네이트세라마이드엔피프로필렌카보네이트아데노신비트레오스실라발효물티타늄디옥사이드리날룰리모넨크로뮴옥사이드그린울트라마린소듐시트레이트벤질살리실레이트하이드록시시트로넬알시트로넬올트라이에톡시카프릴릴실레인알루미늄하이드록사이드아쿠아피트니스샤워젤:정제수소듐라우레스설페이트하이드로제네이티드스타치하이드롤리세이트수크로오스코코-베타인소듐클로라이드향료시트릭애씨드해수소듐하이드록사이드비트레오스실라발효물헥실렌글라이콜시트랄황색4호청색1호페녹시에탄올살리실릭애씨드소듐벤조에이트,,,,False,
2-헥산다이올토코페롤페녹시에탄올향료[히알루크림]정제수글리세린아이소헥사데칸프로판다이올변성알코올아이소프로필아이소스테아레이트판테놀다이메티콘옥틸도데칸올베헤닐알코올세틸알코올갈랑가갈랑갈잎추출물스테아릭애씨드칼슘클로라이드세테아릴알코올세테아릴글루코사이드피이지-100스테아레이트소듐하이알루로네이트소듐하이드록사이드알진실리카미리스틱애씨드셀룰로오스팔미틱애씨드아데노신암모늄폴리아크릴로일다이메틸타우레이트다이소듐스테아로일글루타메이트엑토인하이드롤라이즈드하이알루로닉애씨드하이드록시아세토페논카프릴릭/카프릭트라이글리세라이드카프릴로일살리실릭애씨드시트릭애씨드라우레스-7트라이소듐에틸렌다이아민다이석시네이트아세틸글루코사민잔탄검펜틸렌글라이콜파이틱애씨드폴리아크릴아마이드폴리엡실론-라이신부틸렌글라이콜1,,,,False,
3-O-에틸아스코빅애씨드,액티브,미백|항산화,high,False,19.0
3-옥타데칸다이올만노오스폴록사머338카프릴로일살리실릭애씨드카프릴릴글라이콜비트레오스실라발효물시트릭애씨드트라이소듐에틸렌다이아민다이석시네이트말토덱스트린잔탄검펜틸렌글라이콜폴리솔베이트80아크릴아마이드/소듐아크릴로일다이메틸타우레이트코폴리머살리실릭애씨드피록톤올아민향료,,,,False,
3-옥타데칸디올,미분류,,,False,1.0
3-헥센올,미분류,,,False,3.0
4-t-부틸사이클로헥산올,미분류,,,False,1.0
4-다이카복실레이트,미분류,,,False,1.0
4-부틸레조시놀,미분류,,,False,1.0
4-터피네올,미분류,,,False,7.0
7-데하이드로콜레스테롤,미분류,,,False,2.0
C11-13아이소알케인,미분류,,,False,1.0
C12-13알케스-9,미분류,,,False,8.0
C12-13알킬글리세릴하이드롤라이즈드하이알루로네이트,미분류,,,False,1.0
C12-14알케스-12,미분류,,,False,2.0
C12-15알코올,미분류,,,False,2.0
C12-15알킬벤조에이트,기제,,high,False,15.0
C12-16알코올,미분류,,,False,5.0
C12-20알킬글루코사이드,기제,,high,False,21.0
C13-15알케인,미분류,,,False,3.0
C13-16아이소알케인,미분류,,,False,1.0
C14-22알코올,기제,,high,False,24.0
C15-19알케인,미분류,,,False,3.0
C18-21알케인,미분류,,,False,1.0
C30-45알킬다이메티콘,미분류,,,False,3.0
C30-45알킬세테아릴다이메티콘크로스폴리머,미분류,,,False,3.0
C9-12알케인,미분류,,,False,1.0
PDRN앰플정제수,,,,False,
PDRN젤리미스트콜라겐수,,,,False,
STEP1메디힐히알루론산바이오세컨덤마스크정제수,,,,False,
T-부틸알코올,미분류,,,False,1.0
o-사이멘-5-올,미분류,,,False,1.0
t-부틸알코올,기제,,medium,False,12.0
가르시니아열매추출물,미분류,,,False,1.0
가시대나무수액,미분류,,,False,1.0
가시대나무줄기추출물,미분류,,,False,1.0
가지열매추출물,미분류,,,False,13.0
갈대추출물,미분류,,,False,1.0
갈락토미세스발효여과물,미분류,,,False,3.0
갈랑가갈랑갈추출물,미분류,,,False,3.0
갈바눔수지오일,미분류,,,False,1.0
감나무잎추출물,미분류,,,False,5.0
감자꽃추출물,미분류,,,False,1.0
감초뿌리추출물,미분류,,,False,4.0
감추출물,미분류,,,False,2.0
감태추출물,,,,False,
개다래추출물,미분류,,,False,2.0
개똥쑥추출물,미분류,,,False,8.0
개박하추출물,미분류,,,False,3.0
개잎갈나무목부오일,,,,False,
개청각추출물,미분류,,,False,1.0
검은깨추출물,미분류,,,False,2.0
검은뽕나무열매추출물,미분류,,,False,3.0
검정콩오일,,,,False,
검정콩추출물,미분류,,,False,1.0
겔리듐카르틸라기네움추출물,미분류,,,False,3.0
겨우살이추출물,미분류,,,False,1.0
결명씨추출물,미분류,,,False,2.0
고구마뿌리추출물,미분류,,,False,2.0
고삼추출물,미분류,,,False,1.0
고수열매오일,미분류,,,False,1.0
고수추출물,미분류,,,False,4.0
과라나씨추출물,미분류,,,False,2.0
광곽향오일,미분류,,,False,4.0
구기자추출물,미분류,,,False,2.0
구름버섯추출물,미분류,,,False,1.0
구아검,미분류,,,False,2.0
구아바잎추출물,미분류,,,False,2.0
구아이아줄렌,미분류,,,False,4.0
구아이아줄렌-시카쿨링마스크:정제수,,,,False,
구아이아줄렌/-시카쿨링마스크:정제수,,,,False,
구아이아줄렌[콜라겐리모델링세럼마스크]:정제수,,,,False,
구주소나무잎오일,미분류,,,False,8.0
구주호랑가시나무잎추출물,미분류,,,False,1.0
귀리단백질추출물,,,,False,
귀리커넬추출물,미분류,,,False,7.0
귀리펩타이드,미분류,,,False,1.0
귤껍질추출물,미분류,,,False,2.0
그롬웰뿌리추출물,미분류,,,False,3.0
글라이신,액티브,보습,medium,False,31.0
글라이코리피드,미분류,,,False,6.0
글라이코사미노글리칸,미분류,,,False,3.0
글라이코스핑고리피드,미분류,,,False,3.0
글라이코실트레할로오스,미분류,,,False,11.0
글라이코젠,미분류,,,False,2.0
글라이코프로테인,미분류,,,False,4.0
글라이콜다이스테아레이트,미분류,,,False,1.0
글라이콜릭애씨드,미분류,,,False,5.0
글루코노락톤,액티브,보습,high,False,28.0
글루코닉애씨드,미분류,,,False,2.0
글루코만난,미분류,,,False,1.0
글루코사민에이치씨엘,미분류,,,False,1.0
글루코실루틴,미분류,,,False,1.0
글루코오스,액티브,보습,medium,False,39.0
글루쿠로닉애씨드,미분류,,,False,3.0
글루타믹애씨드,미분류,,,False,21.0
글루타민,미분류,,,False,1.0
글루타밀아미도에틸인돌,미분류,,,False,1.0
글루타티온,액티브,미백|항산화,high,False,25.0
글리세레스-25피씨에이아이소스테아레이트,미분류,,,False,3.0
글리세레스-26,기제,,medium,False,50.0
글리세린,액티브,보습,high,False,286.0
글리세릴글루코사이드,액티브,보습,medium,False,29.0
글리세릴리놀리네이트,,,,False,
글리세릴리놀리에이트,,,,False,
글리세릴베헤네이트,미분류,,,False,2.0
글리세릴스테아레이트,기제,,high,False,69.0
글리세릴스테아레이트시트레이트,미분류,,,False,16.0
글리세릴스테아레이트에스이,미분류,,,False,9.0
글리세릴시트레이트/락테이트/리놀리에이트/올리에이트,미분류,,,False,1.0
글리세릴아라키도네이트,,,,False,
글리세릴아크릴레이트/아크릴릭애씨드코폴리머,기제,,medium,False,29.0
글리세릴올리에이트,미분류,,,False,1.0
글리세릴카프릴레이트,기제,,high,False,54.0
글리세릴폴리메타크릴레이트,미분류,,,False,14.0
글리세릴폴리아크릴레이트,미분류,,,False,5.0
글리시레티닉애씨드,미분류,,,False,1.0
글리시리직애씨드,미분류,,,False,1.0
금,미분류,,,False,4.0
기장추출물,미분류,,,False,2.0
긴병꽃풀추출물,미분류,,,False,2.0
꽃송이버섯추출물,미분류,,,False,1.0
꽈리꽃받침추출물,미분류,,,False,1.0
꿀,미분류,,,False,1.0
꿀추출물,미분류,,,False,3.0
꿀풀추출물,미분류,,,False,2.0
나무이끼추출물,미분류,,,False,1.0
나이아신,,,,False,
나이아신아마이드,액티브,미백|피지_모공,high,False,228.0
나이트블루밍세레우스꽃추출물,,,,False,
낫토검,미분류,,,False,3.0
네오펜틸글라이콜다이에틸헥사노에이트,미분류,,,False,1.0
네오펜틸글라이콜다이카프레이트,미분류,,,False,4.0
네오펜틸글라이콜다이헵타노에이트,미분류,,,False,1.0
노나펩타이드-1,미분류,,,False,12.0
노니씨오일,미분류,,,False,1.0
노니열매추출물,미분류,,,False,4.0
노니추출물,미분류,,,False,1.0
노티드랙추출물,미분류,,,False,2.0
녹나무잎추출물,미분류,,,False,4.0
녹두싹추출물,미분류,,,False,1.0
녹두씨추출물,미분류,,,False,1.0
녹두추출물,미분류,,,False,1.0
녹차수,미분류,,,False,10.0
녹차씨오일,미분류,,,False,2.0
녹차추출물,액티브,진정|항산화,high,False,36.0
녹차카테킨,미분류,,,False,1.0
니코틴아마이드모노뉴클레오타이드,,,,False,
니코틴아마이드아데닌다이뉴클레오타이드,미분류,,,False,2.0
님잎추출물,미분류,,,False,1.0
다마스크장미꽃수,미분류,,,False,6.0
다마스크장미꽃오일,미분류,,,False,6.0
다마스크장미꽃추출물,미분류,,,False,3.0
다마스크장미추출물,,,,False,
다발방패버섯추출물,미분류,,,False,11.0
다시마추출물,미분류,,,False,9.0
다이글리세린,액티브,보습,high,False,15.0
다이메티콘,기제,,high,False,72.0
다이메티콘/비닐다이메티콘크로스폴리머,기제,,high,False,25.0
다이메티콘올,기제,,high,False,21.0
다이메티콘크로스폴리머,미분류,,,False,1.0
다이메틸설폰,미분류,,,False,2.0
다이메틸실란올하이알루로네이트,액티브,보습,medium,False,17.0
다이메틸아이소소바이드,미분류,,,False,12.0
다이메틸이미다졸리디논쌀전분,미분류,,,False,1.0
다이부틸아디페이트,기제,,high,False,36.0
다이소듐석시네이트,미분류,,,False,1.0
다이소듐이디티에이,기제,,high,False,192.0
다이소듐이디티에이*글루타치온좀(Glutathiosome):식물유래이중지질막전달체에글루타치온을담지하여만든복합체5,,,,False,
다이소듐이디티에이*에스네이처아쿠아스쿠알란수분크림:정제수,,,,False,
다이소듐이디티에이[3번]정제수,,,,False,
다이소듐이디티에이[글루타치온좀핏]정제수,,,,False,
다이소듐이디티에이[마데카소사이드스티커]정제수,,,,False,
다이소듐이디티에이[밀크스티커]정제수,,,,False,
다이소듐이디티에이[부활초핏]정제수,,,,False,
다이소듐이디티에이[비타스티커]정제수,,,,False,
다이소듐이디티에이[수분초히알루론스티커]정제수,,,,False,
다이소듐이디티에이[퓨리파잉-2제]에키네시아추출물,,,,False,
다이소듐이디티에이●크림토너:정제수,,,,False,
다이소듐이디티에이카밍패드:정제수,,,,False,
다이소듐코코암포다이아세테이트,미분류,,,False,1.0
다이소듐포스페이트,기제,,high,False,23.0
다이스타치포스페이트,미분류,,,False,1.0
다이스테아다이모늄헥토라이트,기제,,high,False,17.0
다이실록세인,미분류,,,False,6.0
다이아이소부틸아디페이트,미분류,,,False,4.0
다이아이소스테아릴말레이트,미분류,,,False,4.0
다이아이소프로필세바케이트,기제,,high,False,10.0
다이아이소프로필아디페이트,미분류,,,False,1.0
다이에톡시에틸석시네이트,미분류,,,False,11.0
다이에틸헥실석시네이트,미분류,,,False,2.0
다이카프릴릴에터,미분류,,,False,6.0
다이카프릴릴에테르,미분류,,,False,1.0
다이카프릴릴카보네이트,기제,,high,False,18.0
다이팔미토일하이드록시프롤린,미분류,,,False,6.0
다이페닐다이메티콘,미분류,,,False,6.0
다이페닐실록시페닐트라이메티콘,미분류,,,False,6.0
다이펜타에리스리틸트라이-폴리하이드록시스테아레이트,미분류,,,False,1.0
다이펜타에리스리틸펜타아이소노나노에이트,,,,False,
다이펜타에리스리틸헥사하이드록시스테아레이트/헥사스테아레이트/헥사로지네이트,미분류,,,False,1.0
다이펩타이드-15,미분류,,,False,2.0
다이펩타이드-2,미분류,,,False,2.0
다이펩타이드다이아미노부티로일벤질아마이드다이아세테이트,미분류,,,False,5.0
다이포타글리시리제이트,,,,False,
다이포타슘글리시리제이트,액티브,진정,high,False,60.0
다이포타슘포스페이트,미분류,,,False,3.0
다이프로필렌글라이콜,기제,,high,False,141.0
다채추출가루/잎추출물,미분류,,,False,1.0
단풍나무잎추출물,미분류,,,False,2.0
달맞이꽃꽃추출물,미분류,,,False,9.0
달맞이꽃오일,미분류,,,False,4.0
달맞이꽃추출물,미분류,,,False,1.0
달팽이점액여과물,미분류,,,False,1.0
당개나리열매추출물,미분류,,,False,1.0
당근씨오일,미분류,,,False,1.0
당근추출물,미분류,,,False,13.0
당느릅나무뿌리추출물,미분류,,,False,12.0
당아욱꽃/잎/줄기추출물,미분류,,,False,2.0
당아욱추출물,미분류,,,False,1.0
당호박추출물,,,,False,
대왕소나무잎추출물,미분류,,,False,7.0
대추추출물,미분류,,,False,1.0
댑싸리추출물,미분류,,,False,1.0
더덕뿌리추출물,미분류,,,False,2.0
데사미도콜라겐,미분류,,,False,1.0
데실글루코사이드,기제,,high,False,30.0
데이지꽃추출물,미분류,,,False,2.0
데카펩타이드-4,미분류,,,False,1.0
데하이드로잔탄검,미분류,,,False,1.0
덱스트란,미분류,,,False,5.0
덱스트린,기제,,high,False,47.0
덱스트린팔미테이트,미분류,,,False,3.0
덱스판테놀,미분류,,,False,1.0
도둑놈의지팡이뿌리추출물,미분류,,,False,7.0
도라지뿌리추출물,미분류,,,False,2.0
도코사헥사에노익애씨드,미분류,,,False,1.0
도쿄치류,미분류,,,False,1.0
돌나물추출물,미분류,,,False,1.0
돌콩단백질,미분류,,,False,1.0
돌콩배아추출물,미분류,,,False,1.0
돌콩스테롤[복숭아마스크-미백기능성화장품]복숭아수,,,,False,
돌콩싹추출물,미분류,,,False,1.0
돌콩오일,액티브,보습,medium,False,22.0
돌콩추출물,미분류,,,False,10.0
돌콩펩타이드,미분류,,,False,3.0
동백나무꽃추출물,미분류,,,False,1.0
동백나무씨오일,미분류,,,False,3.0
동백나무씨추출물,미분류,,,False,2.0
동백나무잎추출물,미분류,,,False,3.0
두송열매오일,미분류,,,False,1.0
둥굴레뿌리줄기추출물,미분류,,,False,1.0
드럼스틱씨오일,미분류,,,False,6.0
드럼스틱씨추출물,미분류,,,False,5.0
드로메트리졸트리실록산,미분류,,,False,8.0
들깨추출물,,,,False,
디소듐디티에이,,,,False,
디에칠아미노하이드록시벤조일헥실벤조에이트,UV필터,자외선차단,high,False,41.0
디에칠헥실부타미도트리아존,UV필터,자외선차단,high,False,12.0
디엔에이,미분류,,,False,5.0
띠뿌리추출물,미분류,,,False,2.0
라놀린알코올,미분류,,,False,2.0
라미나리아오크롤레우카추출물,미분류,,,False,1.0
라반딘오일,미분류,,,False,10.0
라벤더꽃추출물,미분류,,,False,3.0
라벤더오일,미분류,,,False,16.0
라우다이모늄하이드록시프로필하이드롤라이즈드밀단백질,미분류,,,False,1.0
라우레스-23,미분류,,,False,1.0
라우레스-3,미분류,,,False,1.0
라우레스-4,미분류,,,False,1.0
라우릭애씨드,미분류,,,False,12.0
라우릴글루코사이드,미분류,,,False,4.0
라우릴다이메티콘/폴리글리세린-3크로스폴리머,미분류,,,False,5.0
라우릴락테이트,미분류,,,False,1.0
라우릴베타인,미분류,,,False,1.0
라우릴폴리글리세릴-3폴리다이메틸실록시에틸다이메티콘,미분류,,,False,7.0
라우릴피이지-9폴리다이메틸실록시에틸다이메티콘,미분류,,,False,1.0
라우릴하이드록시설테인,미분류,,,False,2.0
라이소레시틴,미분류,,,False,8.0
라이신,미분류,,,False,15.0
라이신에이치씨엘,미분류,,,False,3.0
라이코펜,미분류,,,False,3.0
라임전초오일,미분류,,,False,7.0
라임추출물,미분류,,,False,1.0
라즈베리잎추출물,미분류,,,False,3.0
라즈베리추출물,미분류,,,False,2.0
라즈베리케톤,미분류,,,False,4.0
라피노오스,미분류,,,False,6.0
락토바실러스,미분류,,,False,8.0
락토바실러스/고추냉이뿌리발효추출물,미분류,,,False,2.0
락토바실러스/배즙발효여과물,미분류,,,False,2.0
락토바실러스/배즙발효여과물[미니순디병풀에센스]정제수,,,,False,
락토바실러스/부레옥잠발효물,미분류,,,False,3.0
락토바실러스/석류발효추출물,미분류,,,False,1.0
락토바실러스/소이밀크발효여과물,미분류,,,False,2.0
락토바실러스/쌀발효물,미분류,,,False,2.0
락토바실러스/인삼뿌리발효여과물,미분류,,,False,2.0
락토바실러스/콜라겐발효여과물,미분류,,,False,1.0
락토바실러스/콩발효추출물,미분류,,,False,12.0
락토바실러스/콩추출물발효여과물,미분류,,,False,4.0
락토바실러스/티트리잎추출물발효여과물,,,,False,
락토바실러스/호밀가루발효물,미분류,,,False,2.0
락토바실러스/호박발효추출물,미분류,,,False,1.0
락토바실러스/호박열매발효여과물,미분류,,,False,1.0
락토바실러스발효물,액티브,컨디셔닝_광채,medium,False,44.0
락토바실러스발효여과물,,,,False,
락토바실러스발효용해물,미분류,,,False,17.0
락토바실러스세포외소포,미분류,,,False,1.0
락토바이오닉애씨드,미분류,,,False,3.0
락토코쿠스/하이알루로닉애씨드발효여과물,미분류,,,False,1.0
락토코쿠스발효용해물,미분류,,,False,4.0
락틱애씨드,미분류,,,False,6.0
락틱애씨드/글라이콜릭애씨드코폴리머,미분류,,,False,1.0
람노오스,미분류,,,False,6.0
레드신코나나무껍질추출물,미분류,,,False,1.0
레드호그위드뿌리추출물,미분류,,,False,1.0
레몬그라스잎오일,미분류,,,False,1.0
레몬그라스추출물,미분류,,,False,2.0
레몬껍질오일,미분류,,,False,3.0
레몬머틀잎오일,미분류,,,False,1.0
레몬밤꽃/잎/줄기수,미분류,,,False,5.0
레몬밤잎추출물,미분류,,,False,5.0
레몬밤추출물,미분류,,,False,2.0
레몬버베나잎추출물,미분류,,,False,2.0
레몬수,미분류,,,False,1.0
레몬씨오일,,,,False,
레몬유칼립투스오일,미분류,,,False,1.0
레몬추출물,미분류,,,False,1.0
레스베라트롤,미분류,,,False,5.0
레시틴,기제,,high,False,36.0
레이디스맨틀꽃/잎/줄기추출물,미분류,,,False,2.0
레이디스맨틀잎추출물,미분류,,,False,3.0
레이디스맨틀추출물,미분류,,,False,1.0
레티놀,미분류,,,False,5.0
레티닐팔미테이트,미분류,,,False,2.0
레틴알,미분류,,,False,2.0
로션:정제수,,,,False,
로얄젤리추출물,,,,False,
로우스위트베리추출물,미분류,,,False,3.0
로우스위트블루베리추출물,미분류,,,False,2.0
로즈마리잎수,미분류,,,False,5.0
로즈마리잎오일,미분류,,,False,12.0
로즈마리잎추출물,미분류,,,False,6.0
로즈우드오일,미분류,,,False,1.0
로즈힙열매오일,미분류,,,False,1.0
로즈힙열매추출물,미분류,,,False,5.0
로즈힙추출물,미분류,,,False,1.0
로켓잎추출물,미분류,,,False,3.0
루틴,미분류,,,False,2.0
류신,미분류,,,False,13.0
류코노스톡/무발효여과물,미분류,,,False,3.0
리날룰,향료,,high,False,49.0
"리날룰(*표시:부활초추출물,+표시:Napiersoriginalformula,**표시:Napiersmoistureformula,++표시:식물유래향)",,,,False,
리날룰*제공된성분은동일제품이라도경우에따라변경될수있습니다.최신정보는제품포장의성분을참고하시거나닥터자르트고객만족센터(1544-5453)으로연락부탁드립니다,,,,False,
리날룰*표시:beliforiginalformula+표시:빌리프프로프로즌콤플렉스**표시:식물유래향,,,,False,
리날룰*표시:beliforiginalformula+표시:빌리프프로프로즌콤플렉스**표시:식물유래향[증정-프로즌세럼]정제수,,,,False,
리날룰*표시:beliforiginalformula+표시:빌리프프로프로즌콤플렉스**표시:식물유래향[증정-프로즌크림]정제수,,,,False,
리날룰*표시:beliforiginalformula+표시:빌리프프로프로즌콤플렉스**표시:식물유래향[증정-프로즌토너]정제수,,,,False,
리날룰*표시:부활초계열추출물+표시:Napiersoriginalformula**표시:Napiersmoistureformula++표시:식물유래향,,,,False,
리날룰STEP2메디힐히알루론산바이오세컨덤앰플정제수,,,,False,
리날룰[아쿠아밤-본품/증정]정제수,,,,False,
리날릴아세테이트,미분류,,,False,3.0
리놀레닉애씨드,미분류,,,False,1.0
리놀레익애씨드,미분류,,,False,2.0
리모넨,향료,,high,False,49.0
리모넨*표시:beliforiginalformula+표시:식물유래향,,,,False,
리모넨[레티놀마스크-일반화장품]정제수,,,,False,
리모넨[쿨링괄사세럼]정제수,,,,False,
리모넨■우르오스올인원스킨로션정제수,,,,False,
리보플라빈,미분류,,,False,3.0
리씨열매오일,미분류,,,False,2.0
마그네슘글루코네이트,미분류,,,False,2.0
마그네슘설페이트,기제,,medium,False,14.0
마그네슘설페이트2.자작나무수분클렌저(증정품)정제수,,,,False,
마그네슘시트레이트,미분류,,,False,1.0
마그네슘아스코빌포스페이트,미분류,,,False,5.0
마그네슘아스파테이트,미분류,,,False,1.0
마그네슘클로라이드,미분류,,,False,6.0
마그네슘피씨에이,미분류,,,False,3.0
마그네슘피씨에이포타슘피씨에이,미분류,,,False,1.0
마누카잎추출물,미분류,,,False,3.0
마늘추출물,미분류,,,False,2.0
마데카소사이드,액티브,진정,high,False,69.0
마데카식애씨드,액티브,진정,high,False,42.0
마데카식애씨드[티트리]정제수,,,,False,
마돈나백합꽃추출물,미분류,,,False,1.0
마돈나백합비늘줄기추출물,미분류,,,False,1.0
마시멜로뿌리추출물,미분류,,,False,3.0
마이카,미분류,,,False,8.0
마이크로크리스탈린셀룰로오스,미분류,,,False,6.0
마카다미아씨오일,미분류,,,False,23.0
마카다미아씨추출물,미분류,,,False,1.0
마카뿌리추출물,미분류,,,False,2.0
마테잎추출물,미분류,,,False,1.0
마트리카리아꽃/잎추출물,미분류,,,False,1.0
마트리카리아꽃오일,미분류,,,False,8.0
마트리카리아꽃추출물,미분류,,,False,8.0
마트리카리아잎추출물,미분류,,,False,1.0
마트리카리아추출물,,,,False,
만노오스,미분류,,,False,16.0
만니톨,액티브,보습,high,False,29.0
만다린껍질추출물,미분류,,,False,2.0
만다린추출물,미분류,,,False,1.0
만델릭애씨드,미분류,,,False,2.0
만주자작나무껍질/잎추출물,미분류,,,False,1.0
만주자작나무껍질추출물,미분류,,,False,1.0
만주자작나무수액,미분류,,,False,1.0
말라카이트추출물,액티브,진정,low,True,24.0
말토덱스트린,기제,,medium,False,26.0
망가니즈글루코네이트,미분류,,,False,7.0
망가니즈피씨에이,미분류,,,False,1.0
망고스틴껍질추출물,,,,False,
망고씨버터,미분류,,,False,1.0
망고추출물,미분류,,,False,1.0
매듭풀추출물,미분류,,,False,1.0
매스틱검,미분류,,,False,2.0
매실나무꽃추출물,미분류,,,False,1.0
매실수,미분류,,,False,1.0
매실추출물,미분류,,,False,5.0
맥아추출물,미분류,,,False,3.0
맥주효모추출물,미분류,,,False,2.0
메나다이온,미분류,,,False,1.0
메도우스위트꽃추출물,미분류,,,False,3.0
메도우스위트추출물,미분류,,,False,2.0
메도우폼씨오일,미분류,,,False,18.0
메칠렌비스-벤조트리아졸릴테트라메칠부틸페놀,UV필터,자외선차단,high,False,11.0
메톡시피이지-114/폴리엡실론카프로락톤,미분류,,,False,5.0
메티오닌,미분류,,,False,12.0
메티오닌[겔마스크]정제수,,,,False,
메틸글루세스-20,미분류,,,False,12.0
메틸글루코오스세스퀴스테아레이트,미분류,,,False,3.0
메틸다이아이소프로필프로피온아마이드,미분류,,,False,15.0
메틸다이하이드로자스모네이트,미분류,,,False,5.0
메틸렌다이옥시페닐메틸프로판알,미분류,,,False,3.0
메틸메타크릴레이트크로스폴리머,기제,,medium,False,17.0
메틸카프로오일타이로지네이트,미분류,,,False,6.0
메틸트라이메티콘,기제,,high,False,31.0
메틸파라벤,미분류,,,False,2.0
메틸프로판다이올,기제,,high,False,78.0
멕시칸주니퍼오일,미분류,,,False,5.0
멕시칸치아씨오일,,,,False,
멕시칸치아씨추출물,미분류,,,False,5.0
멘톡시프로판다이올,미분류,,,False,3.0
멘톤글리세린아세탈,,,,False,
멘톨,미분류,,,False,3.0
멘틸락테이트,미분류,,,False,1.0
멜라토닌,미분류,,,False,4.0
멜론추출물,미분류,,,False,5.0
모과추출물,미분류,,,False,2.0
모나스커스/쌀발효물,미분류,,,False,2.0
모란가지/꽃/잎추출물,미분류,,,False,1.0
모란뿌리추출물,미분류,,,False,3.0
모란뿌리추출물[밸런스풀시카컨트롤세럼]정제수,,,,False,
모란추출물,미분류,,,False,1.0
모하비유카뿌리추출물,미분류,,,False,1.0
목면꽃추출물,미분류,,,False,1.0
몬모릴로나이트,미분류,,,False,1.0
몰로키아잎추출물,미분류,,,False,1.0
무기자차선크림:정제수,,,,False,
무추출물,미분류,,,False,2.0
무화과추출물,미분류,,,False,10.0
물냉이추출물,미분류,,,False,1.0
물망초꽃/잎/줄기추출물,미분류,,,False,1.0
물푸레나무추출물,,,,False,
미네랄솔트,미분류,,,False,3.0
미네랄오일,미분류,,,False,3.0
미네랄워터,미분류,,,False,1.0
미리스토일/팔미토일옥소스테아라마이드/아라카마이드엠이에이,미분류,,,False,10.0
미리스토일펜타펩타이드-17,미분류,,,False,1.0
미리스토일펜타펩타이드-4,미분류,,,False,3.0
미리스틱애씨드,미분류,,,False,13.0
미리스틸글루코사이드,미분류,,,False,1.0
미리스틸미리스테이트,미분류,,,False,3.0
미리스틸알코올,미분류,,,False,1.0
미선나무수,미분류,,,False,2.0
미역추출물,미분류,,,False,2.0
미역취추출물,미분류,,,False,1.0
미타자씨오일,미분류,,,False,1.0
밀몽화꽃추출물,미분류,,,False,5.0
밀배아추출물,미분류,,,False,1.0
밀싹추출물,미분류,,,False,4.0
밀크아미노산,미분류,,,False,1.0
바나나추출물,미분류,,,False,2.0
바륨설페이트,미분류,,,False,2.0
바실러스/소이빈발효추출물,미분류,,,False,5.0
바실러스/폴릭애씨드/돌콩발효추출물,미분류,,,False,3.0
바오밥나무씨오일,미분류,,,False,6.0
바오밥나무씨추출물,미분류,,,False,2.0
바오밥나무잎추출물,미분류,,,False,1.0
바위돌꽃뿌리추출물,미분류,,,False,1.0
바위손추출물,미분류,,,False,3.0
바이오사카라이드검-1,액티브,보습,medium,False,25.0
바이오사카라이드검-4,미분류,,,False,6.0
바이오틴,미분류,,,False,10.0
바이오플라보노이드,,,,False,
바질꽃/잎/줄기추출물,미분류,,,False,1.0
바질오일,미분류,,,False,5.0
바질잎추출물,미분류,,,False,2.0
바추잎잎추출물,,,,False,
바쿠치올,미분류,,,False,10.0
발린,미분류,,,False,13.0
발삼아미리스껍질오일,미분류,,,False,4.0
발삼코파이바수지,,,,False,
밤껍질추출물,미분류,,,False,5.0
밤부사불가리스잎/줄기추출물,미분류,,,False,1.0
밤부사불가리스잎추출물,,,,False,
백미꽃추출물,미분류,,,False,11.0
버지니아풍년화수,미분류,,,False,3.0
버지니아풍년화잎수,미분류,,,False,1.0
버지니아풍년화잎추출물,미분류,,,False,4.0
버지니아풍년화추출물,미분류,,,False,5.0
베르가모트오일,미분류,,,False,13.0
베르가모트잎추출물,미분류,,,False,5.0
베르가못잎추출물,,,,False,
베타-글루칸,액티브,보습|진정,high,False,70.0
베타-시토스테롤,미분류,,,False,3.0
베타-카로틴,미분류,,,False,16.0
베타-카로틴2.멜라셋기미토닝스팟패치스타이렌/아이소프렌코폴리머,,,,False,
베타글루칸,,,,False,
베타인,액티브,보습,high,False,126.0
베타인살리실레이트,미분류,,,False,6.0
베툴린,미분류,,,False,3.0
베티버뿌리오일,미분류,,,False,3.0
베헤닉애씨드,미분류,,,False,6.0
베헤닐알코올,기제,,high,False,44.0
벤조익애씨드,미분류,,,False,5.0
벤조트라이아졸릴도데실p-크레솔,미분류,,,False,4.0
벤질글라이콜,미분류,,,False,18.0
벤질벤조에이트,미분류,,,False,5.0
벤질살리실레이트,미분류,,,False,7.0
벤질알코올,미분류,,,False,2.0
벼에스에이치-올리고펩타이드-1*레티놀함량,미분류,,,False,1.0
변성알코올,기제,,high,False,40.0
별꽃추출물,미분류,,,False,3.0
병풀꽃/잎/줄기추출물,미분류,,,False,7.0
병풀뿌리추출물,미분류,,,False,3.0
병풀잎수,미분류,,,False,3.0
병풀잎추출물,액티브,진정,high,False,23.0
병풀추출물,액티브,진정,high,False,87.0
병풀추출물100,미분류,,,False,2.0
병풀추출물원씽병풀수딩마스크팩:정제수,,,,False,
보검선인장줄기추출물,미분류,,,False,4.0
보리지씨오일,미분류,,,False,1.0
보리지추출물,미분류,,,False,3.0
보리추출물,미분류,,,False,3.0
복사나무꽃추출물,미분류,,,False,4.0
복사나무잎추출물,미분류,,,False,5.0
복숭아씨추출물,미분류,,,False,1.0
복숭아추출물,미분류,,,False,2.0
본품:정제수,,,,False,
부들레야추출물,미분류,,,False,1.0
부틸렌글라이콜,기제,,high,False,375.0
부틸렌글라이콜다이카프릴레이트/다이카프레이트,미분류,,,False,7.0
부틸렌글라이콜코코에이트,,,,False,
부틸메톡시디벤조일메탄,미분류,,,False,2.0
부틸옥틸살리실레이트,기제,,medium,False,30.0
부틸페닐메틸프로피오날,미분류,,,False,1.0
분비나무오일,미분류,,,False,1.0
분홍바늘꽃꽃/잎/줄기추출물,미분류,,,False,1.0
불가리스쑥오일,미분류,,,False,10.0
불등가사리추출물,미분류,,,False,2.0
붉은토끼풀꽃추출물,미분류,,,False,5.0
붉은토끼풀추출물,미분류,,,False,1.0
브로멜라인,미분류,,,False,1.0
브로콜리싹추출물,미분류,,,False,3.0
브로콜리추출물,미분류,,,False,1.0
브루셀스프라우트추출물,미분류,,,False,2.0
브이피/에이코신코폴리머,미분류,,,False,8.0
블래더랙추출물,미분류,,,False,2.0
블랙체리열매추출물,미분류,,,False,2.0
블랙커민씨추출물,미분류,,,False,1.0
블루아가베잎추출물,미분류,,,False,2.0
블루탄지꽃오일,미분류,,,False,1.0
비니거,미분류,,,False,2.0
비닐다이메티콘,기제,,high,False,17.0
비닐다이메티콘/메티콘실세스퀴옥세인크로스폴리머,미분류,,,False,7.0
비사보롤,미분류,,,False,18.0
비스-다이글리세릴폴리아실아디페이트-2,미분류,,,False,2.0
비스-부틸다이메티콘폴리글리세릴-3,미분류,,,False,1.0
비스-에칠헥실옥시페놀메톡시페닐트리아진,UV필터,자외선차단,high,False,26.0
비스-에톡시다이글라이콜사이클로헥산1,미분류,,,False,1.0
비스-에틸헥실옥시페놀메톡시페닐트라이아진,미분류,,,False,2.0
비스-피이지-18메틸에터다이메틸실레인,미분류,,,False,10.0
비스-하이드록시에톡시프로필다이메티콘,미분류,,,False,3.0
비에이치티,미분류,,,False,11.0
비즈왁스,미분류,,,False,1.0
비타민나무수,미분류,,,False,5.0
비타민나무열매오일,미분류,,,False,3.0
비타민나무열매오일[라이스마스크-일반화장품]쌀겨수,,,,False,
비타민나무열매추출물,미분류,,,False,4.0
비타민나무오일,미분류,,,False,3.0
비타민나무추출물,,,,False,
비터오렌지껍질오일,,,,False,
비터오렌지꽃오일,미분류,,,False,4.0
비터오렌지꽃추출물,미분류,,,False,1.0
비터콜라씨추출물,미분류,,,False,1.0
비트레오스실라발효물,미분류,,,False,7.0
비파나무잎추출물,미분류,,,False,6.0
비피다발효여과물,미분류,,,False,3.0
비피다발효용해물,미분류,,,False,14.0
비피다발효추출물,미분류,,,False,1.0
비피다발효추출물100,미분류,,,False,1.0
빌베리열매추출물,미분류,,,False,1.0
빙하수,미분류,,,False,3.0
뽕나무껍질추출물,미분류,,,False,1.0
뽕나무열매추출물,미분류,,,False,1.0
뽕나무잎추출물,미분류,,,False,1.0
사과세포배양추출물,미분류,,,False,1.0
사과씨오일,미분류,,,False,1.0
사과씨추출물,미분류,,,False,5.0
사과즙,미분류,,,False,4.0
사과추출물,미분류,,,False,12.0
사막장미잎세포추출물,미분류,,,False,1.0
사발팜열매추출물,미분류,,,False,2.0
사이아노코발아민,미분류,,,False,26.0
사이클로덱스트린,미분류,,,False,2.0
사이클로메티콘,미분류,,,False,1.0
사이클로펜타실록세인,기제,,high,False,18.0
사이클로헥사실록세인,기제,,high,False,17.0
사철쑥꽃추출물,미분류,,,False,2.0
사철쑥추출물,미분류,,,False,3.0
사카라이드아이소머레이트,미분류,,,False,9.0
사카라이드하이드롤리세이트,미분류,,,False,1.0
사코신,미분류,,,False,3.0
사탕무뿌리추출물,미분류,,,False,2.0
사탕수수추출물,액티브,보습,medium,False,14.0
사포닌,미분류,,,False,3.0
산뽕나무잎추출물,미분류,,,False,2.0
산소,미분류,,,False,5.0
산양삼추출물,미분류,,,False,5.0
살구씨오일,미분류,,,False,4.0
살구즙,미분류,,,False,1.0
살구추출물,미분류,,,False,2.0
살리실릭애씨드,미분류,,,False,19.0
살몬케어링센텔라토너병풀잎수,,,,False,
살비아오일,미분류,,,False,2.0
살비아잎수,미분류,,,False,1.0
살비아잎추출물,미분류,,,False,2.0
살비아추출물,,,,False,
삼나무잎추출물,미분류,,,False,2.0
삼백초잎/뿌리추출물,미분류,,,False,2.0
삼색제비꽃추출물,미분류,,,False,3.0
삽주뿌리줄기추출물,미분류,,,False,1.0
생강오일,미분류,,,False,3.0
생강추출물,미분류,,,False,2.0
생달나무잎추출물,미분류,,,False,4.0
샤프란꽃추출물,,,,False,
서양민들레꽃/잎/줄기추출물,미분류,,,False,1.0
서양민들레뿌리줄기/뿌리추출물,미분류,,,False,1.0
서양민들레잎추출물,미분류,,,False,3.0
서양배추출물,미분류,,,False,4.0
서양산딸기잎추출물,미분류,,,False,3.0
서양산딸기추출물,미분류,,,False,1.0
서양송악잎/줄기추출물,미분류,,,False,4.0
서양유채싹추출물,미분류,,,False,1.0
서양유채씨오일,미분류,,,False,1.0
서양측백나무잎오일,미분류,,,False,4.0
서양측백나무잎추출물,미분류,,,False,1.0
서양톱풀꽃/잎/줄기추출물,미분류,,,False,2.0
서양톱풀꽃추출물,미분류,,,False,2.0
서양톱풀추출물,미분류,,,False,2.0
서인도체리열매추출물,미분류,,,False,1.0
석류추출물,미분류,,,False,2.0
석시닉애씨드,미분류,,,False,13.0
세라마이드에이에스,미분류,,,False,13.0
세라마이드에이피,미분류,,,False,15.0
세라마이드엔에스,미분류,,,False,13.0
세라마이드엔에스[비타민씨]정제수,,,,False,
세라마이드엔지,미분류,,,False,2.0
세라마이드엔피,액티브,보습,high,False,112.0
세라마이드엔피*글루타치온좀(Glutathiosome):식물유래이중지질막전달체에글루타치온을담지하여만든복합체30,,,,False,
세라마이드엔피[PDRN]정제수,,,,False,
세라마이드엔피[세라마이드]정제수,,,,False,
세라마이드엔피[콜라겐]정제수,,,,False,
세라마이드엔피[티트리]정제수,,,,False,
세라마이드엔피[피지오겔DMT에센스인토너]정제수,,,,False,
세라마이드엔피[히알루론산]정제수,,,,False,
세라마이드이오피,미분류,,,False,12.0
세라마이드이오피**PDRN앰플정제수,,,,False,
세라마이드이오피[포어제로올인원]정제수,,,,False,
세룰라타벚나무꽃추출물,미분류,,,False,1.0
세린,액티브,보습,medium,False,30.0
세테스-24,미분류,,,False,1.0
세테아릴글루코사이드,미분류,,,False,9.0
세테아릴알코올,기제,,high,False,75.0
세테아릴알코올[아쿠아핏]정제수,,,,False,
세테아릴에틸헥사노에이트,미분류,,,False,1.0
세테아릴올리베이트,기제,,high,False,36.0
세트리모늄브로마이드,미분류,,,False,5.0
세틸-피지하이드록시에틸팔미타마이드,미분류,,,False,3.0
세틸-피지하이드록시에틸팔미타마이드(세라마이드CPP-40,,,,False,
세틸다이글리세릴트리스(트라이메틸실록시)실릴에틸다이메티콘,미분류,,,False,4.0
세틸알코올,미분류,,,False,10.0
세틸에틸헥사노에이트,미분류,,,False,21.0
세틸팔미테이트,미분류,,,False,5.0
세틸포스페이트,미분류,,,False,2.0
세틸피이지/피피지-10/1다이메티콘,미분류,,,False,5.0
센티드제라늄꽃오일,미분류,,,False,10.0
센티드제라늄수,,,,False,
셀룰로오스,미분류,,,False,5.0
셀룰로오스검,기제,,high,False,21.0
셀필룸추출물,미분류,,,False,1.0
소나무잎추출물,미분류,,,False,9.0
소나무잎추출물[2번]콜라겐수,,,,False,
소두구씨오일,,,,False,
소두구씨추출물,,,,False,
소듐구아이아줄렌설포네이트,,,,False,
소듐글루코네이트,미분류,,,False,6.0
소듐글리세로포스페이트,미분류,,,False,1.0
소듐다이라우미도글루타미드라이신,미분류,,,False,3.0
소듐데하이드로아세테이트,미분류,,,False,3.0
소듐디엔에이,액티브,보습,medium,False,27.0
소듐디엔에이(세럼)정제수,,,,False,
소듐디엔에이이살몬케어링센텔라크림병풀잎수,,,,False,
소듐라우로일글루타메이트,미분류,,,False,1.0
소듐락테이트,미분류,,,False,12.0
소듐메타바이설파이트,미분류,,,False,4.0
소듐메타포스페이트,미분류,,,False,15.0
소듐메틸스테아로일타우레이트,미분류,,,False,4.0
소듐메틸코코일타우레이트,미분류,,,False,2.0
소듐바이카보네이트,미분류,,,False,4.0
소듐벤조에이트,미분류,,,False,16.0
소듐서팩틴,미분류,,,False,3.0
소듐서팩틴[비타C마스크-미백,,,,False,
소듐설파이트,미분류,,,False,2.0
소듐설페이티드하이알루로네이트,미분류,,,False,1.0
소듐스테아로일글루타메이트,기제,,high,False,41.0
소듐스테아로일하이알루로네이트,미분류,,,False,1.0
소듐시트레이트,기제,,high,False,70.0
소듐아세테이트,미분류,,,False,3.0
소듐아세틸레이티드하이알루로네이트,액티브,보습,high,False,66.0
소듐아세틸레이티드하이알루로네이트[멀티디펜스]정제수,,,,False,
소듐아세틸레이티드하이알루로네이트[세럼(증정)]정제수,,,,False,
소듐아세틸레이티드하이알루로네이트[어성초진정마스크-일반화장품]약모밀꽃/잎/줄기수,,,,False,
소듐아세틸레이티드하이알루로네이트[웰라쥬리얼히알루로닉원데이키트]1)웰라쥬리얼에이치에이하이드레이트캡슐소듐하이알루로네이트,,,,False,
소듐아세틸에스에이치-올리고펩타이드-195에스피라이신N6-(석신이미도프로피오닐티오에틸다이팔미토일글리세로포스페이트),,,,False,
소듐아스코빌포스페이트,미분류,,,False,10.0
소듐아이소스테아로일락테이트,미분류,,,False,2.0
소듐아크릴레이트/비닐알코올코폴리머,미분류,,,False,5.0
소듐아크릴레이트/소듐아크릴로일다이메틸타우레이트코폴리머,미분류,,,False,17.0
소듐아크릴레이트코폴리머,미분류,,,False,3.0
소듐아크릴릭애씨드/엠에이코폴리머,미분류,,,False,8.0
소듐알엔에이,미분류,,,False,1.0
소듐올레오일하이알루로네이트히아루론산총량,,,,False,
소듐올리에이트,미분류,,,False,2.0
소듐카보머,미분류,,,False,8.0
소듐카복시메틸베타-글루칸,미분류,,,False,2.0
소듐코코일글루타메이트,,,,False,
소듐코코일알라니네이트,미분류,,,False,1.0
소듐코코일이세티오네이트,미분류,,,False,2.0
소듐클로라이드,기제,,high,False,31.0
소듐클로라이드[세럼]정제수,,,,False,
소듐트라이메타포스페이트,미분류,,,False,5.0
소듐파이루베이트,미분류,,,False,3.0
소듐파이테이트,기제,,high,False,39.0
소듐팔미토일사코시네이트,미분류,,,False,4.0
소듐팔미토일프롤린,미분류,,,False,3.0
소듐페닐부티로일히스티디닐4-t-부틸D-페닐알라닐알지닐라이신N6-(석신이미도프로피오닐티오에틸다이팔미토일글리세로포스페이트),,,,False,
소듐포스페이트,미분류,,,False,20.0
소듐포스페이트[피지오겔레드수딩AI릴리프마스크]정제수,,,,False,
소듐포스페이트피지오겔레드수딩AI리페어에센스정제수,,,,False,
소듐폴리감마-글루타메이트,미분류,,,False,2.0
소듐폴리글루타메이트,미분류,,,False,2.0
소듐폴리아스파테이트,미분류,,,False,1.0
소듐폴리아크릴레이트,기제,,high,False,36.0
소듐폴리아크릴레이트스타치,미분류,,,False,1.0
소듐폴리아크릴로일다이메틸타우레이트,기제,,high,False,26.0
소듐피씨에이,미분류,,,False,13.0
소듐피씨에이베타인,미분류,,,False,1.0
소듐하이드록사이드,미분류,,,False,27.0
소듐하이알로네이트,,,,False,
소듐하이알루로네이트,액티브,보습,high,False,238.0
소듐하이알루로네이트다이메틸실란올,액티브,보습,medium,False,16.0
소듐하이알루로네이트다이메틸실란올[콜라겐]정제수,,,,False,
소듐하이알루로네이트크로스폴리머,액티브,보습,high,False,64.0
소듐하이알루로네이트크로스폴리머-6,미분류,,,False,1.0
소듐하이알루로네이트크로스폴리머피지오겔레드수딩시카밸런스플러스에이씨폼살리실릭애씨드,,,,False,
소듐하이알루로네이트크로스폴리머피지오겔아쿠아포맨오일컷올인원정제수,,,,False,
소듐헤파린,미분류,,,False,5.0
소르빅애씨드,미분류,,,False,2.0
소엽맥문동뿌리추출물,미분류,,,False,3.0
소엽잎추출물,미분류,,,False,2.0
솔비탄다이스테아레이트,미분류,,,False,1.0
솔비탄라우레이트,미분류,,,False,2.0
솔비탄세스퀴올리에이트,미분류,,,False,7.0
솔비탄스테아레이트,미분류,,,False,9.0
솔비탄아이소스테아레이트,기제,,high,False,58.0
솔비탄올리베이트,기제,,high,False,41.0
솔비탄올리에이트,미분류,,,False,20.0
솔비탄카프릴레이트,미분류,,,False,1.0
솔비탄팔미테이트,미분류,,,False,3.0
솔비톨,액티브,보습,high,False,25.0
솔잣나무가지/잎오일,,,,False,
쇠뜨기잎추출물,미분류,,,False,1.0
쇠뜨기추출물,미분류,,,False,2.0
쇠비름추출물,액티브,진정,medium,False,22.0
수국잎추출물,,,,False,
수국잎추출물[PDRN]정제수,,,,False,
수레국화꽃수,미분류,,,False,2.0
수레국화꽃추출물,미분류,,,False,2.0
수박추출물,미분류,,,False,2.0
수베르참나무껍질추출물,미분류,,,False,1.0
수용성엘라스틴,미분류,,,False,1.0
수용성콜라겐,미분류,,,False,7.0
수용성콜라겐[프레쉬]정제수,,,,False,
수용성프로테오글리칸,미분류,,,False,7.0
수크로오스,미분류,,,False,17.0
수크로오스다이스테아레이트,미분류,,,False,3.0
수크로오스라우레이트,미분류,,,False,6.0
수크로오스스테아레이트,미분류,,,False,3.0
수크로오스테트라아이소스테아레이트,미분류,,,False,1.0
수크로오스팔미테이트,미분류,,,False,3.0
순무잎추출물,미분류,,,False,2.0
슈가켈프추출물,미분류,,,False,3.0
슈도알테로모나스발효추출물,미분류,,,False,2.0
스노우로투스추출물,미분류,,,False,1.0
스위트아몬드단백질,미분류,,,False,1.0
스위트아몬드열매추출물,미분류,,,False,1.0
스위트아몬드오일,미분류,,,False,1.0
스위트아몬드추출물,,,,False,
스쿠알란,액티브,보습,high,False,77.0
스클레로튬검,미분류,,,False,2.0
스키산드라스페난테라열매추출물,미분류,,,False,2.0
스키조사카로미세스발효여과물,액티브,컨디셔닝_광채,medium,False,19.0
스타아니스열매/씨오일,미분류,,,False,6.0
스타아니스추출물,미분류,,,False,3.0
스타이렌/브이피코폴리머,미분류,,,False,1.0
스테아레스-30,미분류,,,False,1.0
스테아레스-4,미분류,,,False,1.0
스테아로일글루타믹애씨드,미분류,,,False,1.0
스테아릭애씨드,기제,,high,False,81.0
스테아릴글리시레티네이트,미분류,,,False,1.0
스테아릴다이메티콘,미분류,,,False,3.0
스테아릴알코올,미분류,,,False,10.0
스테아릴헵타노에이트,미분류,,,False,4.0
스트렙토코쿠스테르모필루스발효물,미분류,,,False,4.0
스페인감초뿌리수,미분류,,,False,1.0
스페인감초뿌리추출물,미분류,,,False,12.0
스피드웰꽃/잎/줄기추출물,미분류,,,False,2.0
스피드웰추출물,미분류,,,False,1.0
스피어민트잎오일,미분류,,,False,1.0
스피어민트추출물,미분류,,,False,6.0
스핑고리피드,미분류,,,False,9.0
스핑고모나스발효추출물,미분류,,,False,10.0
시금치추출물,미분류,,,False,2.0
시메티콘,미분류,,,False,1.0
시스테인,미분류,,,False,12.0
시스테인에이치씨엘,미분류,,,False,1.0
시스틴,미분류,,,False,1.0
시어버터,액티브,보습,high,False,27.0
시트랄,미분류,,,False,23.0
시트랄*히아루론산솔루션함유,,,,False,
시트랄[4번]정제수,,,,False,
시트로넬올,미분류,,,False,31.0
시트로넬올STEP2메디힐로제피디알엔바이오세컨덤앰플정제수,,,,False,
시트로넬올[마데카소사이드바이오세컨덤]STEP1메디힐마데카소사이드바이오세컨덤마스크정제수,,,,False,
시트룰린,미분류,,,False,2.0
시트릭애씨드,기제,,high,False,109.0
시트릭애씨드*피디알엔:소듐디엔에이,,,,False,
시호뿌리추출물,,,,False,
식물성스쿠알란,미분류,,,False,5.0
식물성오일,미분류,,,False,2.0
신선초추출물,미분류,,,False,1.0
실란트라이올,미분류,,,False,1.0
실리카,기제,,medium,False,66.0
실리카다이메틸실릴레이트,미분류,,,False,2.0
실버위드추출물,미분류,,,False,2.0
실크수,미분류,,,False,2.0
실크아미노산,미분류,,,False,1.0
실크추출물,미분류,,,False,1.0
쌀겨수,미분류,,,False,1.0
쌀겨오일,미분류,,,False,3.0
쌀겨왁스,미분류,,,False,1.0
쌀단백질,,,,False,
쌀발효여과물,미분류,,,False,1.0
쌀배아추출물,,,,False,
쌀아미노산,미분류,,,False,1.0
쌀추출물,미분류,,,False,7.0
쐐기풀잎추출물,미분류,,,False,1.0
쑥잎추출물,미분류,,,False,5.0
쑥추출물,,,,False,
쓴풀추출물,미분류,,,False,2.0
씨대퍼딜추출물,미분류,,,False,1.0
씨솔트,미분류,,,False,2.0
아가,미분류,,,False,12.0
아나토씨오일,미분류,,,False,3.0
아데노신,액티브,탄력_주름,high,False,215.0
아데노신트라이포스페이트,미분류,,,False,3.0
아데노신포스페이트,미분류,,,False,4.0
아디픽애씨드,미분류,,,False,1.0
아라비아고무나무검,미분류,,,False,7.0
아라비아고무나무꽃/줄기추출물,미분류,,,False,1.0
아라키딕애씨드,미분류,,,False,11.0
아라키딜글루코사이드,기제,,high,False,13.0
아라키딜알코올,미분류,,,False,10.0
아르간커넬오일,미분류,,,False,3.0
아마씨추출물,미분류,,,False,2.0
아모다이메티콘,미분류,,,False,2.0
아미노메틸프로판다이올,미분류,,,False,3.0
아미노부티릭애씨드,,,,False,
아밀신남알,,,,False,
아벤느온천수(아쿠아),미분류,,,False,5.0
아보카도열매추출물,미분류,,,False,3.0
아보카도오일,미분류,,,False,6.0
아사이팜열매추출물,미분류,,,False,1.0
아세타마이드엠이에이,미분류,,,False,3.0
아세틸글루코사민,미분류,,,False,10.0
아세틸글루타민,미분류,,,False,8.0
아세틸다이펩타이드-1세틸에스터,미분류,,,False,4.0
아세틸레이티드글라이콜스테아레이트,미분류,,,False,2.0
아세틸옥타펩타이드-3,미분류,,,False,11.0
아세틸테트라펩타이드-11,미분류,,,False,5.0
아세틸테트라펩타이드-2,미분류,,,False,8.0
아세틸테트라펩타이드-3,미분류,,,False,9.0
아세틸테트라펩타이드-5,미분류,,,False,15.0
아세틸테트라펩타이드-9,미분류,,,False,10.0
아세틸헥사펩타이드-1,미분류,,,False,5.0
아세틸헥사펩타이드-8,액티브,탄력_주름,high,False,40.0
아세틸헵타펩타이드-4,미분류,,,False,3.0
아스코빅애씨드,액티브,미백|항산화,high,False,28.0
아스코빅애씨드[3C히알루론산세럼]정제수,,,,False,
아스코빅애씨드폴리펩타이드,미분류,,,False,8.0
아스코빌글루코사이드,미분류,,,False,10.0
아스코빌테트라이소팔미테이트,미분류,,,False,1.0
아스코빌팔미테이트,미분류,,,False,6.0
아스코빌팔미테이트[바노바기비타제닉젤리마스크리프팅10매]정제수,,,,False,
아스코빌프로필하이알루로네이트,미분류,,,False,1.0
아스타잔틴,미분류,,,False,4.0
아스파라진,미분류,,,False,1.0
아스파틱애씨드,미분류,,,False,13.0
아스퍼질러스발효물,미분류,,,False,2.0
아시아코사이드,미분류,,,False,1.0
아시아티코사이드,액티브,진정,high,False,46.0
아시아틱애씨드,액티브,진정,high,False,41.0
아이리쉬모스,,,,False,
아이리쉬모스가루,미분류,,,False,6.0
아이리쉬모스추출물,미분류,,,False,16.0
아이브라이트추출물,미분류,,,False,1.0
아이비고드열매추출물,액티브,항산화,low,True,18.0
아이소노닐아이소노나노에이트,미분류,,,False,10.0
아이소도데케인,기제,,high,False,21.0
아이소류신,미분류,,,False,13.0
아이소말트,미분류,,,False,2.0
아이소부틸아미도티아졸릴레조시놀,미분류,,,False,1.0
아이소세테스-20,미분류,,,False,2.0
아이소세틸스테아로일스테아레이트,미분류,,,False,2.0
아이소스테아릭애씨드,미분류,,,False,3.0
아이소스테아릴아이소스테아레이트,미분류,,,False,1.0
아이소스테아릴알코올,,,,False,
아이소쿼시트린,미분류,,,False,4.0
아이소펜틸다이올,미분류,,,False,12.0
아이소프로필미리스테이트,미분류,,,False,19.0
아이소프로필티타늄트라이아이소스테아레이트,미분류,,,False,6.0
아이소프로필팔미테이트,미분류,,,False,2.0
아이소헥사데칸,미분류,,,False,8.0
아이슬란드이끼추출물,,,,False,
아쿠아(아벤느온천수),미분류,,,False,2.0
아크릴레이트/C10-30알킬아크릴레이트크로스폴리머,기제,,high,False,116.0
아크릴레이트/다이메티콘코폴리머,미분류,,,False,1.0
아크릴레이트/스테아릴메타크릴레이트코폴리머,미분류,,,False,6.0
아크릴레이트/스테아릴아크릴레이트/다이메티콘메타크릴레이트코폴리머,미분류,,,False,1.0
아크릴레이트/암모늄메타크릴레이트코폴리머,미분류,,,False,8.0
아크릴레이트/에틸헥실아크릴레이트코폴리머,미분류,,,False,1.0
아크릴릭애씨드/브이피크로스폴리머,미분류,,,False,1.0
아텔로콜라겐,미분류,,,False,5.0
아텔로콜라겐**PDRN수분크림정제수,,,,False,
아텔로콜라겐**PDRN앰플정제수,,,,False,
아틀라스시다나무껍질오일,미분류,,,False,5.0
아티초크잎추출물,미분류,,,False,7.0
아파노테케사크룸엑소폴리사카라이즈,미분류,,,False,1.0
안하이드로자일리톨,미분류,,,False,11.0
알간나무커넬오일,미분류,,,False,1.0
알간나뿌리추출물,미분류,,,False,1.0
알라닌,미분류,,,False,15.0
알라닌/히스티딘/라이신폴리펩타이드카퍼에이치씨엘,미분류,,,False,1.0
알란토인,액티브,진정,high,False,122.0
알로에베라꽃추출물,미분류,,,False,10.0
알로에베라잎수,미분류,,,False,3.0
알로에베라잎즙,미분류,,,False,6.0
알로에베라잎추출물,액티브,진정|보습,high,False,15.0
알로에베라잎폴리사카라이드,미분류,,,False,1.0
알로에잎추출물,미분류,,,False,1.0
알루미나,미분류,,,False,12.0
알루미늄스테아레이트,미분류,,,False,6.0
알루미늄전분옥테닐석시네이트,미분류,,,False,1.0
알루미늄하이드록사이드,기제,,medium,False,25.0
알바수련꽃추출물,미분류,,,False,6.0
알바수련꽃추출물[TXA세럼마스크-미백,,,,False,
알부틴,미분류,,,False,11.0
알지닌,액티브,보습,medium,False,89.0
알지닌/라이신폴리펩타이드,미분류,,,False,2.0
알지닌에이치씨엘,미분류,,,False,1.0
알진,미분류,,,False,11.0
알칸나뿌리추출물,미분류,,,False,1.0
알테로모나스발효추출물,미분류,,,False,2.0
알파-글루칸올리고사카라이드,미분류,,,False,6.0
알파-비사보롤,미분류,,,False,1.0
알파-아이소메틸아이오논,미분류,,,False,2.0
알파-알부틴,미분류,,,False,8.0
암모늄아크릴로일다이메틸타우레이트/베헤네스-25메타크라일레이트크로스폴리머,미분류,,,False,2.0
암모늄아크릴로일다이메틸타우레이트/브이피코폴리머,기제,,high,False,73.0
암모늄폴리아크릴로일다이메틸타우레이트,미분류,,,False,14.0
암모니아,미분류,,,False,1.0
앰플정제수,,,,False,
야자씨버터,미분류,,,False,1.0
야콘뿌리즙,미분류,,,False,6.0
약모밀꽃/잎/줄기수,미분류,,,False,4.0
약모밀소포,미분류,,,False,2.0
약모밀수,,,,False,
약모밀추출물,액티브,진정,high,False,25.0
양까막까치밥나무씨오일,미분류,,,False,1.0
양까막까치밥나무잎추출물,,,,False,
양배추추출물,미분류,,,False,2.0
양버들껍질/싹/잎/잔가지추출물,미분류,,,False,4.0
양파추출물,미분류,,,False,2.0
어성초추출물(=약모밀추출물,미분류,,,False,1.0
얼룩조릿대잎추출물,미분류,,,False,2.0
얼룩파인애플추출물,미분류,,,False,2.0
에난티아클로란타껍질추출물,미분류,,,False,5.0
에델바이스꽃/잎추출물,미분류,,,False,2.0
에델바이스추출물,미분류,,,False,1.0
에델바이스캘러스배양추출물,미분류,,,False,1.0
에리스리톨,액티브,보습,high,False,25.0
에센스:정제수,,,,False,
에스네이처아쿠아스쿠알란세럼:정제수,,,,False,
에스신,미분류,,,False,1.0
에스알-(올리고펩타이드-91클로스트리듐보툴리눔폴리펩타이드-1),미분류,,,False,3.0
에스에이치-데카펩타이드-7,미분류,,,False,3.0
에스에이치-옥타펩타이드-4,미분류,,,False,3.0
에스에이치-올리고펩타이드-1,미분류,,,False,5.0
에스에이치-올리고펩타이드-1**PDRN수분크림정제수,,,,False,
에스에이치-올리고펩타이드-2,미분류,,,False,3.0
에스에이치-올리고펩타이드-23에스피,미분류,,,False,1.0
에스에이치-올리고펩타이드-9,미분류,,,False,3.0
에스에이치-펜타펩타이드-19,미분류,,,False,3.0
에스에이치-폴리펩타이드-1,미분류,,,False,3.0
에스에이치-폴리펩타이드-11,미분류,,,False,2.0
에스에이치-폴리펩타이드-121,미분류,,,False,2.0
에스에이치-폴리펩타이드-123,미분류,,,False,3.0
에스에이치-폴리펩타이드-16,미분류,,,False,3.0
에스에이치-폴리펩타이드-19,미분류,,,False,2.0
에스에이치-폴리펩타이드-22,미분류,,,False,3.0
에스에이치-폴리펩타이드-3,미분류,,,False,3.0
에스에이치-폴리펩타이드-60,미분류,,,False,1.0
에스에이치-폴리펩타이드-62,미분류,,,False,3.0
에스에이치-폴리펩타이드-9,미분류,,,False,3.0
에스티로더갈색병:정제수,,,,False,
에이치디아이/트라이메틸올헥실락톤크로스폴리머,미분류,,,False,2.0
에칠아스코빌에텔,,,,False,
에칠아스코빌에텔(3-O-에틸아스코빅애씨드),미분류,,,False,1.0
에칠헥실메톡시신나메이트,미분류,,,False,7.0
에칠헥실살리실레이트,UV필터,자외선차단,high,False,11.0
에칠헥실트리아존,UV필터,자외선차단,high,False,36.0
에키네시아추출물,미분류,,,False,2.0
에키움플란타기네움씨오일,미분류,,,False,1.0
에탄올,미분류,,,False,13.0
에톡시다이글라이콜,미분류,,,False,9.0
에톡시다이글라이콜*[NMN퍼밍엑스퍼트앰플/증정]정제수,,,,False,
에틸렌브라실레이트,미분류,,,False,1.0
에틸리날룰,미분류,,,False,3.0
에틸멘탄카복사마이드,미분류,,,False,1.0
에틸셀룰로오스,,,,False,
에틸아이소스테아레이트,미분류,,,False,1.0
에틸헥산다이올,미분류,,,False,1.0
에틸헥실글리세린,기제,,high,False,297.0
에틸헥실글리세린[다이브인모이스처선크림]정제수,,,,False,
에틸헥실스테아레이트,미분류,,,False,4.0
에틸헥실올리베이트,미분류,,,False,2.0
에틸헥실팔미테이트,기제,,high,False,24.0
에피갈로카테킨갈레이트,미분류,,,False,7.0
엑토인,액티브,보습|진정,high,False,23.0
엘더꽃추출물,미분류,,,False,2.0
엘라스틴,미분류,,,False,1.0
여주열매추출물,미분류,,,False,3.0
연꽃꽃추출물,미분류,,,False,1.0
연꽃뿌리추출물,미분류,,,False,2.0
연꽃잎추출물,미분류,,,False,2.0
연꽃추출물,미분류,,,False,3.0
연어알추출물,미분류,,,False,7.0
연잎추출물,미분류,,,False,1.0
연필향나무오일,미분류,,,False,3.0
염소유추출물,미분류,,,False,1.0
영지버섯줄기추출물,,,,False,
영지버섯추출물,미분류,,,False,2.0
오레가노잎추출물,미분류,,,False,4.0
오레가노추출물,,,,False,
오렌지껍질오일,미분류,,,False,7.0
오렌지껍질추출물,,,,False,
오렌지꽃오일,,,,False,
오렌지오일,미분류,,,False,2.0
오르니틴,미분류,,,False,2.0
오리스뿌리추출물,미분류,,,False,3.0
오이열매추출물,미분류,,,False,2.0
오이추출물,미분류,,,False,3.0
오일팜오일,미분류,,,False,5.0
오일팜커넬오일,미분류,,,False,1.0
오죽잎추출물,미분류,,,False,1.0
오카무라큰실말추출물,미분류,,,False,5.0
오크라열매추출물,미분류,,,False,4.0
옥수수오일,미분류,,,False,1.0
옥수수전분,미분류,,,False,9.0
옥수수커넬추출물,미분류,,,False,3.0
옥타데센,미분류,,,False,1.0
옥타데케인,미분류,,,False,1.0
옥탄다이올,미분류,,,False,5.0
옥토크릴렌,미분류,,,False,5.0
옥틸도데세스-16,미분류,,,False,11.0
옥틸도데실미리스테이트,미분류,,,False,1.0
옥틸도데실스테아로일스테아레이트,미분류,,,False,1.0
옥틸도데칸올,기제,,high,False,29.0
온천수,미분류,,,False,5.0
올레스-10,미분류,,,False,2.0
올레스-3,미분류,,,False,1.0
올레스-3포스페이트,미분류,,,False,1.0
올레스-5,미분류,,,False,1.0
올레아놀릭애씨드,미분류,,,False,5.0
올레아마이드엠이에이,미분류,,,False,1.0
올레익애씨드,미분류,,,False,12.0
올레일알코올,미분류,,,False,3.0
올록수스,미분류,,,False,1.0
올리고펩타이드-1,미분류,,,False,3.0
올리고펩타이드-2,미분류,,,False,4.0
올리고펩타이드-3,미분류,,,False,1.0
올리고펩타이드-68,미분류,,,False,1.0
올리브나무잎추출물,미분류,,,False,1.0
올리브오일,액티브,보습,high,False,22.0
올인원:정제수페퍼민트잎수변성알코올프로필렌글라이콜글리세린부틸렌글라이콜피이지-20피이지-8피피지-6-데실테트라데세스-30비스-피이지-18메틸에터다이메틸실레인카보머페녹시에탄올향료프로판다이올에틸헥실글리세린포타슘하이드록사이드멘톨아데노신알지닌시트릭애씨드살리실릭애씨드리날룰리모넨알테로모나스발효추출물비트레오스실라발효물벤질살리실레이트하이드록시시트로넬알시트로넬올쿠마린토코페롤올인원스틱:정제수다이카프릴릴카보네이트부틸렌글라이콜아이소데실네오펜타노에이트합성왁스다이메티콘마이크로크리스탈린왁스글리세린나이아신아마이드라우릴피이지-8다이메티콘소듐클로라이드다이프로필렌글라이콜1,,,,False,
와일드인디고뿌리추출물,미분류,,,False,3.0
완두콩추출물,미분류,,,False,1.0
왕귤껍질오일,미분류,,,False,2.0
왕질경이씨추출물,미분류,,,False,2.0
왜당귀뿌리수,미분류,,,False,1.0
왜당귀뿌리추출물,미분류,,,False,1.0
우레아,미분류,,,False,13.0
우르오스올인원스킨밀크정제수,,,,False,
우릭애씨드,미분류,,,False,3.0
우엉뿌리추출물,미분류,,,False,1.0
우유단백질추출물,,,,False,
우유엑소좀,미분류,,,False,1.0
우유지질,미분류,,,False,1.0
우유추출물,미분류,,,False,1.0
울금뿌리추출물,액티브,진정|항산화,medium,False,33.0
울트라마린,미분류,,,False,5.0
울트라마린[생기톤업]정제수,,,,False,
원씽병풀추출물:병풀잎수,,,,False,
원지뿌리추출물,미분류,,,False,1.0
원추리꽃추출물,미분류,,,False,2.0
월계수잎추출물,미분류,,,False,4.0
월귤잎추출물,미분류,,,False,2.0
월귤추출물,미분류,,,False,4.0
웨스트오스트레일리아산달우드목부오일,미분류,,,False,1.0
윈터체리뿌리추출물,미분류,,,False,1.0
유럽밤나무씨추출물,미분류,,,False,2.0
유비데아로지글로우정제수아이소프로필미리스테이트글리세린티타늄디옥사이드에칠헥실트리아존변성알코올프로판다이올트라이에탄올아민비스-에칠헥실옥시페놀메톡시페닐트리아진부틸메톡시디벤조일메탄테레프탈릴리덴디캠퍼설포닉애씨드마이카페닐벤즈이미다졸설포닉애씨드스테아릭애씨드펜틸렌글라이콜실리카포타슘세틸포스페이트아크릴아마이드/소듐아크릴로일다이메틸타우레이트코폴리머알루미늄하이드록사이드아스코빌글루코사이드바륨설페이트카프릴로일살리실릭애씨드카프릴릴글라이콜카보머세틸알코올적색산화철황색산화철티타늄디옥사이드시트릭애씨드디에칠아미노하이드록시벤조일헥실벤조에이트드로메트리졸트리실록산글리세릴스테아레이트돌콩오일하이드록시아세토페논아이소헥사데칸레시틴미리스틱애씨드팔미틱애씨드피이지-100스테아레이트폴리솔베이트80풀루란스클레로튬검소듐클로라이드소듐코코일사코시네이트솔비탄올리에이트토코페롤트라이소듐에틸렌다이아민다이석시네이트트로메타민잔탄검-멜라B3세럼정제수다이메티콘나이아신아마이드글리세린프로필렌글라이콜폴리실리콘-11실리카비스-피이지/피피지-16/16피이지/피피지-16/16다이메티콘레인보우랙추출물2-머캅토니코티노일글라이신피이지-20메틸글루코오스세스퀴스테아레이트소듐하이알루로네이트소듐하이드록사이드소듐티오설페이트카르노신폴록사머338암모늄폴리아크릴로일다이메틸타우레이트다이포타슘글리시리제이트카프릴릭/카프릭트라이글리세라이드카프릴로일살리실릭애씨드카프릴릴글라이콜시트릭애씨드트라이소듐에틸렌다이아민다이석시네이트잔탄검펜틸렌글라이콜옥틸도데칸올레티닐팔미테이트토코페롤펜타에리스리틸테트라-다이-t-부틸하이드록시하이드로신나메이트페녹시에탄올적색227호향료,,,,False,
유비퀴논,미분류,,,False,13.0
유자추출물,미분류,,,False,2.0
유제놀,,,,False,
유차나무씨오일,,,,False,
유채스테롤,미분류,,,False,10.0
유청여과물,미분류,,,False,1.0
유칼립톨,미분류,,,False,3.0
유칼립투스잎수,,,,False,
유칼립투스잎오일,미분류,,,False,2.0
유칼립투스잎추출물,미분류,,,False,10.0
육계나무껍질추출물,미분류,,,False,7.0
육계나무껍질추출물[아크네프로겔제]정제수,,,,False,
육계잎오일,미분류,,,False,3.0
육두구커넬추출물,미분류,,,False,1.0
율무씨수,,,,False,
율무씨추출물,미분류,,,False,2.0
으름덩굴추출물,미분류,,,False,2.0
은방울수선비늘줄기추출물,,,,False,
은행나무잎추출물,미분류,,,False,4.0
은행추출물,미분류,,,False,2.0
이노시톨,미분류,,,False,4.0
이눌린,미분류,,,False,8.0
이눌린라우릴카바메이트,미분류,,,False,12.0
이리추출물,미분류,,,False,5.0
이소아밀p-메톡시신나메이트,미분류,,,False,1.0
인도멀구슬나무꽃추출물,액티브,진정,medium,False,35.0
인도멀구슬나무잎추출물,액티브,진정,medium,False,35.0
인삼수,,,,False,
인삼추출물,미분류,,,False,2.0
일랑일랑꽃오일,미분류,,,False,3.0
잇꽃꽃추출물,미분류,,,False,13.0
잇꽃씨오일,미분류,,,False,2.0
잇꽃씨추출물,미분류,,,False,1.0
잎새버섯자실체추출물,미분류,,,False,2.0
자귀나무껍질추출물,미분류,,,False,1.0
자두추출물,미분류,,,False,2.0
자몽껍질오일,미분류,,,False,1.0
자몽추출물,미분류,,,False,1.0
자이언트켈프추출물,미분류,,,False,1.0
자일로글루칸,,,,False,
자일로오스,미분류,,,False,6.0
자일리톨,액티브,보습,high,False,35.0
자일리틸글루코사이드,미분류,,,False,12.0
자작나무껍질추출물,미분류,,,False,2.0
자작나무수액,미분류,,,False,4.0
자주개자리추출물,미분류,,,False,3.0
작약꽃추출물,미분류,,,False,1.0
작약뿌리추출물,미분류,,,False,5.0
잔탄검,기제,,high,False,181.0
잔탄검/[크림]정제수,,,,False,
잔탄검[세럼]정제수,,,,False,
장미꽃오일,,,,False,
장미추출물,,,,False,
적색227호[ILN39477]*제공된성분은동일제품이라도경우에따라변경될수있습니다.최신정보는제품포장의성분을참고하시거나본사고객관리지원팀으로연락부탁드립니다,,,,False,
적색227호[iln39477]제공된성분은동일제품이라도경우에따라변경될수있습니다.최신정보는제품포장의성분을참고하시거나본사고객관리지원팀으로연락부탁드립니다.젤:제수,,,,False,
적색504호,미분류,,,False,4.0
적색산화철,착색제,,high,False,15.0
적색산화철[초록톤업]정제수,,,,False,
전성분명,미분류,,,False,1.0
전성분실크수,미분류,,,False,1.0
전성분정제수,,,,False,
접시꽃추출물,미분류,,,False,11.0
정제수,기제,,high,False,197.0
정제수글리세린다이메티콘스쿠알란비스-피이지-18메틸에터다이메틸실레인수크로오스스테아레이트스테아릴알코올피이지-8스테아레이트미리스틸미리스테이트살구씨오일페녹시에탄올아보카도오일글리세릴스테아레이트세틸알코올쌀겨오일올리브오일클로페네신스테아릭애씨드팔미틱애씨드카보머아크릴레이트/C10-30알킬아크릴레이트크로스폴리머트라이소듐에틸렌다이아민다이석시네이트스위트아몬드오일잔탄검에틸헥실글리세린소듐하이드록사이드토코페롤돌콩오일슈도알테로모나스발효추출물미리스틱애씨드하이드록시팔미토일스핑가닌살리실릭애씨드해바라기씨오일로즈마리잎추출물시트릭애씨드,,,,False,
정제수글리세린다이메티콘아이소세틸스테아레이트나이아신아마이드아이소프로필라우로일사코시네이트실리카암모늄폴리아크릴로일다이메틸타우레이트쌀전분석류과피추출물포타슘세틸포스페이트솔비탄올리에이트징크피씨에이글리세릴스테아레이트에스이아이소헥사데칸소듐하이드록사이드미리스틸미리스테이트2-올레아미도-1,,,,False,
정제수글리세린다이프로필렌글라이콜부틸렌글라이콜프로필렌글라이콜펜틸렌글라이콜나이아신아마이드카프릴릴글라이콜시트릭애씨드잔탄검,,,,False,
정제수글리세린변성알코올프로필렌글라이콜판테놀펜틸렌글라이콜다이메티콘피이지-6카프릴릭/카프릭글리세라이즈갈랑가갈랑갈잎추출물칼슘클로라이드글리세릴아이소스테아레이트마데카소사이드피피지-6-데실테트라데세스-30소듐아세틸레이티드하이알루로네이트소듐하이알루로네이트알진아데노신암모늄폴리아크릴로일다이메틸타우레이트프로판다이올하이드롤라이즈드하이알루로닉애씨드하이드록시아세토페논카프릴릭/카프릭트라이글리세라이드카프릴릴글라이콜시트릭애씨드트라이소듐에틸렌다이아민다이석시네이트아세틸글루코사민잔탄검부틸렌글라이콜1,,,,False,
정제수글리세린프로판다이올판테놀펜틸렌글라이콜소듐시트레이트만노오스마데카소사이드망가니즈글루코네이트소듐클로라이드코코-베타인카퍼글루코네이트카프릴릴글라이콜시트릭애씨드트라이소듐에틸렌다이아민다이석시네이트,,,,False,
정제수다이카프릴릴에터판테놀글리세린펜틸렌글라이콜폴리글리세릴-6다이스테아레이트프로판다이올세틸에스터호호바에스터베헤닐알코올그린와틀꽃왁스해바라기씨왁스병풀잎추출물야콘뿌리즙솔비탄올리에이트징크글루코네이트마데카소사이드세테아릴아이소노나노에이트망가니즈글루코네이트아이소헥사데칸알파-글루칸올리고사카라이드소듐하이알루로네이트소듐스테아로일글루타메이트아데노신만노오스카퍼글루코네이트하이드록시아세토페논하이드록시프로필스타치포스페이트카프릴로일살리실릭애씨드비트레오스실라발효물시트릭애씨드트라이소듐에틸렌다이아민다이석시네이트락토바실러스말토덱스트린폴리글리세린-3폴리글리세릴-3비즈왁스폴리솔베이트80아크릴아마이드/소듐아크릴로일다이메틸타우레이트코폴리머세틸알코올토코페롤[시카에센스]정제수비피다발효용해물판테놀다이메티콘베타인글리세린부틸렌글라이콜펜틸렌글라이콜아이소프로필미리스테이트피이지/피피지/폴리부틸렌글라이콜-8/5/3글리세린소듐하이드록사이드만노오스메틸다이하이드로자스모네이트아크릴레이트/C10-30알킬아크릴레이트크로스폴리머페녹시에탄올하이드로제네이티드레시틴알파-글루칸올리고사카라이드카프릴릴글라이콜폴리솔베이트20마데카소사이드스핑고모나스발효추출물시트릭애씨드야콘뿌리즙소듐메틸스테아로일타우레이트아세틸다이펩타이드-1세틸에스터소듐벤조에이트말토덱스트린징크글루코네이트망가니즈글루코네이트소듐하이알루로네이트엑토인단삼뿌리추출물살리실로일피토스핑고신락토바실러스트라이소듐에틸렌다이아민다이석시네이트비사보롤,,,,False,
정제수변성알코올글리세린프로판다이올나이아신아마이드락틱애씨드하이드록시에틸피페라진에탄설포닉애씨드하이드록시아세토페논소듐하이드록사이드하이드록시프로필구아살리실릭애씨드파이틱애씨드,,,,False,
정제수비피다발효용해물글리세린펜틸렌글라이콜다이메티콘부틸렌글라이콜옥틸도데칸올만노오스소듐하이알루로네이트하이드록시아세토페논카프릴릴글라이콜암모늄폴리아크릴로일다이메틸타우레이트알파-글루칸올리고사카라이드다이포타슘글리시리제이트테트라소듐글루타메이트다이아세테이트효모추출물소듐카복시메틸베타-글루칸아데노신잔탄검야콘뿌리즙소듐벤조에이트말토덱스트린시트릭애씨드아세틱애씨드락틱애씨드향료살리실로일피토스핑고신락토바실러스,,,,False,
정제수비피다발효용해물판테놀다이메티콘베타인글리세린부틸렌글라이콜펜틸렌글라이콜아이소프로필미리스테이트피이지/피피지/폴리부틸렌글라이콜-8/5/3글리세린소듐하이드록사이드만노오스메틸다이하이드로자스모네이트아크릴레이트/C10-30알킬아크릴레이트크로스폴리머페녹시에탄올하이드로제네이티드레시틴알파-글루칸올리고사카라이드카프릴릴글라이콜폴리솔베이트20마데카소사이드스핑고모나스발효추출물시트릭애씨드야콘뿌리즙소듐메틸스테아로일타우레이트아세틸다이펩타이드-1세틸에스터소듐벤조에이트말토덱스트린징크글루코네이트망가니즈글루코네이트소듐하이알루로네이트엑토인단삼뿌리추출물살리실로일피토스핑고신락토바실러스트라이소듐에틸렌다이아민다이석시네이트비사보롤,,,,False,
정제수에칠헥실메톡시신나메이트드로메트리졸트리실록산글리세린프로필렌글라이콜디메치콘티타늄디옥사이드변성알코올펜틸렌글라이콜티타늄디옥사이드테레프탈릴리덴디캠퍼설포닉애씨드디에칠아미노하이드록시벤조일헥실벤조에이트트리에탄올아민비스-에칠헥실옥시페놀메톡시페닐트리아진스테아릭애씨드포타슘세틸포스페이트알루미늄하이드록사이드부틸렌글라이콜쉐어버터씨드케이크추출물카프릴릴글라이콜카보머세틸알코올적색산화철/황색산화철디소듐이디티에이글리세릴스테아레이트팔미틱애씨드피이지-100스테아레이트페녹시에탄올소듐코코일사코시네이트토코페롤트로메타민잔탄검,,,,False,
정제수하이드로제네이티드폴리아이소부텐다이메티콘글리세린시어버터판테놀옥수수전분프로판다이올부틸렌글라이콜세틸피이지/피피지-10/1다이메티콘트라이하이드록시스테아린병풀잎추출물야콘뿌리즙징크글루코네이트마데카소사이드망가니즈글루코네이트알파-글루칸올리고사카라이드실리카알루미늄하이드록사이드마그네슘설페이트만노오스카프릴로일글라이신카프릴릴글라이콜비트레오스실라발효물시트릭애씨드트라이소듐에틸렌다이아민다이석시네이트락토바실러스아세틸레이티드글라이콜스테아레이트말토덱스트린폴리글리세릴-4아이소스테아레이트토코페롤펜타에리스리틸테트라-다이-t-부틸하이드록시하이드로신나메이트티타늄디옥사이드,,,,False,
제니스테인,미분류,,,False,1.0
제라니올,미분류,,,False,22.0
제라니올세럼:정제수,,,,False,
제로틴/하이드롤라이즈드디엔에이,미분류,,,False,3.0
제비꽃꽃추출물,미분류,,,False,3.0
제올라이트,,,,False,
제인,미분류,,,False,2.0
제주조릿대추출물,미분류,,,False,1.0
제충국꽃추출물,미분류,,,False,1.0
젤란검,미분류,,,False,15.0
젤크림:정제수,,,,False,
조류추출물,미분류,,,False,2.0
조름나물잎추출물,미분류,,,False,1.0
주름개선기능성화장품]정제수,,,,False,
줄맨드라미씨추출물,미분류,,,False,2.0
지모뿌리추출물,미분류,,,False,6.0
지황뿌리추출물,미분류,,,False,2.0
진주가루,미분류,,,False,1.0
진주추출물,미분류,,,False,2.0
진흙버섯추출물,미분류,,,False,1.0
질경이추출물,미분류,,,False,1.0
징크글루코네이트,미분류,,,False,8.0
징크디엔에이,미분류,,,False,1.0
징크락테이트,미분류,,,False,1.0
징크설페이트,미분류,,,False,2.0
징크스테아레이트,미분류,,,False,1.0
징크옥사이드,UV필터,자외선차단,high,False,11.0
징크클로라이드,미분류,,,False,2.0
징크피씨에이,액티브,피지_모공,high,False,27.0
징크피씨에이(징크로서,미분류,,,False,1.0
징크하이드롤라이즈드하이알루로네이트,미분류,,,False,1.0
참깨오일,미분류,,,False,3.0
참나무뿌리추출물,미분류,,,False,1.0
참나무이끼추출물,미분류,,,False,1.0
참마뿌리추출물,미분류,,,False,10.0
참산호말추출물,액티브,진정,low,True,28.0
참오동나무잎추출물,미분류,,,False,4.0
창과감초뿌리추출물,미분류,,,False,4.0
창포뿌리추출물,미분류,,,False,2.0
천궁뿌리추출물,미분류,,,False,2.0
천궁수,미분류,,,False,1.0
천연빙하수,미분류,,,False,2.0
첨차잎추출물,,,,False,
청색1호,미분류,,,False,1.0
청색1호제공된성분은동일제품이라도경우에따라변경될수있습니다.최신정보는제품포장의성분을참고하시거나본사고객관리지원팀으로연락부탁드립니다,,,,False,
체이스트트리추출물,미분류,,,False,1.0
초유,,,,False,
초피나무열매추출물,미분류,,,False,4.0
치자나무꽃추출물,,,,False,
치자추출물,미분류,,,False,13.0
치자추출물[구성품:자작나무수분크림]정제수,,,,False,
치커리뿌리추출물,미분류,,,False,2.0
칡뿌리추출물,미분류,,,False,11.0
카나우바왁스,미분류,,,False,1.0
카놀라오일,미분류,,,False,6.0
카라기난,미분류,,,False,2.0
카라멜,미분류,,,False,3.0
카룸페트로셀리눔추출물,미분류,,,False,1.0
카르노신,미분류,,,False,13.0
카르니틴,미분류,,,False,5.0
카르니틴에이치씨엘,,,,False,
카멜그라스잎추출물,미분류,,,False,1.0
카바카바잎/뿌리/줄기추출물,미분류,,,False,2.0
카보머,기제,,high,False,155.0
카보머*크림정제수,,,,False,
카올린,미분류,,,False,1.0
카우슬립꽃추출물,미분류,,,False,2.0
카우슬립추출물,미분류,,,False,4.0
카카두플럼추출물,미분류,,,False,2.0
카카오씨추출물,미분류,,,False,14.0
카카오추출물,미분류,,,False,14.0
카퍼글루코네이트,미분류,,,False,3.0
카퍼설페이트,미분류,,,False,1.0
카퍼트라이펩타이드-1,액티브,탄력_주름,high,False,40.0
카페오일헥사펩타이드-65,미분류,,,False,3.0
카페익애씨드,미분류,,,False,1.0
카페인,미분류,,,False,19.0
카프릴로일글라이신,미분류,,,False,3.0
카프릴로일살리실릭애씨드,미분류,,,False,14.0
카프릴릭/카프릭/미리스틱/스테아릭트라이글리세라이드,미분류,,,False,1.0
카프릴릭/카프릭트라이글리세라이드,기제,,high,False,139.0
카프릴릭애씨드,미분류,,,False,1.0
카프릴릴/카프릭트라이글리세라이드,미분류,,,False,1.0
카프릴릴/카프릴글루코사이드,미분류,,,False,21.0
카프릴릴/카프릴트라이글리세라이드,미분류,,,False,1.0
카프릴릴글라이콜,기제,,high,False,149.0
카프릴릴글라이콜[어니언패드]정제수,,,,False,
카프릴릴글라이콜●젤클렌저:정제수,,,,False,
카프릴릴메티콘,기제,,high,False,45.0
카프릴하이드록사믹애씨드,미분류,,,False,2.0
칸데릴라/호호바/쌀겨폴리글리세릴-3에스터,미분류,,,False,2.0
칸디다봄비콜라/글루코오스/메틸레이프씨데이트발효물,미분류,,,False,9.0
칼라민,미분류,,,False,1.0
칼슘글루코네이트,미분류,,,False,2.0
칼슘락테이트,미분류,,,False,5.0
칼슘알루미늄보로실리케이트,미분류,,,False,1.0
칼슘클로라이드,미분류,,,False,10.0
칼슘클로라이드[라벤더]정제수,,,,False,
칼슘클로라이드[익스트림포스레포츠]정제수,,,,False,
칼슘판테테인설포네이트,미분류,,,False,1.0
칼슘판토테네이트,미분류,,,False,4.0
캐롭검,미분류,,,False,2.0
캐모마일,미분류,,,False,1.0
캐스터오일/아이피디아이코폴리머,미분류,,,False,3.0
캠퍼,,,,False,
캠페롤,,,,False,
커먼자스민추출물,,,,False,
커피콩추출물,미분류,,,False,11.0
컴프리잎추출물,미분류,,,False,1.0
케리포리아라케라타세포외소포,미분류,,,False,2.0
케이프알로에잎추출물,미분류,,,False,2.0
케일잎추출물,미분류,,,False,1.0
코직애씨드,미분류,,,False,4.0
코질메틸렌다이옥시신나메이트,미분류,,,False,1.0
코코-글루코사이드,미분류,,,False,2.0
코코-카프릴레이트/카프레이트,기제,,high,False,18.0
코코넛야자열매추출물,미분류,,,False,1.0
코코넛야자오일,미분류,,,False,2.0
코코넛워터,미분류,,,False,1.0
코토니추출물,미분류,,,False,3.0
콘민트잎추출물,미분류,,,False,1.0
콘민트추출물,미분류,,,False,1.0
콜라겐,미분류,,,False,6.0
콜라겐수,미분류,,,False,2.0
콜라겐아미노산,미분류,,,False,1.0
콜라겐추출물,미분류,,,False,12.0
콜레스-24,미분류,,,False,3.0
콜레스테롤,액티브,보습,high,False,53.0
콜레스테릴마카다미에이트,,,,False,
콜레스테릴헥실다이카바메이트풀루란,미분류,,,False,1.0
콜스애플민트잎추출물,,,,False,
콥티스뿌리추출물,미분류,,,False,2.0
쿠네아타산사열매추출물,미분류,,,False,2.0
쿠마린,미분류,,,False,2.0
쿠티박테리움그라눌로숨발효추출여과물,미분류,,,False,1.0
쿠푸아수씨버터,미분류,,,False,1.0
쿼세틴,미분류,,,False,8.0
퀴노아씨추출물,,,,False,
퀸즈랜드넛오일,미분류,,,False,6.0
퀼라자껍질추출물,미분류,,,False,1.0
크레아틴,미분류,,,False,2.0
크로뮴옥사이드그린,미분류,,,False,3.0
크리신,미분류,,,False,2.0
클레리오일,미분류,,,False,3.0
클레리추출물,미분류,,,False,2.0
클로렐라불가리스추출물,미분류,,,False,7.0
클로렐라프로토테코이데스추출물,미분류,,,False,2.0
클로브꽃추출물,미분류,,,False,3.0
클로브싹추출물,미분류,,,False,1.0
클로브잎오일,미분류,,,False,1.0
클로페네신,미분류,,,False,7.0
키위추출물,미분류,,,False,1.0
키토산,미분류,,,False,1.0
타라검,미분류,,,False,3.0
타라열매추출물,미분류,,,False,3.0
타마린드씨검,미분류,,,False,2.0
타우린,미분류,,,False,7.0
타이로신,미분류,,,False,12.0
타임꽃/잎/줄기추출물,,,,False,
타임잎추출물,미분류,,,False,7.0
타임추출물,미분류,,,False,2.0
타피오카전분,,,,False,
타히보껍질추출물,미분류,,,False,1.0
타히티바닐라추출물,미분류,,,False,2.0
탄닉애씨드,미분류,,,False,2.0
탄산수,,,,False,
탤크,미분류,,,False,1.0
탱자추출물,미분류,,,False,4.0
터펜틴,미분류,,,False,4.0
테레프탈릴리덴디캠퍼설포닉애씨드,UV필터,자외선차단,medium,False,14.0
테르무스테르모필루스발효물,미분류,,,False,1.0
테아닌,미분류,,,False,1.0
테트라데실아미노부티로일발릴아미노부티릭우레아트라이플루오로아세테이트,미분류,,,False,1.0
테트라소듐이디티에이,미분류,,,False,1.0
테트라하이드로피페린,미분류,,,False,3.0
테트라하이드록시프로필에틸렌다이아민,미분류,,,False,1.0
토너정제수,,,,False,
토르말린,미분류,,,False,1.0
토마토수,,,,False,
토마토열매/잎/줄기추출물,미분류,,,False,3.0
토마토즙,미분류,,,False,3.0
토마토추출물,미분류,,,False,2.0
토멘틸뿌리추출물,미분류,,,False,1.0
토코페롤,액티브,항산화,high,False,216.0
토코페롤[로제피디알엔바이오세컨덤]STEP1메디힐로제피디알엔바이오세컨덤마스크정제수,,,,False,
토코페롤[보송선앰플]정제수,,,,False,
토코페릴아세테이트,액티브,항산화,high,False,35.0
토탄추출물,미분류,,,False,4.0
톳추출물,미분류,,,False,1.0
트라넥사믹애씨드,미분류,,,False,12.0
트라이데세스-10,미분류,,,False,3.0
트라이데세스-6,미분류,,,False,2.0
트라이라우레스-4포스페이트,미분류,,,False,4.0
트라이메틸실록시실리케이트,미분류,,,False,7.0
트라이메틸펜타페닐트라이실록세인,미분류,,,False,2.0
트라이소듐에틸렌다이아민다이석시네이트,기제,,high,False,20.0
트라이소듐이디티에이,기제,,high,False,18.0
트라이소듐포스페이트,미분류,,,False,1.0
트라이실록세인,미분류,,,False,11.0
트라이에탄올아민,미분류,,,False,4.0
트라이에톡시카프릴릴실레인,기제,,medium,False,33.0
트라이에틸시트레이트,미분류,,,False,1.0
트라이에틸헥사노인,기제,,high,False,28.0
트라이펩타이드-1,미분류,,,False,11.0
트라이펩타이드-10시트룰린,미분류,,,False,1.0
트라이펩타이드-29,미분류,,,False,1.0
트라이펩타이드-32,미분류,,,False,3.0
트라이프로필렌글라이콜,미분류,,,False,6.0
트라이하이드록시스테아린,미분류,,,False,6.0
트레오닌,미분류,,,False,14.0
트레할로오스,액티브,보습,high,False,49.0
트로메타민,기제,,high,False,179.0
트로폴론,미분류,,,False,3.0
트록세루틴,미분류,,,False,1.0
트루로즈오브예리코추출물,미분류,,,False,2.0
트리스-바이페닐트라이아진,미분류,,,False,1.0
트립토판,미분류,,,False,2.0
티몰트라이메톡시신나메이트,미분류,,,False,2.0
티아민에이치씨엘,미분류,,,False,4.0
티옥틱애씨드,미분류,,,False,7.0
티타늄디옥사이드,UV필터,자외선차단,high,False,30.0
티트리꽃/잎/줄기추출물,미분류,,,False,5.0
티트리잎수,미분류,,,False,9.0
티트리잎오일,미분류,,,False,13.0
티트리잎추출물,미분류,,,False,10.0
티트리추출물,미분류,,,False,10.0
틴옥사이드,미분류,,,False,4.0
파네솔,미분류,,,False,2.0
파네솔크림:정제수,,,,False,
파스향나무잎추출물,미분류,,,False,2.0
파이틱애씨드,미분류,,,False,3.0
파파야열매추출물,미분류,,,False,4.0
파파인,미분류,,,False,2.0
판테놀,액티브,보습|진정,high,False,222.0
판테틴,미분류,,,False,1.0
판토락톤,미분류,,,False,4.0
판토테닉애씨드,미분류,,,False,6.0
팔마로사오일,,,,False,
팔미타마이드엠이에이,미분류,,,False,3.0
팔미토일다이펩타이드-7,미분류,,,False,1.0
팔미토일다이펩타이드-7[비타민]정제수,,,,False,
팔미토일다이펩타이드-7아세틸헥사펩타이드-8,,,,False,
팔미토일테트라펩타이드-10,미분류,,,False,1.0
팔미토일테트라펩타이드-7,미분류,,,False,22.0
팔미토일트라이펩타이드-1,미분류,,,False,27.0
팔미토일트라이펩타이드-38,미분류,,,False,1.0
팔미토일트라이펩타이드-5,미분류,,,False,21.0
팔미토일트라이펩타이드-8,미분류,,,False,3.0
팔미토일펜타펩타이드-4,미분류,,,False,29.0
팔미토일펜타펩타이드-5,미분류,,,False,3.0
팔미토일헥사펩타이드-12,미분류,,,False,7.0
팔미틱애씨드,기제,,high,False,43.0
팥추출물,미분류,,,False,2.0
패션프룻씨오일,미분류,,,False,1.0
퍼스트에센스정제수,,,,False,
퍼스트쿨링마스크:정제수,,,,False,
페네틸벤조에이트,미분류,,,False,1.0
페네틸알코올,미분류,,,False,4.0
페녹시에탄올,기제,,high,False,45.0
페녹시에탄올[ILN28954]*제공된성분은동일제품이라도경우에따라변경될수있습니다.최신정보는제품포장의성분을참고하시거나본사고객관리지원팀으로연락부탁드립니다,,,,False,
페녹시에탄올​[증정품]정제수,,,,False,
페닐알라닌,미분류,,,False,13.0
페닐트라이메티콘,미분류,,,False,13.0
페닐프로판올,미분류,,,False,1.0
페루기네움철쭉추출물,미분류,,,False,3.0
페룰릭애씨드,미분류,,,False,10.0
페트롤라툼,미분류,,,False,2.0
페퍼민트꽃/잎/줄기추출물,미분류,,,False,2.0
페퍼민트오일,미분류,,,False,5.0
페퍼민트잎수,미분류,,,False,2.0
페퍼민트잎추출물,미분류,,,False,4.0
페퍼민트추출물,미분류,,,False,2.0
펙틴*3XRETINOLCOMPLEX:레티놀1,,,,False,
펜타에리스리틸테트라-다이-t-부틸하이드록시하이드로신나메이트,미분류,,,False,5.0
펜타에리스리틸테트라아이소스테아레이트,미분류,,,False,6.0
펜타에리스리틸테트라에틸헥사노에이트,미분류,,,False,16.0
펜타펩타이드-3,미분류,,,False,4.0
펜타펩타이드-4,미분류,,,False,1.0
펜틸렌글라이콜,기제,,high,False,192.0
펜틸렌글라이콜-비타쿨링마스크:정제수,,,,False,
편백수,미분류,,,False,3.0
편백오일,,,,False,
편백잎추출물,미분류,,,False,7.0
포도덩굴수액,미분류,,,False,1.0
포도덩굴추출물,미분류,,,False,1.0
포도세포추출물,,,,False,
포도씨오일,미분류,,,False,4.0
포도씨추출물,미분류,,,False,1.0
포도주,미분류,,,False,3.0
포도주추출물,미분류,,,False,2.0
포도즙추출물,미분류,,,False,1.0
포도추출물,미분류,,,False,5.0
포믹애씨드,미분류,,,False,1.0
포스파티딜콜린,미분류,,,False,7.0
포스포리피드,미분류,,,False,2.0
포타슘라우레이트,,,,False,
포타슘락테이트,미분류,,,False,1.0
포타슘마그네슘아스파테이트,미분류,,,False,1.0
포타슘세틸포스페이트,기제,,medium,False,17.0
포타슘솔베이트,미분류,,,False,11.0
포타슘솔베이트*제공된성분은동일제품이라도경우에따라변경될수있습니다.최신정보는제품포장의성분을참고하시거나본사고객관리지원팀으로연락부탁드립니다,미분류,,,False,1.0
포타슘솔베이트[ILN49455]제공된성분은동일제품이라도경우에따라변경될수있습니다.최신정보는제품포장의성분을참고하시거나본사고객관리지원팀으로연락부탁드립니다,,,,False,
포타슘코코일글루타메이트,미분류,,,False,1.0
포타슘클로라이드,미분류,,,False,12.0
포타슘포스페이트,미분류,,,False,10.0
포타슘하이드록사이드,미분류,,,False,14.0
포타슘하이알루로네이트,액티브,보습,high,False,36.0
포타슘하이알루로네이트[크림]약모밀꽃/잎/줄기수,,,,False,
포타슘하이알루로네이트[흔적진정]정제수,,,,False,
포타슘하이알루로네이트선에센스:정제수,,,,False,
포트마리골드꽃추출물,미분류,,,False,6.0
폴라지닌,미분류,,,False,1.0
폴록사머407,미분류,,,False,1.0
폴리C10-30알킬아크릴레이트,기제,,high,False,21.0
폴리글루쿠로닉애씨드,미분류,,,False,4.0
폴리글루타믹애씨드,미분류,,,False,6.0
폴리글리세린-3,미분류,,,False,21.0
폴리글리세릴-10다이스테아레이트,미분류,,,False,1.0
폴리글리세릴-10다이아이소스테아레이트,미분류,,,False,1.0
폴리글리세릴-10다이올리에이트,,,,False,
폴리글리세릴-10라우레이트,기제,,high,False,52.0
폴리글리세릴-10미리스테이트,미분류,,,False,11.0
폴리글리세릴-10베헤네이트/에이코사디오에이트,미분류,,,False,3.0
폴리글리세릴-10스테아레이트,기제,,high,False,31.0
폴리글리세릴-10아이소스테아레이트,미분류,,,False,2.0
폴리글리세릴-10에이코산다이오에이트/테트라데칸다이오에이트,미분류,,,False,1.0
폴리글리세릴-10올리에이트,미분류,,,False,24.0
폴리글리세릴-10카프릴레이트/카프레이트,,,,False,
폴리글리세릴-10펜타스테아레이트,,,,False,
폴리글리세릴-2다이올리에이트,미분류,,,False,1.0
폴리글리세릴-2다이폴리하이드록시스테아레이트,기제,,medium,False,14.0
폴리글리세릴-2스테아레이트,미분류,,,False,4.0
폴리글리세릴-2올리에이트,미분류,,,False,1.0
폴리글리세릴-2카프레이트,미분류,,,False,1.0
폴리글리세릴-3다이스테아레이트,미분류,,,False,12.0
폴리글리세릴-3다이아이소스테아레이트,미분류,,,False,2.0
폴리글리세릴-3메틸글루코오스다이스테아레이트,기제,,high,False,48.0
폴리글리세릴-3비즈왁스,미분류,,,False,2.0
폴리글리세릴-3폴리다이메틸실록시에틸다이메티콘,기제,,medium,False,10.0
폴리글리세릴-3폴리리시놀리에이트,미분류,,,False,1.0
폴리글리세릴-4다이아이소스테아레이트/폴리하이드록시스테아레이트/세바케이트,미분류,,,False,1.0
폴리글리세릴-4라우레이트,,,,False,
폴리글리세릴-4아이소스테아레이트,미분류,,,False,8.0
폴리글리세릴-4올리에이트,미분류,,,False,4.0
폴리글리세릴-4카프레이트,미분류,,,False,8.0
폴리글리세릴-6다이스테아레이트,미분류,,,False,4.0
폴리글리세릴-6다이카프레이트,,,,False,
폴리글리세릴-6라우레이트,미분류,,,False,1.0
폴리글리세릴-6베헤네이트,미분류,,,False,1.0
폴리글리세릴-6스테아레이트,미분류,,,False,1.0
폴리글리세릴-6올리에이트,,,,False,
폴리글리세릴-6카프릴레이트,미분류,,,False,5.0
폴리글리세릴-6폴리리시놀리에이트,미분류,,,False,4.0
폴리다틴,미분류,,,False,2.0
폴리데센,미분류,,,False,2.0
폴리락틱애씨드,미분류,,,False,1.0
폴리메틸메타크릴레이트,미분류,,,False,4.0
폴리메틸실세스퀴옥세인,기제,,high,False,51.0
폴리비닐알코올,미분류,,,False,2.0
폴리솔베이트20,기제,,high,False,26.0
폴리솔베이트40,미분류,,,False,1.0
폴리솔베이트60,미분류,,,False,13.0
폴리솔베이트80,미분류,,,False,8.0
폴리실리콘-11,미분류,,,False,7.0
폴리실리콘-15,UV필터,자외선차단,high,False,11.0
폴리실리콘-9,미분류,,,False,2.0
폴리아이소부텐,미분류,,,False,23.0
폴리아크릴레이트-13,미분류,,,False,12.0
폴리아크릴레이트크로스폴리머-6,기제,,high,False,34.0
폴리아크릴릭애씨드,미분류,,,False,1.0
폴리에스터-1,미분류,,,False,1.0
폴리에스터-5,미분류,,,False,1.0
폴리에터-1,기제,,medium,False,15.0
폴리우레탄-15,미분류,,,False,5.0
폴리쿼터늄-51,미분류,,,False,22.0
폴리페닐실세스퀴옥세인,미분류,,,False,1.0
폴리프로필실세스퀴옥세인,미분류,,,False,4.0
폴리하이드록시스테아릭애씨드,기제,,medium,False,16.0
폴릭애씨드,미분류,,,False,6.0
폴스애플민트잎추출물,미분류,,,False,5.0
표고버섯추출물,미분류,,,False,2.0
푸른연꽃수,미분류,,,False,1.0
푸른연꽃추출물,미분류,,,False,2.0
푸코오스,미분류,,,False,4.0
풀러린,미분류,,,False,2.0
풀루란,미분류,,,False,8.0
풍선덩굴꽃/잎/덩굴추출물,미분류,,,False,3.0
프랑스해안송껍질추출물,미분류,,,False,4.0
프렌치로즈꽃추출물,미분류,,,False,4.0
프로방스장미꽃수,,,,False,
프로콜라겐,미분류,,,False,1.0
프로테아제,미분류,,,False,4.0
프로판,미분류,,,False,1.0
프로판다이올,기제,,high,False,213.0
프로폴리스추출물,미분류,,,False,10.0
프로필렌글라이콜,기제,,high,False,26.0
프로필렌글라이콜다이벤조에이트,미분류,,,False,2.0
프로필렌글라이콜다이카프레이트,미분류,,,False,3.0
프로필렌글라이콜알지네이트,미분류,,,False,2.0
프로필렌글라이콜알지네이트[PDRN세럼]정제수,,,,False,
프로필렌글라이콜카프릴레이트,미분류,,,False,1.0
프로필헵틸카프릴레이트,기제,,high,False,11.0
프롤린,미분류,,,False,13.0
프룩탄,미분류,,,False,9.0
프룩토오스,미분류,,,False,9.0
프룩토올리고사카라이드,미분류,,,False,22.0
프리지아추출물,미분류,,,False,1.0
플로레틴,미분류,,,False,4.0
피리독신,미분류,,,False,4.0
피리독신에이치씨엘,미분류,,,False,2.0
피마자씨오일,미분류,,,False,1.0
피버퓨추출물,미분류,,,False,1.0
피브로넥틴,미분류,,,False,3.0
피브이엠/엠에이코폴리머,미분류,,,False,16.0
피브이엠/엠에이코폴리머*젤크림정제수,,,,False,
피브이피,미분류,,,False,4.0
피씨에이,미분류,,,False,3.0
피씨에이글리세릴올리에이트,미분류,,,False,1.0
피씨에이다이메티콘,미분류,,,False,4.0
피이지-100스테아레이트,미분류,,,False,12.0
피이지-10다이메티콘,미분류,,,False,3.0
피이지-10다이메티콘/비닐다이메티콘크로스폴리머,미분류,,,False,1.0
피이지-14M,미분류,,,False,1.0
피이지-150,미분류,,,False,1.0
피이지-240/에이치디아이코폴리머비스-데실테트라데세스-20에터,,,,False,
피이지-30다이폴리하이드록시스테아레이트,미분류,,,False,2.0
피이지-32,미분류,,,False,2.0
피이지-40스테아레이트,미분류,,,False,1.0
피이지-40하이드로제네이티드캐스터오일,미분류,,,False,11.0
피이지-6,미분류,,,False,6.0
피이지-60하이드로제네이티드캐스터오일,미분류,,,False,4.0
피이지-75,미분류,,,False,2.0
피이지-7글리세릴코코에이트,미분류,,,False,1.0
피이지-7트라이메틸올프로판코코넛에터,미분류,,,False,2.0
피이지-8,미분류,,,False,3.0
피이지-80글리세릴코코에이트,미분류,,,False,1.0
피이지-90,미분류,,,False,1.0
피이지-9폴리다이메틸실록시에틸다이메티콘,미분류,,,False,1.0
피이지/피피지-14/7다이메틸에터,미분류,,,False,1.0
피이지/피피지-17/6코폴리머,미분류,,,False,4.0
피이지/피피지-18/18다이메티콘,미분류,,,False,1.0
피이지/피피지-9/2다이메틸에터,미분류,,,False,1.0
피이지/피피지/폴리부틸렌글라이콜-8/5/3글리세린,미분류,,,False,4.0
피지오겔레드수딩AI리페어크림정제수,,,,False,
피지오겔아쿠아포맨오일컷올인원정제수,,,,False,
피키아발효용해여과물,미분류,,,False,1.0
피토스테롤,액티브,항산화,medium,False,19.0
피토스테릴/베헤닐/옥틸도데실라우로일글루타메이트,미분류,,,False,5.0
피토스테릴/옥틸도데실라우로일글루타메이트,미분류,,,False,1.0
피토스테릴/이소스테아릴/세틸/스테아릴/베헤닐다이머디리놀리에이트,미분류,,,False,2.0
피토스핑고신,미분류,,,False,19.0
피피지-10메틸글루코오스에터,미분류,,,False,1.0
피피지-13-데실테트라데세스-24,미분류,,,False,9.0
피피지-26-부테스-26,미분류,,,False,5.0
피피지-5-세테스-20,미분류,,,False,1.0
피피지-6-데실테트라데세스-30,미분류,,,False,4.0
필리핀오렌지껍질오일,미분류,,,False,2.0
핌프로브크림:정제수,,,,False,
하늘타리뿌리추출물,미분류,,,False,2.0
하수오뿌리추출물,미분류,,,False,1.0
하수오전초추출물,미분류,,,False,1.0
하이드로제네이티드다이데센,미분류,,,False,1.0
하이드로제네이티드레시틴,기제,,high,False,180.0
하이드로제네이티드레시틴STEP2메디힐마데카소사이드바이오세컨덤앰플정제수,,,,False,
하이드로제네이티드레시틴패드:정제수,,,,False,
하이드로제네이티드스타치하이드롤리세이트,미분류,,,False,11.0
하이드로제네이티드식물성오일,미분류,,,False,3.0
하이드로제네이티드쌀겨오일,미분류,,,False,4.0
하이드로제네이티드올리브오일불검화물,,,,False,
하이드로제네이티드유채씨오일,미분류,,,False,2.0
하이드로제네이티드캐스터오일/세바식애씨드코폴리머,미분류,,,False,4.0
하이드로제네이티드캐스터오일다이머다이리놀레에이트,미분류,,,False,1.0
하이드로제네이티드코코-글리세라이즈,미분류,,,False,1.0
하이드로제네이티드팜글리세라이즈,,,,False,
하이드로제네이티드포스파티딜콜린,미분류,,,False,7.0
하이드로제네이티드폴리(C6-12올레핀),미분류,,,False,2.0
하이드로제네이티드폴리(C6-14올레핀),미분류,,,False,19.0
하이드로제네이티드폴리(C6-20올레핀),미분류,,,False,2.0
하이드로제네이티드폴리데센,기제,,high,False,22.0
하이드로제네이티드폴리사이클로펜타다이엔,미분류,,,False,1.0
하이드로제네이티드폴리아이소부텐,기제,,high,False,21.0
하이드록시데실유비퀴논,미분류,,,False,4.0
하이드록시시트로넬알,미분류,,,False,5.0
하이드록시신나믹애씨드,미분류,,,False,2.0
하이드록시아세토페논,기제,,medium,False,63.0
하이드록시아세토페논[5번]정제수,,,,False,
하이드록시아파타이트,미분류,,,False,1.0
하이드록시에틸셀룰로오스,기제,,high,False,30.0
하이드록시에틸아크릴레이트/소듐아크릴로일다이메틸타우레이트코폴리머,기제,,high,False,62.0
하이드록시에틸우레아,액티브,보습,medium,False,25.0
하이드록시에틸피페라진에탄설포닉애씨드,미분류,,,False,2.0
하이드록시이소헥실3-사이클로헥센카복스알데하이드카퍼피씨에이,미분류,,,False,1.0
하이드록시페닐프로파미도벤조익애씨드,미분류,,,False,4.0
하이드록시프로필메틸셀룰로오스,미분류,,,False,4.0
하이드록시프로필메틸셀룰로오스스테아록시에터,미분류,,,False,7.0
하이드록시프로필비스라우라마이드엠이에이,미분류,,,False,3.0
하이드록시프로필비스팔미타마이드엠이에이,미분류,,,False,7.0
하이드록시프로필비스팔미타마이드엠이에이(세라마이드PC-104,,,,False,
하이드록시프로필사이클로덱스트린,미분류,,,False,9.0
하이드록시프로필사이클로덱스트린2)웰라쥬리얼에이치에이하이드레이트솔루션정제수,,,,False,
하이드록시프로필스타치포스페이트,미분류,,,False,3.0
하이드록시프로필트라이모늄하이알루로네이트,액티브,보습,medium,False,52.0
하이드록시프로필트라이모듐하이알루로네이트,미분류,,,False,1.0
하이드록시프롤린,미분류,,,False,2.0
하이드록시피나콜론레티노에이트,미분류,,,False,6.0
하이드롤라이즈드감자단백질,미분류,,,False,2.0
하이드롤라이즈드귀리단백질,미분류,,,False,3.0
하이드롤라이즈드글라이코사미노글리칸,미분류,,,False,14.0
하이드롤라이즈드기장,미분류,,,False,5.0
하이드롤라이즈드디엔에이,미분류,,,False,7.0
하이드롤라이즈드레시틴,미분류,,,False,1.0
하이드롤라이즈드루핀단백질,미분류,,,False,4.0
하이드롤라이즈드맥아추출물,미분류,,,False,1.0
하이드롤라이즈드밀단백질,미분류,,,False,3.0
하이드롤라이즈드보리단백질,미분류,,,False,2.0
하이드롤라이즈드삼색제비꽃추출물,미분류,,,False,1.0
하이드롤라이즈드소듐하이알루로네이트,액티브,보습,high,False,48.0
"하이드롤라이즈드소듐하이알루로네이트,)",,,,False,
하이드롤라이즈드스위트아몬드단백질,미분류,,,False,3.0
하이드롤라이즈드스클레로튬검,미분류,,,False,3.0
하이드롤라이즈드식물성단백질,미분류,,,False,9.0
하이드롤라이즈드실크,미분류,,,False,1.0
하이드롤라이즈드쌀겨단백질,미분류,,,False,1.0
하이드롤라이즈드쌀단백질,미분류,,,False,4.0
하이드롤라이즈드쌀추출물,미분류,,,False,1.0
하이드롤라이즈드알진,미분류,,,False,2.0
하이드롤라이즈드엘라스틴,미분류,,,False,14.0
하이드롤라이즈드오크라추출물,미분류,,,False,7.0
하이드롤라이즈드옥수수단백질,미분류,,,False,3.0
하이드롤라이즈드옥수수전분,미분류,,,False,4.0
하이드롤라이즈드완두콩단백질,미분류,,,False,4.0
하이드롤라이즈드익스텐신,미분류,,,False,2.0
하이드롤라이즈드참깨단백질,미분류,,,False,1.0
하이드롤라이즈드치자추출물,미분류,,,False,2.0
하이드롤라이즈드칼슘하이알루로네이트,미분류,,,False,1.0
하이드롤라이즈드콘키올린단백질,,,,False,
하이드롤라이즈드콜라겐,미분류,,,False,23.0
하이드롤라이즈드콜라겐추출물,미분류,,,False,1.0
하이드롤라이즈드콩단백질,미분류,,,False,3.0
하이드롤라이즈드타피오카덩이줄기추출물,미분류,,,False,1.0
하이드롤라이즈드하이알루로닉애씨드,액티브,보습,high,False,110.0
하이드롤라이즈드하이알루로닉애씨드하이드롤라이즈드소듐하이알루로네이트,미분류,,,False,3.0
하이드롤라이즈드해면,미분류,,,False,3.0
하이드롤라이즈드호호바단백질,미분류,,,False,2.0
하이드롤라이즈드호호바에스터,미분류,,,False,2.0
하이알루로닉애씨드,액티브,보습,high,False,93.0
하이알루로닉애씨드/하이드롤라이즈드콜라겐크로스폴리머,미분류,,,False,1.0
하이알루로닉애씨드[피지오겔DMT에센스인토너]정제수,,,,False,
한련초잎추출물,미분류,,,False,6.0
한련초추출물,미분류,,,False,4.0
함유,미분류,,,False,1.0
함유[허니핏]정제수,,,,False,
합성왁스,미분류,,,False,3.0
합성플루오르플로고파이트,미분류,,,False,7.0
해마토코쿠스플루비알리스오일,미분류,,,False,2.0
해바라기꽃추출물,미분류,,,False,1.0
해바라기싹추출물,미분류,,,False,1.0
해바라기씨드케이크,미분류,,,False,3.0
해바라기씨오일,액티브,보습,high,False,39.0
해바라기씨오일불검화물,미분류,,,False,3.0
해바라기씨추출물,미분류,,,False,2.0
해수,미분류,,,False,15.0
해안에린지움추출물,미분류,,,False,1.0
향료,향료,,high,False,85.0
향료*100,미분류,,,False,1.0
향료[비타올인원]정제수,,,,False,
향료[카테킨마스크-일반화장품]정제수,,,,False,
향료[콜라겐리모델링세럼겔마스크]:정제수,,,,False,
향료[클렌징폼]정제수,,,,False,
향료료,미분류,,,False,1.0
향부자추출물,미분류,,,False,1.0
허니로커스트씨추출물,,,,False,
허니서클꽃추출물,미분류,,,False,3.0
허브로버트추출물,미분류,,,False,2.0
헤스페리딘,미분류,,,False,1.0
헥사펩타이드-11,미분류,,,False,4.0
헥사펩타이드-12,미분류,,,False,1.0
헥사펩타이드-2,,,,False,
헥사펩타이드-9,미분류,,,False,16.0
헥세닐아세테이트,미분류,,,False,3.0
헥실니코티네이트,미분류,,,False,1.0
헥실데실에틸헥사노에이트,미분류,,,False,4.0
헥실데칸올,미분류,,,False,5.0
헥실레조시놀,미분류,,,False,2.0
헥실렌글라이콜,미분류,,,False,8.0
헥실신남알,미분류,,,False,8.0
헵타소듐헥사카복시메틸다이펩타이드-12,미분류,,,False,3.0
형개추출물,미분류,,,False,2.0
호두추출물,미분류,,,False,1.0
호모살레이트,미분류,,,False,5.0
호박가루,미분류,,,False,2.0
호장근뿌리추출물,미분류,,,False,6.0
호장근추출물,미분류,,,False,1.0
호프발효물,,,,False,
호호바씨오일,미분류,,,False,16.0
호호바에스터,미분류,,,False,8.0
호호바왁스피이지-120에스터,미분류,,,False,2.0
홀리바질잎추출물,액티브,진정,medium,False,27.0
홍삼추출물,미분류,,,False,4.0
홍차추출물,미분류,,,False,1.0
화산재,미분류,,,False,2.0
화이트루핀씨추출물,미분류,,,False,2.0
화이트참파카잎오일,,,,False,
화이트티트리잎추출물,미분류,,,False,1.0
황금추출물,액티브,진정,high,False,18.0
황기뿌리추출물,미분류,,,False,1.0
황련뿌리추출물,미분류,,,False,14.0
황벽나무껍질추출물,미분류,,,False,1.0
황색4호,미분류,,,False,6.0
황색4호[ILN47580,,,,False,
황색5호,미분류,,,False,3.0
황색5호[iln41195]제공된성분은동일제품이라도경우에따라변경될수있습니다.최신정보는제품포장의성분을참고하시거나본사고객관리지원팀으로연락부탁드립니다,,,,False,
황색산화철,착색제,,high,False,13.0
황해쑥잎수,,,,False,
황해쑥잎추출물,미분류,,,False,2.0
회향씨추출물,,,,False,
효모/감자추출물발효여과물,미분류,,,False,4.0
효모/보리씨발효여과물,미분류,,,False,3.0
효모/보리씨발효추출물,미분류,,,False,1.0
효모/쌀발효여과물,미분류,,,False,1.0
효모/율무씨발효여과물,미분류,,,False,1.0
효모/자일리눔/홍차발효물,미분류,,,False,2.0
효모/포도발효추출물,미분류,,,False,2.0
효모/헥사펩타이드-11발효여과추출물,미분류,,,False,1.0
효모발효물,미분류,,,False,5.0
효모발효용해여과물,미분류,,,False,1.0
효모발효추출물,미분류,,,False,5.0
효모베타-글루칸,미분류,,,False,1.0
효모용해추출물,미분류,,,False,3.0
효모추출물,미분류,,,False,3.0
효모폴리펩타이드,미분류,,,False,4.0
후박나무가지추출물,미분류,,,False,4.0
후추열매오일,미분류,,,False,3.0
흑미추출물,미분류,,,False,1.0
흑색산화철,미분류,,,False,4.0
흑색산화철[02글로우]병풀잎수,,,,False,
흑효모발효물,미분류,,,False,3.0
흰목이버섯추출물,미분류,,,False,7.0
흰목이버섯포자낭과추출물,미분류,,,False,3.0
흰목이버섯폴리사카라이드,미분류,,,False,2.0
흰무늬엉겅퀴씨추출물,미분류,,,False,1.0
흰무늬엉겅퀴추출물,미분류,,,False,1.0
흰버드나무껍질추출물,미분류,,,False,9.0
흰서양송로수,미분류,,,False,2.0
흰서양송로추출물,미분류,,,False,6.0
히비스커스꽃추출물,미분류,,,False,2.0
히스티딘,미분류,,,False,22.0
히스티딘에이치씨엘,미분류,,,False,2.0
히아신스전초추출물,미분류,,,False,3.0
