"ingredient","빈도(상품수)","성분_유형","ingredient_tag","label_confidence","검수필요"
"1,2-헥산다이올","377","기제","","high",""
"부틸렌글라이콜","375","기제","","high",""
"에틸헥실글리세린","297","기제","","high",""
"글리세린","286","액티브","보습","high",""
"소듐하이알루로네이트","238","액티브","보습","high",""
"나이아신아마이드","228","액티브","미백/피지_모공","high",""
"판테놀","222","액티브","보습/진정","high",""
"토코페롤","216","액티브","항산화","high",""
"아데노신","215","액티브","탄력_주름","high",""
"프로판다이올","213","기제","","high",""
"정제수","197","기제","","high",""
"다이소듐이디티에이","192","기제","","high",""
"펜틸렌글라이콜","192","기제","","high",""
"잔탄검","181","기제","","high",""
"하이드로제네이티드레시틴","180","기제","","high",""
"트로메타민","179","기제","","high",""
"카보머","155","기제","","high",""
"카프릴릴글라이콜","149","기제","","high",""
"다이프로필렌글라이콜","141","기제","","high",""
"카프릴릭/카프릭트라이글리세라이드","139","기제","","high",""
"베타인","126","액티브","보습","high",""
"알란토인","122","액티브","진정","high",""
"아크릴레이트/C10-30알킬아크릴레이트크로스폴리머","116","기제","","high",""
"세라마이드엔피","112","액티브","보습","high",""
"하이드롤라이즈드하이알루로닉애씨드","110","액티브","보습","high",""
"시트릭애씨드","109","기제","","high",""
"하이알루로닉애씨드","93","액티브","보습","high",""
"알지닌","89","액티브","보습","medium",""
"병풀추출물","87","액티브","진정","high",""
"향료","85","향료","","high",""
"스테아릭애씨드","81","기제","","high",""
"메틸프로판다이올","78","기제","","high",""
"스쿠알란","77","액티브","보습","high",""
"세테아릴알코올","75","기제","","high",""
"암모늄아크릴로일다이메틸타우레이트/브이피코폴리머","73","기제","","high",""
"다이메티콘","72","기제","","high",""
"소듐시트레이트","70","기제","","high",""
"베타-글루칸","70","액티브","보습/진정","high",""
"글리세릴스테아레이트","69","기제","","high",""
"마데카소사이드","69","액티브","진정","high",""
"소듐아세틸레이티드하이알루로네이트","66","액티브","보습","high",""
"실리카","66","기제","","medium",""
"소듐하이알루로네이트크로스폴리머","64","액티브","보습","high",""
"하이드록시아세토페논","63","기제","","medium",""
"하이드록시에틸아크릴레이트/소듐아크릴로일다이메틸타우레이트코폴리머","62","기제","","high",""
"다이포타슘글리시리제이트","60","액티브","진정","high",""
"솔비탄아이소스테아레이트","58","기제","","high",""
"글리세릴카프릴레이트","54","기제","","high",""
"콜레스테롤","53","액티브","보습","high",""
"폴리글리세릴-10라우레이트","52","기제","","high",""
"하이드록시프로필트라이모늄하이알루로네이트","52","액티브","보습","medium",""
"폴리메틸실세스퀴옥세인","51","기제","","high",""
"글리세레스-26","50","기제","","medium",""
"트레할로오스","49","액티브","보습","high",""
"리모넨","49","향료","","high",""
"리날룰","49","향료","","high",""
"하이드롤라이즈드소듐하이알루로네이트","48","액티브","보습","high",""
"폴리글리세릴-3메틸글루코오스다이스테아레이트","48","기제","","high",""
"덱스트린","47","기제","","high",""
"아시아티코사이드","46","액티브","진정","high",""
"페녹시에탄올","45","기제","","high",""
"카프릴릴메티콘","45","기제","","high",""
"베헤닐알코올","44","기제","","high",""
"락토바실러스발효물","44","액티브","컨디셔닝_광채","medium",""
"팔미틱애씨드","43","기제","","high",""
"마데카식애씨드","42","액티브","진정","high",""
"솔비탄올리베이트","41","기제","","high",""
"소듐스테아로일글루타메이트","41","기제","","high",""
"아시아틱애씨드","41","액티브","진정","high",""
"디에칠아미노하이드록시벤조일헥실벤조에이트","41","UV필터","자외선차단","high",""
"카퍼트라이펩타이드-1","40","액티브","탄력_주름","high",""
"변성알코올","40","기제","","high",""
"아세틸헥사펩타이드-8","40","액티브","탄력_주름","high",""
"해바라기씨오일","39","액티브","보습","high",""
"글루코오스","39","액티브","보습","medium",""
"소듐파이테이트","39","기제","","high",""
"녹차추출물","36","액티브","진정/항산화","high",""
"세테아릴올리베이트","36","기제","","high",""
"소듐폴리아크릴레이트","36","기제","","high",""
"포타슘하이알루로네이트","36","액티브","보습","high",""
"레시틴","36","기제","","high",""
"다이부틸아디페이트","36","기제","","high",""
"에칠헥실트리아존","36","UV필터","자외선차단","high",""
"토코페릴아세테이트","35","액티브","항산화","high",""
"자일리톨","35","액티브","보습","high",""
"인도멀구슬나무잎추출물","35","액티브","진정","medium",""
"인도멀구슬나무꽃추출물","35","액티브","진정","medium",""
"폴리아크릴레이트크로스폴리머-6","34","기제","","high",""
"트라이에톡시카프릴릴실레인","33","기제","","medium",""
"울금뿌리추출물","33","액티브","진정/항산화","medium",""
"000ppm)","32","미분류","","",""
"글라이신","31","액티브","보습","medium",""
"시트로넬올","31","미분류","","",""
"폴리글리세릴-10스테아레이트","31","기제","","high",""
"메틸트라이메티콘","31","기제","","high",""
"소듐클로라이드","31","기제","","high",""
"데실글루코사이드","30","기제","","high",""
"티타늄디옥사이드","30","UV필터","자외선차단","high",""
"하이드록시에틸셀룰로오스","30","기제","","high",""
"세린","30","액티브","보습","medium",""
"부틸옥틸살리실레이트","30","기제","","medium",""
"만니톨","29","액티브","보습","high",""
"글리세릴아크릴레이트/아크릴릭애씨드코폴리머","29","기제","","medium",""
"옥틸도데칸올","29","기제","","high",""
"글리세릴글루코사이드","29","액티브","보습","medium",""
"팔미토일펜타펩타이드-4","29","미분류","","",""
"트라이에틸헥사노인","28","기제","","high",""
"글루코노락톤","28","액티브","보습","high",""
"참산호말추출물","28","액티브","진정","low","Y"
"아스코빅애씨드","28","액티브","미백/항산화","high",""
"시어버터","27","액티브","보습","high",""
"소듐하이드록사이드","27","미분류","","",""
"징크피씨에이","27","액티브","피지_모공","high",""
"소듐디엔에이","27","액티브","보습","medium",""
"홀리바질잎추출물","27","액티브","진정","medium",""
"팔미토일트라이펩타이드-1","27","미분류","","",""
"프로필렌글라이콜","26","기제","","high",""
"말토덱스트린","26","기제","","medium",""
"폴리솔베이트20","26","기제","","high",""
"소듐폴리아크릴로일다이메틸타우레이트","26","기제","","high",""
"사이아노코발아민","26","미분류","","",""
"비스-에칠헥실옥시페놀메톡시페닐트리아진","26","UV필터","자외선차단","high",""
"하이드록시에틸우레아","25","액티브","보습","medium",""
"솔비톨","25","액티브","보습","high",""
"에리스리톨","25","액티브","보습","high",""
"바이오사카라이드검-1","25","액티브","보습","medium",""
"다이메티콘/비닐다이메티콘크로스폴리머","25","기제","","high",""
"2,3-부탄다이올","25","기제","","medium",""
"약모밀추출물","25","액티브","진정","high",""
"알루미늄하이드록사이드","25","기제","","medium",""
"글루타티온","25","액티브","미백/항산화","high",""
"말라카이트추출물","24","액티브","진정","low","Y"
"폴리글리세릴-10올리에이트","24","미분류","","",""
"C14-22알코올","24","기제","","high",""
"에틸헥실팔미테이트","24","기제","","high",""
"000 ppm)","24","미분류","","",""
"시트랄","23","미분류","","",""
"마카다미아씨오일","23","미분류","","",""
"하이드롤라이즈드콜라겐","23","미분류","","",""
"병풀잎추출물","23","액티브","진정","high",""
"엑토인","23","액티브","보습/진정","high",""
"다이소듐포스페이트","23","기제","","high",""
"폴리아이소부텐","23","미분류","","",""
"제라니올","22","미분류","","",""
"하이드로제네이티드폴리데센","22","기제","","high",""
"올리브오일","22","액티브","보습","high",""
"프룩토올리고사카라이드","22","미분류","","",""
"폴리쿼터늄-51","22","미분류","","",""
"팔미토일테트라펩타이드-7","22","미분류","","",""
"돌콩오일","22","액티브","보습","medium",""
"히스티딘","22","미분류","","",""
"쇠비름추출물","22","액티브","진정","medium",""
"C12-20알킬글루코사이드","21","기제","","high",""
"다이메티콘올","21","기제","","high",""
"폴리글리세린-3","21","미분류","","",""
"하이드로제네이티드폴리아이소부텐","21","기제","","high",""
"세틸에틸헥사노에이트","21","미분류","","",""
"팔미토일트라이펩타이드-5","21","미분류","","",""
"셀룰로오스검","21","기제","","high",""
"아이소도데케인","21","기제","","high",""
"카프릴릴/카프릴글루코사이드","21","미분류","","",""
"글루타믹애씨드","21","미분류","","",""
"폴리C10-30알킬아크릴레이트","21","기제","","high",""
"트라이소듐에틸렌다이아민다이석시네이트","20","기제","","high",""
"솔비탄올리에이트","20","미분류","","",""
"소듐포스페이트","20","미분류","","",""
"카페인","19","미분류","","",""
"효모발효여과물","19","액티브","컨디셔닝_광채","medium",""
"피토스핑고신","19","미분류","","",""
"하이드로제네이티드폴리(C6-14올레핀)","19","미분류","","",""
"아이소프로필미리스테이트","19","미분류","","",""
"피토스테롤","19","액티브","항산화","medium",""
"3-O-에틸아스코빅애씨드","19","액티브","미백/항산화","high",""
"살리실릭애씨드","19","미분류","","",""
"트라이소듐이디티에이","18","기제","","high",""
"사이클로펜타실록세인","18","기제","","high",""
"메도우폼씨오일","18","미분류","","",""
"다이카프릴릴카보네이트","18","기제","","high",""
"비사보롤","18","미분류","","",""
"황금추출물","18","액티브","진정","high",""
"아이비고드열매추출물","18","액티브","항산화","low","Y"
"코코-카프릴레이트/카프레이트","18","기제","","high",""
"벤질글라이콜","18","미분류","","",""
"수크로오스","17","미분류","","",""
"락토바실러스발효용해물","17","미분류","","",""
"사이클로헥사실록세인","17","기제","","high",""
"비닐다이메티콘","17","기제","","high",""
"포타슘세틸포스페이트","17","기제","","medium",""
"소듐아크릴레이트/소듐아크릴로일다이메틸타우레이트코폴리머","17","미분류","","",""
"다이메틸실란올하이알루로네이트","17","액티브","보습","medium",""
"메틸메타크릴레이트크로스폴리머","17","기제","","medium",""
"다이스테아다이모늄헥토라이트","17","기제","","high",""
"소듐벤조에이트","16","미분류","","",""
"펜타에리스리틸테트라에틸헥사노에이트","16","미분류","","",""
"만노오스","16","미분류","","",""
"헥사펩타이드-9","16","미분류","","",""
"라벤더오일","16","미분류","","",""
"피브이엠/엠에이코폴리머","16","미분류","","",""
"호호바씨오일","16","미분류","","",""
"글리세릴스테아레이트시트레이트","16","미분류","","",""
"소듐하이알루로네이트다이메틸실란올","16","액티브","보습","medium",""
"아이리쉬모스추출물","16","미분류","","",""
"베타-카로틴","16","미분류","","",""
"폴리하이드록시스테아릭애씨드","16","기제","","medium",""
"알로에베라잎추출물","15","액티브","진정/보습","high",""
"메틸다이아이소프로필프로피온아마이드","15","미분류","","",""
"C12-15알킬벤조에이트","15","기제","","high",""
"소듐메타포스페이트","15","미분류","","",""
"세라마이드에이피","15","미분류","","",""
"다이글리세린","15","액티브","보습","high",""
"아세틸테트라펩타이드-5","15","미분류","","",""
"적색산화철","15","착색제","","high",""
"알라닌","15","미분류","","",""
"젤란검","15","미분류","","",""
"해수","15","미분류","","",""
"라이신","15","미분류","","",""
"티타늄디옥사이드 (CI 77891)","15","UV필터","자외선차단","high",""
"폴리에터-1","15","기제","","medium",""
"글리세릴폴리메타크릴레이트","14","미분류","","",""
"포타슘하이드록사이드","14","미분류","","",""
"카카오씨추출물","14","미분류","","",""
"황련뿌리추출물","14","미분류","","",""
"마그네슘설페이트","14","기제","","medium",""
"카프릴로일살리실릭애씨드","14","미분류","","",""
"비피다발효용해물","14","미분류","","",""
"트레오닌","14","미분류","","",""
"하이드롤라이즈드글라이코사미노글리칸","14","미분류","","",""
"카카오추출물","14","미분류","","",""
"사탕수수추출물","14","액티브","보습","medium",""
"하이드롤라이즈드엘라스틴","14","미분류","","",""
"암모늄폴리아크릴로일다이메틸타우레이트","14","미분류","","",""
"테레프탈릴리덴디캠퍼설포닉애씨드","14","UV필터","자외선차단","medium",""
"폴리글리세릴-2다이폴리하이드록시스테아레이트","14","기제","","medium",""
"아라키딜글루코사이드","13","기제","","high",""
"우레아","13","미분류","","",""
"페닐트라이메티콘","13","미분류","","",""
"폴리솔베이트60","13","미분류","","",""
"잇꽃꽃추출물","13","미분류","","",""
"치자추출물","13","미분류","","",""
"미리스틱애씨드","13","미분류","","",""
"세라마이드에이에스","13","미분류","","",""
"세라마이드엔에스","13","미분류","","",""
"석시닉애씨드","13","미분류","","",""
"가지열매추출물","13","미분류","","",""
"소듐피씨에이","13","미분류","","",""
"티트리잎오일","13","미분류","","",""
"유비퀴논","13","미분류","","",""
"카르노신","13","미분류","","",""
"류신","13","미분류","","",""
"아스파틱애씨드","13","미분류","","",""
"발린","13","미분류","","",""
"프롤린","13","미분류","","",""
"아이소류신","13","미분류","","",""
"페닐알라닌","13","미분류","","",""
"000ppb)","13","미분류","","",""
"에탄올","13","미분류","","",""
"베르가모트오일","13","미분류","","",""
"당근추출물","13","미분류","","",""
"황색산화철","13","착색제","","high",""
"락토바실러스/콩발효추출물","12","미분류","","",""
"피이지-100스테아레이트","12","미분류","","",""
"폴리아크릴레이트-13","12","미분류","","",""
"자일리틸글루코사이드","12","미분류","","",""
"올레익애씨드","12","미분류","","",""
"라우릭애씨드","12","미분류","","",""
"트라넥사믹애씨드","12","미분류","","",""
"세라마이드이오피","12","미분류","","",""
"스페인감초뿌리추출물","12","미분류","","",""
"노나펩타이드-1","12","미분류","","",""
"아가","12","미분류","","",""
"아이소펜틸다이올","12","미분류","","",""
"소듐락테이트","12","미분류","","",""
"로즈마리잎오일","12","미분류","","",""
"이눌린라우릴카바메이트","12","미분류","","",""
"폴리글리세릴-3다이스테아레이트","12","미분류","","",""
"사과추출물","12","미분류","","",""
"시스테인","12","미분류","","",""
"메티오닌","12","미분류","","",""
"타이로신","12","미분류","","",""
"메틸글루세스-20","12","미분류","","",""
"콜라겐추출물","12","미분류","","",""
"다이메틸아이소소바이드","12","미분류","","",""
"당느릅나무뿌리추출물","12","미분류","","",""
"포타슘클로라이드","12","미분류","","",""
"t-부틸알코올","12","기제","","medium",""
"디에칠헥실부타미도트리아존","12","UV필터","자외선차단","high",""
"알루미나","12","미분류","","",""
"트라이실록세인","11","미분류","","",""
"비에이치티","11","미분류","","",""
"포타슘솔베이트","11","미분류","","",""
"글라이코실트레할로오스","11","미분류","","",""
"하이드로제네이티드스타치하이드롤리세이트","11","미분류","","",""
"피이지-40하이드로제네이티드캐스터오일","11","미분류","","",""
"안하이드로자일리톨","11","미분류","","",""
"아라키딕애씨드","11","미분류","","",""
"다발방패버섯추출물","11","미분류","","",""
"트라이펩타이드-1","11","미분류","","",""
"알진","11","미분류","","",""
"다이에톡시에틸석시네이트","11","미분류","","",""
"알부틴","11","미분류","","",""
"커피콩추출물","11","미분류","","",""
"옥틸도데세스-16","11","미분류","","",""
"백미꽃추출물","11","미분류","","",""
"접시꽃추출물","11","미분류","","",""
"폴리글리세릴-10미리스테이트","11","미분류","","",""
"칡뿌리추출물","11","미분류","","",""
"메칠렌비스-벤조트리아졸릴테트라메칠부틸페놀","11","UV필터","자외선차단","high",""
"징크옥사이드","11","UV필터","자외선차단","high",""
"에칠헥실살리실레이트","11","UV필터","자외선차단","high",""
"프로필헵틸카프릴레이트","11","기제","","high",""
"폴리실리콘-15","11","UV필터","자외선차단","high",""
"아세틸옥타펩타이드-3","11","미분류","","",""
"비스-피이지-18메틸에터다이메틸실레인","10","미분류","","",""
"스테아릴알코올","10","미분류","","",""
"불가리스쑥오일","10","미분류","","",""
"아라키딜알코올","10","미분류","","",""
"세틸알코올","10","미분류","","",""
"스핑고모나스발효추출물","10","미분류","","",""
"녹차수","10","미분류","","",""
"소듐아스코빌포스페이트","10","미분류","","",""
"페룰릭애씨드","10","미분류","","",""
"알로에베라꽃추출물","10","미분류","","",""
"아세틸테트라펩타이드-9","10","미분류","","",""
"참마뿌리추출물","10","미분류","","",""
"미리스토일/팔미토일옥소스테아라마이드/아라카마이드엠이에이","10","미분류","","",""
"바쿠치올","10","미분류","","",""
"바이오틴","10","미분류","","",""
"아이소노닐아이소노나노에이트","10","미분류","","",""
"티트리추출물","10","미분류","","",""
"티트리잎추출물","10","미분류","","",""
"돌콩추출물","10","미분류","","",""
"아스코빌글루코사이드","10","미분류","","",""
"칼슘클로라이드","10","미분류","","",""
"유채스테롤","10","미분류","","",""
"아세틸글루코사민","10","미분류","","",""
"유칼립투스잎추출물","10","미분류","","",""
"라반딘오일","10","미분류","","",""
"센티드제라늄꽃오일","10","미분류","","",""
"포타슘포스페이트","10","미분류","","",""
"프로폴리스추출물","10","미분류","","",""
"폴리글리세릴-3폴리다이메틸실록시에틸다이메티콘","10","기제","","medium",""
"다이아이소프로필세바케이트","10","기제","","high",""
"무화과추출물","10","미분류","","",""
"사카라이드아이소머레이트","9","미분류","","",""
"흰버드나무껍질추출물","9","미분류","","",""
"솔비탄스테아레이트","9","미분류","","",""
"칸디다 봄비콜라/글루코오스/메틸레이프씨데이트발효물","9","미분류","","",""
"에톡시다이글라이콜","9","미분류","","",""
"스핑고리피드","9","미분류","","",""
"글리세릴스테아레이트에스이","9","미분류","","",""
"세테아릴글루코사이드","9","미분류","","",""
"다시마추출물","9","미분류","","",""
"옥수수전분","9","미분류","","",""
"티트리잎수","9","미분류","","",""
"프룩탄","9","미분류","","",""
"소나무잎추출물","9","미분류","","",""
"프룩토오스","9","미분류","","",""
"아세틸테트라펩타이드-3","9","미분류","","",""
"하이드록시프로필사이클로덱스트린","9","미분류","","",""
"하이드롤라이즈드식물성단백질","9","미분류","","",""
"피피지-13-데실테트라데세스-24","9","미분류","","",""
"달맞이꽃꽃추출물","9","미분류","","",""
"헥실렌글라이콜","8","미분류","","",""
"아크릴레이트/암모늄메타크릴레이트코폴리머","8","미분류","","",""
"아스코빅애씨드폴리펩타이드","8","미분류","","",""
"징크글루코네이트","8","미분류","","",""
"락토바실러스","8","미분류","","",""
"폴리글리세릴-4아이소스테아레이트","8","미분류","","",""
"호호바에스터","8","미분류","","",""
"아이소헥사데칸","8","미분류","","",""
"폴리솔베이트80","8","미분류","","",""
"마트리카리아꽃추출물","8","미분류","","",""
"쿼세틴","8","미분류","","",""
"C12-13알케스-9","8","미분류","","",""
"이눌린","8","미분류","","",""
"소듐카보머","8","미분류","","",""
"알파-알부틴","8","미분류","","",""
"폴리글리세릴-4카프레이트","8","미분류","","",""
"마이카","8","미분류","","",""
"헥실신남알","8","미분류","","",""
"아세틸글루타민","8","미분류","","",""
"라이소레시틴","8","미분류","","",""
"소듐아크릴릭애씨드/엠에이코폴리머","8","미분류","","",""
"풀루란","8","미분류","","",""
"드로메트리졸트리실록산","8","미분류","","",""
"브이피/에이코신코폴리머","8","미분류","","",""
"개똥쑥추출물","8","미분류","","",""
"구주소나무잎오일","8","미분류","","",""
"캐모마일꽃오일","8","미분류","","",""
"아세틸테트라펩타이드-2","8","미분류","","",""
"팔미토일헥사펩타이드-12","7","미분류","","",""
"타임잎추출물*","7","미분류","","",""
"부틸렌글라이콜다이카프릴레이트/다이카프레이트","7","미분류","","",""
"하이드록시프로필비스팔미타마이드엠이에이","7","미분류","","",""
"망가니즈글루코네이트","7","미분류","","",""
"비트레오스실라발효물","7","미분류","","",""
"병풀꽃/잎/줄기추출물","7","미분류","","",""
"포스파티딜콜린","7","미분류","","",""
"소듐하이알루로네이트(1","7","미분류","","",""
"솔비탄세스퀴올리에이트","7","미분류","","",""
"수용성프로테오글리칸","7","미분류","","",""
"연어알추출물","7","미분류","","",""
"티옥틱애씨드","7","미분류","","",""
"도둑놈의지팡이뿌리추출물","7","미분류","","",""
"육계나무껍질추출물","7","미분류","","",""
"클로페네신","7","미분류","","",""
"아라비아고무나무검","7","미분류","","",""
"하이드롤라이즈드오크라추출물","7","미분류","","",""
"에피갈로카테킨갈레이트","7","미분류","","",""
"클로렐라 불가리스추출물","7","미분류","","",""
"판테놀(5","7","미분류","","",""
"비닐다이메티콘/메티콘실세스퀴옥세인크로스폴리머","7","미분류","","",""
"4-터피네올","7","미분류","","",""
"타우린","7","미분류","","",""
"벤질살리실레이트","7","미분류","","",""
"편백잎추출물","7","미분류","","",""
"오렌지껍질오일","7","미분류","","",""
"대왕소나무잎추출물","7","미분류","","",""
"하이드롤라이즈드디엔에이","7","미분류","","",""
"흰목이버섯추출물","7","미분류","","",""
"트라이메틸실록시실리케이트","7","미분류","","",""
"합성플루오르플로고파이트","7","미분류","","",""
"하이드로제네이티드포스파티딜콜린","7","미분류","","",""
"귀리커넬추출물","7","미분류","","",""
"아티초크잎추출물","7","미분류","","",""
"쌀추출물","7","미분류","","",""
"하이드록시프로필메틸셀룰로오스스테아록시에터","7","미분류","","",""
"폴리실리콘-11","7","미분류","","",""
"라우릴폴리글리세릴-3폴리다이메틸실록시에틸다이메티콘","7","미분류","","",""
"에칠헥실메톡시신나메이트","7","미분류","","",""
"수용성콜라겐","7","미분류","","",""
"라임전초오일","7","미분류","","",""
"다이실록세인","6","미분류","","",""
"오렌지껍질오일**","6","미분류","","",""
"라임전초오일**","6","미분류","","",""
"센티드제라늄꽃오일**","6","미분류","","",""
"로즈마리잎오일**","6","미분류","","",""
"소듐글루코네이트","6","미분류","","",""
"펜타에리스리틸테트라아이소스테아레이트","6","미분류","","",""
"퀸즈랜드넛오일","6","미분류","","",""
"한련초잎추출물","6","미분류","","",""
"비파나무잎추출물","6","미분류","","",""
"스피어민트추출물","6","미분류","","",""
"트라이하이드록시스테아린","6","미분류","","",""
"야콘뿌리즙","6","미분류","","",""
"알파-글루칸올리고사카라이드","6","미분류","","",""
"다이카프릴릴에터","6","미분류","","",""
"베타인살리실레이트","6","미분류","","",""
"글라이코리피드","6","미분류","","",""
"람노오스","6","미분류","","",""
"호장근뿌리추출물","6","미분류","","",""
"로즈마리잎추출물","6","미분류","","",""
"다이페닐실록시페닐트라이메티콘","6","미분류","","",""
"바이오사카라이드검-4","6","미분류","","",""
"카놀라오일","6","미분류","","",""
"메틸카프로오일타이로지네이트","6","미분류","","",""
"다마스크장미꽃수","6","미분류","","",""
"아보카도오일","6","미분류","","",""
"트라이프로필렌글라이콜","6","미분류","","",""
"아스코빌팔미테이트","6","미분류","","",""
"자작나무수액(10","6","미분류","","",""
"베헤닉애씨드","6","미분류","","",""
"판토테닉애씨드","6","미분류","","",""
"수크로오스라우레이트","6","미분류","","",""
"드럼스틱씨오일","6","미분류","","",""
"폴릭애씨드","6","미분류","","",""
"알바수련꽃추출물","6","미분류","","",""
"아크릴레이트/스테아릴메타크릴레이트코폴리머","6","미분류","","",""
"마그네슘클로라이드","6","미분류","","",""
"흰서양송로추출물","6","미분류","","",""
"락틱애씨드","6","미분류","","",""
"트레할로스","6","미분류","","",""
"라피노오스","6","미분류","","",""
"황색4호","6","미분류","","",""
"지모뿌리추출물","6","미분류","","",""
"다마스크장미꽃오일","6","미분류","","",""
"마이크로크리스탈린셀룰로오스","6","미분류","","",""
"하이드록시피나콜론레티노에이트","6","미분류","","",""
"다이페닐다이메티콘","6","미분류","","",""
"아이리쉬모스가루","6","미분류","","",""
"폴리글루타믹애씨드","6","미분류","","",""
"포트마리골드꽃추출물","6","미분류","","",""
"캐모마일꽃추출물","6","미분류","","",""
"피이지-6","6","미분류","","",""
"알로에베라잎즙","6","미분류","","",""
"콜라겐","6","미분류","","",""
"바오밥나무씨오일","6","미분류","","",""
"알루미늄스테아레이트","6","미분류","","",""
"아이소프로필티타늄트라이아이소스테아레이트","6","미분류","","",""
"적색산화철 (CI 77491)","6","미분류","","",""
"자일로오스","6","미분류","","",""
"다이팔미토일하이드록시프롤린","6","미분류","","",""
"스타아니스열매/씨오일","6","미분류","","",""
"마그네슘아스코빌포스페이트","5","미분류","","",""
"폴스애플민트잎추출물*","5","미분류","","",""
"로즈힙열매추출물*","5","미분류","","",""
"레몬밤꽃/잎/줄기수*","5","미분류","","",""
"로즈마리잎수*","5","미분류","","",""
"붉은토끼풀꽃추출물","5","미분류","","",""
"에난티아 클로란타껍질추출물","5","미분류","","",""
"올레아놀릭애씨드","5","미분류","","",""
"세틸피이지/피피지-10/1다이메티콘","5","미분류","","",""
"펜타에리스리틸테트라-다이-t-부틸하이드록시하이드로신나메이트","5","미분류","","",""
"메틸다이하이드로자스모네이트","5","미분류","","",""
"효모발효추출물","5","미분류","","",""
"에스에이치-올리고펩타이드-1","5","미분류","","",""
"레스베라트롤","5","미분류","","",""
"소듐헤파린","5","미분류","","",""
"500ppm)","5","미분류","","",""
"효모발효물","5","미분류","","",""
"피토스테릴/베헤닐/옥틸도데실라우로일글루타메이트","5","미분류","","",""
"아세틸헥사펩타이드-1","5","미분류","","",""
"다이펩타이드다이아미노부티로일벤질아마이드다이아세테이트","5","미분류","","",""
"오일팜오일","5","미분류","","",""
"덱스트란","5","미분류","","",""
"식물성스쿠알란","5","미분류","","",""
"세틸팔미테이트","5","미분류","","",""
"버지니아풍년화추출물","5","미분류","","",""
"멜론추출물","5","미분류","","",""
"소듐트라이메타포스페이트","5","미분류","","",""
"글라이콜릭애씨드","5","미분류","","",""
"드럼스틱씨추출물","5","미분류","","",""
"티트리꽃/잎/줄기추출물","5","미분류","","",""
"작약뿌리추출물","5","미분류","","",""
"벤질벤조에이트","5","미분류","","",""
"하이드록시시트로넬알","5","미분류","","",""
"오카무라큰실말추출물","5","미분류","","",""
"베르가모트잎추출물","5","미분류","","",""
"폴리글리세릴-6카프릴레이트","5","미분류","","",""
"쑥잎추출물","5","미분류","","",""
"매실추출물","5","미분류","","",""
"비타민나무수","5","미분류","","",""
"레몬밤잎추출물","5","미분류","","",""
"디엔에이","5","미분류","","",""
"멕시칸치아씨추출물","5","미분류","","",""
"셀룰로오스","5","미분류","","",""
"벤조익애씨드","5","미분류","","",""
"포도추출물","5","미분류","","",""
"세트리모늄브로마이드","5","미분류","","",""
"헥실데칸올","5","미분류","","",""
"사과씨추출물","5","미분류","","",""
"옥탄다이올","5","미분류","","",""
"아세틸테트라펩타이드-11","5","미분류","","",""
"멕시칸주니퍼오일","5","미분류","","",""
"온천수","5","미분류","","",""
"밤껍질추출물","5","미분류","","",""
"감나무잎추출물","5","미분류","","",""
"피피지-26-부테스-26","5","미분류","","",""
"디소듐이디티에이","5","미분류","","",""
"바질오일","5","미분류","","",""
"이리추출물","5","미분류","","",""
"아텔로콜라겐","5","미분류","","",""
"레티놀","5","미분류","","",""
"글리세릴폴리아크릴레이트","5","미분류","","",""
"바실러스/소이빈발효추출물","5","미분류","","",""
"소듐아크릴레이트/비닐알코올코폴리머","5","미분류","","",""
"산소","5","미분류","","",""
"호모살레이트","5","미분류","","",""
"울트라마린","5","미분류","","",""
"옥토크릴렌","5","미분류","","",""
"폴리우레탄-15","5","미분류","","",""
"밀몽화꽃추출물","5","미분류","","",""
"라우릴다이메티콘/폴리글리세린-3크로스폴리머","5","미분류","","",""
"산양삼추출물","5","미분류","","",""
"황색산화철 (CI 77492)","5","미분류","","",""
"페퍼민트오일","5","미분류","","",""
"C12-16알코올","5","미분류","","",""
"아틀라스시다나무껍질오일","5","미분류","","",""
"메톡시피이지-114/폴리엡실론카프로락톤","5","미분류","","",""
"복사나무잎추출물","5","미분류","","",""
"하이드롤라이즈드기장","5","미분류","","",""
"카르니틴","5","미분류","","",""
"칼슘락테이트","5","미분류","","",""
"아벤느 온천수(아쿠아)","5","미분류","","",""
"적색504호","4","미분류","","",""
"유칼립투스잎추출물*+","4","미분류","","",""
"비터오렌지꽃오일+","4","미분류","","",""
"토탄추출물+","4","미분류","","",""
"양버들껍질/싹/잎/잔가지추출물+","4","미분류","","",""
"프렌치로즈꽃추출물+","4","미분류","","",""
"흰서양송로추출물+","4","미분류","","",""
"효모/감자추출물발효여과물","4","미분류","","",""
"스테아릴헵타노에이트","4","미분류","","",""
"탱자추출물","4","미분류","","",""
"피이지/피피지/폴리부틸렌글라이콜-8/5/3글리세린","4","미분류","","",""
"라우릴글루코사이드","4","미분류","","",""
"멜라토닌","4","미분류","","",""
"하이드로제네이티드쌀겨오일","4","미분류","","",""
"하이드록시프로필메틸셀룰로오스","4","미분류","","",""
"폴리글리세릴-6다이스테아레이트","4","미분류","","",""
"소듐메틸스테아로일타우레이트","4","미분류","","",""
"아세틸다이펩타이드-1세틸에스터","4","미분류","","",""
"칼슘판토테네이트","4","미분류","","",""
"100 ppm)","4","미분류","","",""
"네오펜틸글라이콜다이카프레이트","4","미분류","","",""
"소듐디엔에이(1","4","미분류","","",""
"피씨에이다이메티콘","4","미분류","","",""
"보검선인장줄기추출물","4","미분류","","",""
"펜타펩타이드-3","4","미분류","","",""
"올리고펩타이드-2","4","미분류","","",""
"하이드롤라이즈드옥수수전분","4","미분류","","",""
"헥실데실에틸헥사노에이트","4","미분류","","",""
"감초추출물","4","미분류","","",""
"서양배추출물","4","미분류","","",""
"서양송악잎/줄기추출물","4","미분류","","",""
"에틸헥실스테아레이트","4","미분류","","",""
"살구씨오일","4","미분류","","",""
"비타민나무열매추출물","4","미분류","","",""
"피리독신","4","미분류","","",""
"티아민에이치씨엘","4","미분류","","",""
"폴리글리세릴-2스테아레이트","4","미분류","","",""
"코직애씨드","4","미분류","","",""
"하이드록시데실유비퀴논","4","미분류","","",""
"광곽향오일","4","미분류","","",""
"자작나무수액","4","미분류","","",""
"소듐메타바이설파이트","4","미분류","","",""
"티타늄디옥사이드(CI 77891)","4","미분류","","",""
"라즈베리케톤","4","미분류","","",""
"스트렙토코쿠스 테르모필루스발효물","4","미분류","","",""
"한련초추출물","4","미분류","","",""
"판토락톤","4","미분류","","",""
"니코틴아마이드모노뉴클레오타이드(10","4","미분류","","",""
"하이드로제네이티드캐스터오일/세바식애씨드코폴리머","4","미분류","","",""
"피이지/피피지-17/6코폴리머","4","미분류","","",""
"약모밀꽃/잎/줄기수(77%)","4","미분류","","",""
"아이소쿼시트린","4","미분류","","",""
"감초뿌리추출물","4","미분류","","",""
"프로테아제","4","미분류","","",""
"파파야열매추출물","4","미분류","","",""
"하이드롤라이즈드완두콩단백질","4","미분류","","",""
"폴리글리세릴-4올리에이트","4","미분류","","",""
"달맞이꽃오일","4","미분류","","",""
"하이드롤라이즈드쌀단백질","4","미분류","","",""
"하이드롤라이즈드루핀단백질","4","미분류","","",""
"글라이코프로테인","4","미분류","","",""
"사과즙","4","미분류","","",""
"피브이피","4","미분류","","",""
"밀싹추출물","4","미분류","","",""
"디메치콘","4","미분류","","",""
"트리에탄올아민","4","미분류","","",""
"플로레틴","4","미분류","","",""
"참오동나무잎추출물","4","미분류","","",""
"생달나무잎추출물","4","미분류","","",""
"녹나무잎추출물","4","미분류","","",""
"월계수잎추출물","4","미분류","","",""
"고수추출물","4","미분류","","",""
"후박나무가지추출물","4","미분류","","",""
"발삼아미리스껍질오일","4","미분류","","",""
"페네틸알코올","4","미분류","","",""
"홍삼추출물","4","미분류","","",""
"락토바실러스/콩추출물발효여과물","4","미분류","","",""
"폴리메틸메타크릴레이트","4","미분류","","",""
"버지니아풍년화잎추출물","4","미분류","","",""
"벤조트라이아졸릴도데실p-크레솔","4","미분류","","",""
"구아이아줄렌","4","미분류","","",""
"흑색산화철 (CI 77499)","4","미분류","","",""
"다이아이소스테아릴말레이트","4","미분류","","",""
"폴리프로필실세스퀴옥세인","4","미분류","","",""
"포도씨오일","4","미분류","","",""
"복사나무꽃추출물","4","미분류","","",""
"월귤추출물","4","미분류","","",""
"틴옥사이드","4","미분류","","",""
"소듐팔미토일사코시네이트","4","미분류","","",""
"금","4","미분류","","",""
"피피지-6-데실테트라데세스-30","4","미분류","","",""
"디이소부틸아디페이트","4","미분류","","",""
"폴리글리세릴-6폴리리시놀리에이트","4","미분류","","",""
"프랑스해안송껍질추출물","4","미분류","","",""
"세틸다이글리세릴트리스(트라이메틸실록시)실릴에틸다이메티콘","4","미분류","","",""
"타임잎추출물","4","미분류","","",""
"은행나무잎추출물","4","미분류","","",""
"이노시톨","4","미분류","","",""
"징크옥사이드 (CI 77947)","4","미분류","","",""
"흑색산화철","4","미분류","","",""
"오크라열매추출물","4","미분류","","",""
"소듐바이카보네이트","4","미분류","","",""
"노니열매추출물","4","미분류","","",""
"푸코오스","4","미분류","","",""
"피이지-60하이드로제네이티드캐스터오일","4","미분류","","",""
"정제수*","4","미분류","","",""
"1,2-헥산다이올*","4","미분류","","",""
"헥사펩타이드-11","4","미분류","","",""
"초피나무열매추출물","4","미분류","","",""
"카우슬립추출물","4","미분류","","",""
"아데노신포스페이트","4","미분류","","",""
"서양측백나무잎오일","4","미분류","","",""
"터펜틴","4","미분류","","",""
"폴리글루쿠로닉애씨드","4","미분류","","",""
"효모폴리펩타이드","4","미분류","","",""
"아스타잔틴","4","미분류","","",""
"000ppm","4","미분류","","",""
"페퍼민트잎추출물","4","미분류","","",""
"하이드록시페닐프로파미도벤조익애씨드","4","미분류","","",""
"오레가노잎추출물","4","미분류","","",""
"락토코쿠스발효용해물","4","미분류","","",""
"트라이라우레스-4포스페이트","4","미분류","","",""
"효모용해추출물","3","미분류","","",""
"알로에베라잎수","3","미분류","","",""
"피이지-8","3","미분류","","",""
"스테아릴다이메티콘","3","미분류","","",""
"C30-45알킬다이메티콘","3","미분류","","",""
"효모/보리씨발효여과물","3","미분류","","",""
"식물 유래 향","3","미분류","","",""
"병풀추출물(744ppm)","3","미분류","","",""
"마누카잎추출물(20ppm)","3","미분류","","",""
"마데카소사이드(20ppm)","3","미분류","","",""
"꿀추출물(900ppb)","3","미분류","","",""
"하이드록시프로필비스라우라마이드엠이에이","3","미분류","","",""
"세틸-피지하이드록시에틸팔미타마이드","3","미분류","","",""
"카프릴로일글라이신","3","미분류","","",""
"카퍼글루코네이트","3","미분류","","",""
"하이드록시프로필스타치포스페이트","3","미분류","","",""
"아크릴아마이드/소듐아크릴로일다이메틸타우레이트코폴리머","3","미분류","","",""
"살리실로일피토스핑고신","3","미분류","","",""
"비피다발효여과물","3","미분류","","",""
"병풀뿌리추출물","3","미분류","","",""
"아시아티코사이드(48 ppm)","3","미분류","","",""
"병풀잎추출물(40 ppm)","3","미분류","","",""
"마데카식애씨드(36 ppm)","3","미분류","","",""
"아시아틱애씨드(36 ppm)","3","미분류","","",""
"류코노스톡/무발효여과물","3","미분류","","",""
"마데카소사이드(3.6 ppm)","3","미분류","","",""
"병풀추출물(3.4 ppm)","3","미분류","","",""
"하이드록시프로필트라이모늄하이알루로네이트(1 ppm)","3","미분류","","",""
"미네랄오일","3","미분류","","",""
"인동덩굴꽃추출물","3","미분류","","",""
"에스에이치-폴리펩타이드-1","3","미분류","","",""
"편백수","3","미분류","","",""
"스타아니스추출물","3","미분류","","",""
"병풀잎수","3","미분류","","",""
"트라이데세스-10","3","미분류","","",""
"아미노메틸프로판다이올","3","미분류","","",""
"사포닌","3","미분류","","",""
"팔미토일트라이펩타이드-8","3","미분류","","",""
"맥아추출물","3","미분류","","",""
"미네랄솔트","3","미분류","","",""
"솔비탄팔미테이트","3","미분류","","",""
"라벤더꽃추출물","3","미분류","","",""
"히아신스전초추출물","3","미분류","","",""
"보리지추출물","3","미분류","","",""
"지치뿌리추출물","3","미분류","","",""
"하이드롤라이즈드스클레로튬검","3","미분류","","",""
"오리스뿌리추출물","3","미분류","","",""
"폴리글리세릴-10베헤네이트/에이코사디오에이트","3","미분류","","",""
"트로폴론","3","미분류","","",""
"수크로오스스테아레이트","3","미분류","","",""
"미리스틸미리스테이트","3","미분류","","",""
"쌀겨오일","3","미분류","","",""
"리보플라빈","3","미분류","","",""
"연필향나무오일","3","미분류","","",""
"팔미타마이드엠이에이","3","미분류","","",""
"아세타마이드엠이에이","3","미분류","","",""
"사코신","3","미분류","","",""
"소듐파이루베이트","3","미분류","","",""
"모란뿌리추출물","3","미분류","","",""
"피씨에이","3","미분류","","",""
"라이신에이치씨엘","3","미분류","","",""
"아르간커넬오일","3","미분류","","",""
"참깨오일","3","미분류","","",""
"베타-시토스테롤","3","미분류","","",""
"소듐하이알루로네이트(100ppm)","3","미분류","","",""
"아나토씨오일","3","미분류","","",""
"살리실릭애씨드(0.5%)","3","미분류","","",""
"흰버드나무껍질추출물(0.5%)","3","미분류","","",""
"10-하이드록시데카노익애씨드","3","미분류","","",""
"글루쿠로닉애씨드","3","미분류","","",""
"흰목이버섯포자낭과추출물","3","미분류","","",""
"서양민들레잎추출물","3","미분류","","",""
"다이포타슘포스페이트","3","미분류","","",""
"레몬껍질오일","3","미분류","","",""
"수크로오스팔미테이트","3","미분류","","",""
"1","3","미분류","","",""
"마그네슘피씨에이","3","미분류","","",""
"우릭애씨드","3","미분류","","",""
"600ppm)","3","미분류","","",""
"비타민나무열매오일","3","미분류","","",""
"동백나무씨오일","3","미분류","","",""
"하이드롤라이즈드콩단백질","3","미분류","","",""
"하이드롤라이즈드귀리단백질","3","미분류","","",""
"하이드롤라이즈드옥수수단백질","3","미분류","","",""
"하이드롤라이즈드밀단백질","3","미분류","","",""
"하이드롤라이즈드스위트아몬드단백질","3","미분류","","",""
"버지니아풍년화수","3","미분류","","",""
"글리세레스-25피씨에이아이소스테아레이트","3","미분류","","",""
"디프로필렌글라이콜","3","미분류","","",""
"클로브꽃추출물","3","미분류","","",""
"1,2-헥산디올","3","미분류","","",""
"슈가켈프추출물","3","미분류","","",""
"갈락토미세스발효여과물","3","미분류","","",""
"합성왁스","3","미분류","","",""
"카라멜","3","미분류","","",""
"황색5호","3","미분류","","",""
"아보카도열매추출물","3","미분류","","",""
"갈랑가갈랑갈추출물","3","미분류","","",""
"하이드롤라이즈드하이알루로닉애씨드(0.100052ppm) 하이드롤라이즈드소듐하이알루로네이트(0.1ppm)","3","미분류","","",""
"테트라하이드로피페린","3","미분류","","",""
"소듐하이알루로네이트크로스폴리머(2.08ppb)","3","미분류","","",""
"올레일알코올","3","미분류","","",""
"하이드록시프로필트라이모늄하이알루로네이트(0.012ppb)","3","미분류","","",""
"하이알루로닉애씨드(0.001ppb)","3","미분류","","",""
"토마토수(680","3","미분류","","",""
"다이프로 필렌글라이콜","3","미분류","","",""
"2-t-부틸사이클로헥실아세테이트","3","미분류","","",""
"피브로넥틴","3","미분류","","",""
"아데노신트라이포스페이트","3","미분류","","",""
"출물","3","미분류","","",""
"토마토즙(0.1 ppm)","3","미분류","","",""
"토마토열매/잎/줄기추출물(0.1 ppm)","3","미분류","","",""
"글라이코사미노글리칸","3","미분류","","",""
"라이코펜","3","미분류","","",""
"리날릴아세테이트","3","미분류","","",""
"에틸리날룰","3","미분류","","",""
"유칼립톨","3","미분류","","",""
"메틸렌다이옥시페닐메틸프로판알","3","미분류","","",""
"헥세닐아세테이트","3","미분류","","",""
"3-헥센올","3","미분류","","",""
"베티버뿌리오일","3","미분류","","",""
"후추열매오일","3","미분류","","",""
"생강오일","3","미분류","","",""
"육계잎오일","3","미분류","","",""
"나이아신아마이드(10%)","3","미분류","","",""
"올리고펩타이드-1","3","미분류","","",""
"하이드롤라이즈드해면","3","미분류","","",""
"나이아신아마이드(50","3","미분류","","",""
"캐스터오일/아이피디아이코폴리머","3","미분류","","",""
"소듐다이라우미도글루타미드라이신","3","미분류","","",""
"서양산딸기잎추출물","3","미분류","","",""
"제로틴/하이드롤라이즈드디엔에이","3","미분류","","",""
"로우스위트베리추출물","3","미분류","","",""
"검은뽕나무열매추출물","3","미분류","","",""
"효모추출물","3","미분류","","",""
"콜레스-24","3","미분류","","",""
"일랑일랑꽃오일","3","미분류","","",""
"돌콩펩타이드(100 ppm)","3","미분류","","",""
"카페오일헥사펩타이드-65(104 ppb)","3","미분류","","",""
"헵타소듐헥사카복시메틸다이펩타이드-12(54 ppb)","3","미분류","","",""
"바실러스/폴릭애씨드/돌콩발효추출물","3","미분류","","",""
"미리스토일펜타펩타이드-4(14 ppb)","3","미분류","","",""
"에스에이치-폴리펩타이드-123(14 ppb)","3","미분류","","",""
"팔미토일펜타펩타이드-5(9 ppb)","3","미분류","","",""
"팔미토일펜타펩타이드-4(5 ppb)","3","미분류","","",""
"아세틸헥사펩타이드-8(5 ppb)","3","미분류","","",""
"팔미토일테트라펩타이드-7(4 ppb)","3","미분류","","",""
"에스에이치-데카펩타이드-7(4 ppb)","3","미분류","","",""
"에스에이치-옥타펩타이드-4(4 ppb)","3","미분류","","",""
"에스에이치-올리고펩타이드-9(4 ppb)","3","미분류","","",""
"에스에이치-펜타펩타이드-19(4 ppb)","3","미분류","","",""
"팔미토일트라이펩타이드-1(4 ppb)","3","미분류","","",""
"트라이펩타이드-32(4 ppb)","3","미분류","","",""
"에스알-(올리고펩타이드-91클로스트리듐보툴리눔폴리펩타이드-1)(4 ppb)","3","미분류","","",""
"에스에이치-올리고펩타이드-1(4 ppb)","3","미분류","","",""
"에스에이치-폴리펩타이드-1(4 ppb)","3","미분류","","",""
"에스에이치-올리고펩타이드-2(4 ppb)","3","미분류","","",""
"에스에이치-폴리펩타이드-9(4 ppb)","3","미분류","","",""
"에스에이치-폴리펩타이드-16(4 ppb)","3","미분류","","",""
"에스에이치-폴리펩타이드-22(4 ppb)","3","미분류","","",""
"에스에이치-폴리펩타이드-3(4 ppb)","3","미분류","","",""
"에스에이치-폴리펩타이드-62(4 ppb)","3","미분류","","",""
"비스-하이드록시에톡시프로필다이메티콘","3","미분류","","",""
"파이틱애씨드","3","미분류","","",""
"별꽃추출물","3","미분류","","",""
"크로뮴옥사이드그린","3","미분류","","",""
"타라검","3","미분류","","",""
"포도주","3","미분류","","",""
"타라열매추출물","3","미분류","","",""
"코토니추출물","3","미분류","","",""
"C15-19알케인","3","미분류","","",""
"비타민나무오일","3","미분류","","",""
"베툴린","3","미분류","","",""
"해바라기씨오일불검화물","3","미분류","","",""
"풍선덩굴꽃/잎/덩굴추출물","3","미분류","","",""
"브로콜리싹추출물","3","미분류","","",""
"동백나무잎추출물","3","미분류","","",""
"로켓잎추출물","3","미분류","","",""
"자주개자리추출물","3","미분류","","",""
"피이지-10다이메티콘","3","미분류","","",""
"C30-45알킬세테아릴다이메티콘크로스폴리머","3","미분류","","",""
"페루기네움철쭉추출물","3","미분류","","",""
"덱스트린팔미테이트","3","미분류","","",""
"C13-15알케인","3","미분류","","",""
"멘톨","3","미분류","","",""
"아이소스테아릭애씨드","3","미분류","","",""
"제비꽃꽃추출물","3","미분류","","",""
"사철쑥추출물","3","미분류","","",""
"폴스애플민트잎추출물","3","미분류","","",""
"000PPM)","3","미분류","","",""
"클레리오일","3","미분류","","",""
"락토바실러스/부레옥잠발효물","3","미분류","","",""
"소듐데하이드로아세테이트","3","미분류","","",""
"부틸렌글라이콜*","3","미분류","","",""
"소듐서팩틴","3","미분류","","",""
"소듐아세테이트","3","미분류","","",""
"수크로오스다이스테아레이트","3","미분류","","",""
"제공된 성분은 동일 제품이라도 경우에 따라 변경될 수 있습니다. 최신정보는 제품 포장의 성분을 참고하시거나 본사 고객관리지원팀으로 연락 부탁 드립니다.","3","미분류","","",""
"보리추출물","3","미분류","","",""
"오이추출물","3","미분류","","",""
"해바라기씨드케이크","3","미분류","","",""
"프로필렌글라이콜디카프레이트","3","미분류","","",""
"빙하수","3","미분류","","",""
"멘톡시프로판다이올","3","미분류","","",""
"메틸글루코오스세스퀴스테아레이트","3","미분류","","",""
"소듐아크릴레이트코폴리머","3","미분류","","",""
"하이드로제네이티드식물성오일","3","미분류","","",""
"아세틸헵타펩타이드-4","3","미분류","","",""
"낫토검","3","미분류","","",""
"여주열매추출물","3","미분류","","",""
"소엽맥문동뿌리추출물","3","미분류","","",""
"연꽃추출물","3","미분류","","",""
"바위손추출물*","3","미분류","","",""
"귀리커넬추출물+","3","미분류","","",""
"포트마리골드꽃추출물+","3","미분류","","",""
"개박하추출물+","3","미분류","","",""
"라즈베리잎추출물+","3","미분류","","",""
"와일드인디고뿌리추출물+","3","미분류","","",""
"별꽃추출물+","3","미분류","","",""
"레이디스맨틀잎추출물**","3","미분류","","",""
"삼색제비꽃추출물**","3","미분류","","",""
"다마스크장미꽃추출물**","3","미분류","","",""
"메도우스위트꽃추출물**","3","미분류","","",""
"마시멜로뿌리추출물**","3","미분류","","",""
"오렌지껍질오일++","3","미분류","","",""
"라임전초오일++","3","미분류","","",""
"로즈마리잎오일++","3","미분류","","",""
"센티드제라늄꽃오일++","3","미분류","","",""
"겔리듐 카르틸라기네움추출물","3","미분류","","",""
"글라이코스핑고리피드","3","미분류","","",""
"흑효모발효물","3","미분류","","",""
"옥수수커넬추출물","3","미분류","","",""
"소듐팔미토일프롤린","3","미분류","","",""
"락토바이오닉애씨드","3","미분류","","",""
"올레스-10","2","미분류","","",""
"귀리커넬추출물*","2","미분류","","",""
"포트마리골드꽃추출물*","2","미분류","","",""
"개박하추출물*","2","미분류","","",""
"라즈베리잎추출물*","2","미분류","","",""
"와일드인디고뿌리추출물*","2","미분류","","",""
"레이디스맨틀잎추출물+","2","미분류","","",""
"서양톱풀꽃추출물","2","미분류","","",""
"띠뿌리추출물","2","미분류","","",""
"하이드록시에틸피페라진에탄설포닉애씨드","2","미분류","","",""
"병풀추출물(1","2","미분류","","",""
"블랙체리열매추출물","2","미분류","","",""
"스쿠알란(150","2","미분류","","",""
"징크클로라이드","2","미분류","","",""
"아세틸레이티드글라이콜스테아레이트","2","미분류","","",""
"폴리글리세릴-3비즈왁스","2","미분류","","",""
"단삼뿌리추출물","2","미분류","","",""
"징크설페이트","2","미분류","","",""
"유럽밤나무씨추출물","2","미분류","","",""
"탄닉애씨드","2","미분류","","",""
"알지닌/라이신폴리펩타이드","2","미분류","","",""
"블루아가베잎추출물","2","미분류","","",""
"하이드로제네이티드채종유","2","미분류","","",""
"하이드롤라이즈드호호바에스터","2","미분류","","",""
"코코넛야자오일","2","미분류","","",""
"클레리추출물","2","미분류","","",""
"수레국화꽃추출물","2","미분류","","",""
"글루코닉애씨드","2","미분류","","",""
"다이메틸설폰","2","미분류","","",""
"삼백초잎/뿌리추출물","2","미분류","","",""
"잇꽃씨오일","2","미분류","","",""
"이트","2","미분류","","",""
"슈도알테로모나스발효추출물","2","미분류","","",""
"하이드로제네이티드폴리(C6-20올레핀)","2","미분류","","",""
"헥실레조시놀","2","미분류","","",""
"폴리데센","2","미분류","","",""
"화이트루핀씨추출물","2","미분류","","",""
"라우릴하이드록시설테인","2","미분류","","",""
"소듐메틸코코일타우레이트","2","미분류","","",""
"식물성오일","2","미분류","","",""
"암모늄아크릴로일다이메틸타우레이트/베헤네스-25메타크라일레이트크로스폴리머","2","미분류","","",""
"피토스테릴/이소스테아릴/세틸/스테아릴/베헤닐다이머디리놀리에이트","2","미분류","","",""
"만델릭애씨드","2","미분류","","",""
"크리신","2","미분류","","",""
"폴리다틴","2","미분류","","",""
"시트룰린","2","미분류","","",""
"글라이코젠","2","미분류","","",""
"히스티딘에이치씨엘","2","미분류","","",""
"사발팜열매추출물","2","미분류","","",""
"리솔레시틴","2","미분류","","",""
"아이소프로필팔미테이트","2","미분류","","",""
"다이프로필렌글라이콜*","2","미분류","","",""
"니코틴아마이드아데닌다이뉴클레오타이드","2","미분류","","",""
"카프릴하이드록사믹애씨드","2","미분류","","",""
"소듐폴리글루타메이트","2","미분류","","",""
"소듐하이알루로네이트(1.1ppm)","2","미분류","","",""
"약모밀소포(750ppb)","2","미분류","","",""
"하이드롤라이즈드소듐하이알루로네이트(100.1ppb)","2","미분류","","",""
"하이드록시프로필트라이모늄하이알루로네이트(100ppb)","2","미분류","","",""
"소듐아세틸레이티드하이알루로네이트(10ppb)","2","미분류","","",""
"하이드롤라이즈드하이알루로닉애씨드(10ppb)","2","미분류","","",""
"하이알루로닉애씨드(2.5ppb)","2","미분류","","",""
"소듐하이알루로네이트크로스폴리머(1ppb)","2","미분류","","",""
"피리독신에이치씨엘","2","미분류","","",""
"파파인","2","미분류","","",""
"파스향나무잎추출물","2","미분류","","",""
"소듐하이알루로네이트(2","2","미분류","","",""
"700 ppm)","2","미분류","","",""
"유칼립투스잎오일","2","미분류","","",""
"사이클로덱스트린","2","미분류","","",""
"레몬그라스추출물","2","미분류","","",""
"코코-베타인","2","미분류","","",""
"세라마이드엔피(5","2","미분류","","",""
"000 ppb)","2","미분류","","",""
"트라이데세스-6","2","미분류","","",""
"구아바잎추출물","2","미분류","","",""
"트립토판","2","미분류","","",""
"오르니틴","2","미분류","","",""
"씨솔트","2","미분류","","",""
"나이아신아마이드(20","2","미분류","","",""
"아마씨추출물","2","미분류","","",""
"하이드롤라이즈드감자단백질","2","미분류","","",""
"하이드롤라이즈드보리단백질","2","미분류","","",""
"하이드롤라이즈드호호바단백질","2","미분류","","",""
"페퍼민트잎수","2","미분류","","",""
"브루셀스프라우트추출물","2","미분류","","",""
"황해쑥잎수(18","2","미분류","","",""
"944 ppm)","2","미분류","","",""
"황해쑥잎추출물(10 ppm)","2","미분류","","",""
"유자추출물","2","미분류","","",""
"디포타슘글리시리제이트","2","미분류","","",""
"멘톡시프로판디올","2","미분류","","",""
"이소도데칸","2","미분류","","",""
"쿠마린","2","미분류","","",""
"슈크로오스","2","미분류","","",""
"하이드록시프로필트라이 모늄하이알루로네이트","2","미분류","","",""
"트루로즈오브예리코추출물","2","미분류","","",""
"벤질알코올","2","미분류","","",""
"연어알추출물(1","2","미분류","","",""
"소듐아세틸레이티드하이알루로네이트(0.0002ppb)","2","미분류","","",""
"토마토추출물(400 ppm)","2","미분류","","",""
"실레이트","2","미분류","","",""
"니코틴아마 이드아데닌다이뉴클레오타이드","2","미분류","","",""
"즈드콜라겐","2","미분류","","",""
"2,4-다이 메틸-3-사이클로헥신카복스알데하이드","2","미분류","","",""
"영지버섯추출물","2","미분류","","",""
"티몰트라이메톡시신나메이트","2","미분류","","",""
"클로렐라 프로토테코이데스추출물","2","미분류","","",""
"타마린드씨검","2","미분류","","",""
"아이소세테스-20","2","미분류","","",""
"하이드롤라이즈드하이알루로닉애씨드(1","2","미분류","","",""
"암모늄아크릴로일다이메틸타우레이트/브이피코폴 리머","2","미분류","","",""
"소듐올리에이트","2","미분류","","",""
"에스에이치-올리 고펩타이드-1","2","미분류","","",""
"로우스 위트블루베리추출물","2","미분류","","",""
"솔비탄세스퀴올리에이 트","2","미분류","","",""
"피이지-60 하이드로제네이티드캐스터오일","2","미분류","","",""
"클로페네 신","2","미분류","","",""
"아쿠아(아벤느 온천수)","2","미분류","","",""
"아이소세틸스테아로일스테아레이트","2","미분류","","",""
"피이지-7트라이메틸올프로판코코넛에터","2","미분류","","",""
"병풀잎수(17712ppm)","2","미분류","","",""
"레티놀(1","2","미분류","","",""
"000IU/g)","2","미분류","","",""
"레틴알","2","미분류","","",""
"병풀추출물(1ppm)","2","미분류","","",""
"제인","2","미분류","","",""
"레티놀 1","2","미분류","","",""
"000IU/g","2","미분류","","",""
"레틴알 0.005%","2","미분류","","",""
"하이드록시피나콜론레티노에이트 0.005%","2","미분류","","",""
"에스알-(올리고펩타이드-91클로스트리듐보툴리눔폴리펩타이드-1)","2","미분류","","",""
"울트라마린 (CI 77007)","2","미분류","","",""
"프로필렌글라이콜알지네이트","2","미분류","","",""
"녹차씨오일","2","미분류","","",""
"판테놀(50","2","미분류","","",""
"트라넥사믹애씨드(40","2","미분류","","",""
"3-O-에틸아스코빅애씨드(2","2","미분류","","",""
"글루타티온(100 ppm)","2","미분류","","",""
"아스코빅애씨드(1 ppb)","2","미분류","","",""
"아스코빌글루코사이드(1 ppb)","2","미분류","","",""
"호박가루","2","미분류","","",""
"아모다이메티콘","2","미분류","","",""
"쓴풀추출물","2","미분류","","",""
"푸른연꽃추출물","2","미분류","","",""
"025ppm)","2","미분류","","",""
"칸데릴라/호호바/쌀겨폴리글리세릴-3에스터","2","미분류","","",""
"쑥추출물(400","2","미분류","","",""
"036 ppm)","2","미분류","","",""
"글리세레스 -26","2","미분류","","",""
"만다린껍질추출물","2","미분류","","",""
"실리카다이메틸실릴레이트","2","미분류","","",""
"서양톱풀추출물","2","미분류","","",""
"에이치디아이/트라이메틸올헥실락톤크로스폴리머","2","미분류","","",""
"소듐카복시메틸베타-글루칸","2","미분류","","",""
"스키산드라 스페난테라열매추출물","2","미분류","","",""
"실크수(69.9%)","2","미분류","","",""
"롤라이즈드콜라겐","2","미분류","","",""
"에스에이치-폴리펩타이드-121(204ppb)","2","미분류","","",""
"-17(14 ppb)","2","미분류","","",""
"트란","2","미분류","","",""
"아세틸테트라펩타이드-3(7 ppb)","2","미분류","","",""
"이펩타이드-1(6 ppb)","2","미분류","","",""
"에스에이치-폴리펩타이드-11(4ppb)","2","미분류","","",""
"에스에이치-폴리펩타이드-19(4 ppb)","2","미분류","","",""
"애씨드","2","미분류","","",""
"알테로모나스발효추출물","2","미분류","","",""
"케리포리아 라케라타세포외소포","2","미분류","","",""
"미선나무수","2","미분류","","",""
"갈랑가갈랑갈잎추출물","2","미분류","","",""
"소듐하이알루로네이트(0.2004%)","2","미분류","","",""
"얼룩파인애플추출물","2","미분류","","",""
"살비아오일","2","미분류","","",""
"콥티스뿌리추출물","2","미분류","","",""
"풀러린","2","미분류","","",""
"솔비탄라우레이트","2","미분류","","",""
"피이지-75","2","미분류","","",""
"바오밥나무씨추출물","2","미분류","","",""
"하이드롤라이즈드알진","2","미분류","","",""
"호호바왁스피이지-120에스터","2","미분류","","",""
"트라이에탄올아민","2","미분류","","",""
"동백나무씨추출물","2","미분류","","",""
"타임추출물","2","미분류","","",""
"오렌지오일","2","미분류","","",""
"필리핀오렌지껍질오일","2","미분류","","",""
"리씨열매오일","2","미분류","","",""
"수레국화꽃수","2","미분류","","",""
"세틸포스페이트","2","미분류","","",""
"다마스크장미꽃추출물","2","미분류","","",""
"7-데하이드로콜레스테롤","2","미분류","","",""
"하이드록시신나믹애씨드","2","미분류","","",""
"루틴","2","미분류","","",""
"락토바실러스/호밀가루발효물","2","미분류","","",""
"락토바실러스/소이밀크발효여과물","2","미분류","","",""
"애플민트잎추출물","2","미분류","","",""
"아이소말트","2","미분류","","",""
"비스-에틸헥실옥시페놀메톡시페닐트라이아진","2","미분류","","",""
"230ppm)","2","미분류","","",""
"자작나무껍질추출물","2","미분류","","",""
"폴리비닐알코올","2","미분류","","",""
"프로필렌글라이콜다이벤조에이트","2","미분류","","",""
"바륨설페이트","2","미분류","","",""
"폴리실리콘-9","2","미분류","","",""
"메틸파라벤","2","미분류","","",""
"코코-글루코사이드","2","미분류","","",""
"줄맨드라미씨추출물","2","미분류","","",""
"귤껍질추출물","2","미분류","","",""
"케이프알로에잎추출물","2","미분류","","",""
"부틸메톡시디벤조일메탄","2","미분류","","",""
"스클레로튬검","2","미분류","","",""
"소듐코코일사코시네이트","2","미분류","","",""
"폴록사머338","2","미분류","","",""
"레티닐팔미테이트","2","미분류","","",""
"글리세릴베헤네이트","2","미분류","","",""
"삼나무잎추출물","2","미분류","","",""
"연꽃잎추출물","2","미분류","","",""
"100ppm)","2","미분류","","",""
"하이드롤라이즈드익스텐신","2","미분류","","",""
"다이에틸헥실석시네이트","2","미분류","","",""
"소듐설파이트","2","미분류","","",""
"C12-15알코올","2","미분류","","",""
"아스퍼질러스발효물","2","미분류","","",""
"에틸헥실글리세린*","2","미분류","","",""
"소듐코코일이세티오네이트","2","미분류","","",""
"카카두플럼추출물","2","미분류","","",""
"락토바실러스/쌀발효물","2","미분류","","",""
"올인원","2","미분류","","",""
"히비스커스꽃추출물","2","미분류","","",""
"실버위드추출물","2","미분류","","",""
"다이펩타이드-2","2","미분류","","",""
"조류추출물","2","미분류","","",""
"오이열매추출물","2","미분류","","",""
"페트롤라툼","2","미분류","","",""
"라놀린알코올","2","미분류","","",""
"트리소듐이디티에이","2","미분류","","",""
"페퍼민트추출물","2","미분류","","",""
"맥주효모추출물","2","미분류","","",""
"하이드로제네이티드폴리(C6-12올레핀)","2","미분류","","",""
"폴리글리세릴-10아이소스테아레이트","2","미분류","","",""
"소듐아이소스테아로일락테이트","2","미분류","","",""
"사철쑥꽃추출물","2","미분류","","",""
"사탕무뿌리추출물","2","미분류","","",""
"알파-아이소메틸아이오논","2","미분류","","",""
"피이지-32","2","미분류","","",""
"*제공된 성분은 동일 제품이라도 경우에 따라 변경될 수 있습니다.  최신정보는 제품 포장의 성분을 참고하시거나 본사 고객관리지원팀으로 연락 부탁 드립니다.","2","미분류","","",""
"비스-다이글리세릴폴리아실아디페이트-2","2","미분류","","",""
"마카뿌리추출물","2","미분류","","",""
"하이드롤라이즈드치자추출물","2","미분류","","",""
"세틸에칠헥사노에이트","2","미분류","","",""
"카바카바잎/뿌리/줄기추출물","2","미분류","","",""
"율무씨추출물","2","미분류","","",""
"천궁뿌리추출물","2","미분류","","",""
"크레아틴","2","미분류","","",""
"소르빅애씨드","2","미분류","","",""
"판테놀(1%)","2","미분류","","",""
"피이지-30다이폴리하이드록시스테아레이트","2","미분류","","",""
"폴리글리세릴-3다이아이소스테아레이트","2","미분류","","",""
"카라기난","2","미분류","","",""
"인삼추출물","2","미분류","","",""
"락토바실러스발효용해물*","2","미분류","","",""
"2,3-부탄다이올+","2","미분류","","",""
"하이드로제네이티드레시틴+","2","미분류","","",""
"하이드록시프롤린","2","미분류","","",""
"수크로오스스테아레이트+","2","미분류","","",""
"세라마이드엔피+","2","미분류","","",""
"비니거*","2","미분류","","",""
"콜레스테롤+","2","미분류","","",""
"메도우스위트추출물","2","미분류","","",""
"글리세릴스테아레이트+","2","미분류","","",""
"리놀레익애씨드+","2","미분류","","",""
"팔미틱애씨드+","2","미분류","","",""
"타히티바닐라추출물","2","미분류","","",""
"세라마이드에이피+","2","미분류","","",""
"세라마이드엔지+","2","미분류","","",""
"락토바실러스/배즙발효여과물*","2","미분류","","",""
"효모/보리씨발효여과물*","2","미분류","","",""
"수박추출물*","2","미분류","","",""
"무추출물*","2","미분류","","",""
"락토바실러스/인삼뿌리발효여과물*","2","미분류","","",""
"락토바실러스/콩발효추출물*","2","미분류","","",""
"락토바실러스/부레옥잠발효물*","2","미분류","","",""
"모나스커스/쌀발효물*","2","미분류","","",""
"효모/포도발효추출물*","2","미분류","","",""
"효모/감자추출물발효여과물*","2","미분류","","",""
"효모/자일리눔/홍차발효물*","2","미분류","","",""
"세라마이드이오피+","2","미분류","","",""
"단풍나무잎추출물*","2","미분류","","",""
"창포뿌리추출물*","2","미분류","","",""
"개다래추출물*","2","미분류","","",""
"으름덩굴추출물*","2","미분류","","",""
"양파추출물*","2","미분류","","",""
"마늘추출물*","2","미분류","","",""
"지모뿌리추출물*","2","미분류","","",""
"쑥잎추출물*","2","미분류","","",""
"사탕무뿌리추출물*","2","미분류","","",""
"양배추추출물*","2","미분류","","",""
"순무잎추출물*","2","미분류","","",""
"동백나무잎추출물*","2","미분류","","",""
"파파야열매추출물*","2","미분류","","",""
"잇꽃꽃추출물*","2","미분류","","",""
"결명씨추출물*","2","미분류","","",""
"병풀추출물*","2","미분류","","",""
"모과추출물*","2","미분류","","",""
"치커리뿌리추출물*","2","미분류","","",""
"베르가모트잎추출물*","2","미분류","","",""
"유자추출물*","2","미분류","","",""
"귤껍질추출물*","2","미분류","","",""
"더덕뿌리추출물*","2","미분류","","",""
"쿠네아타산사열매추출물*","2","미분류","","",""
"오이열매추출물*","2","미분류","","",""
"울금뿌리추출물*","2","미분류","","",""
"당근추출물*","2","미분류","","",""
"감추출물*","2","미분류","","",""
"쇠뜨기추출물*","2","미분류","","",""
"비파나무잎추출물*","2","미분류","","",""
"무화과추출물*","2","미분류","","",""
"허브로버트추출물*","2","미분류","","",""
"긴병꽃풀추출물*","2","미분류","","",""
"스페인감초뿌리추출물*","2","미분류","","",""
"잎새버섯자실체추출물*","2","미분류","","",""
"해바라기씨추출물*","2","미분류","","",""
"원추리꽃추출물*","2","미분류","","",""
"고구마뿌리추출물*","2","미분류","","",""
"표고버섯추출물*","2","미분류","","",""
"레몬버베나잎추출물*","2","미분류","","",""
"인동덩굴꽃추출물*","2","미분류","","",""
"구기자추출물*","2","미분류","","",""
"레몬밤추출물*","2","미분류","","",""
"페퍼민트꽃/잎/줄기추출물*","2","미분류","","",""
"산뽕나무잎추출물*","2","미분류","","",""
"바나나추출물*","2","미분류","","",""
"연꽃뿌리추출물*","2","미분류","","",""
"바질잎추출물*","2","미분류","","",""
"기장추출물*","2","미분류","","",""
"소엽잎추출물*","2","미분류","","",""
"팥추출물*","2","미분류","","",""
"왕질경이씨추출물*","2","미분류","","",""
"도라지뿌리추출물*","2","미분류","","",""
"쇠비름추출물*","2","미분류","","",""
"살구추출물*","2","미분류","","",""
"복숭아추출물*","2","미분류","","",""
"자두추출물*","2","미분류","","",""
"사과추출물*","2","미분류","","",""
"지황뿌리추출물*","2","미분류","","",""
"로즈마리잎추출물*","2","미분류","","",""
"라즈베리추출물*","2","미분류","","",""
"살비아잎추출물*","2","미분류","","",""
"얼룩조릿대잎추출물*","2","미분류","","",""
"형개추출물*","2","미분류","","",""
"검은깨추출물*","2","미분류","","",""
"시금치추출물*","2","미분류","","",""
"서양민들레잎추출물*","2","미분류","","",""
"하늘타리뿌리추출물*","2","미분류","","",""
"미역추출물*","2","미분류","","",""
"생강추출물*","2","미분류","","",""
"마트리카리아꽃추출물*","2","미분류","","",""
"은행추출물*","2","미분류","","",""
"약모밀추출물*","2","미분류","","",""
"락토바실러스/호밀가루발효물*","2","미분류","","",""
"락토바실러스/고추냉이뿌리발효추출물*","2","미분류","","",""
"트라이메틸펜타페닐트라이실록세인","2","미분류","","",""
"하이드롤라이즈드콜라겐(1ppb)","2","미분류","","",""
"해마토코쿠스 플루비알리스오일","2","미분류","","",""
"아텔로콜라겐(0.01ppb)","2","미분류","","",""
"폴리락틱애씨드(10","2","미분류","","",""
"병풀추출물 100","2","미분류","","",""
"부활초 추출물","2","미분류","","",""
"Napiers original formula","2","미분류","","",""
"Napiers moisture formula","2","미분류","","",""
"식물 유래 향)","2","미분류","","",""
"에키네시아추출물","2","미분류","","",""
"꿀추출물","2","미분류","","",""
"소듐폴리감마-글루타메이트","2","미분류","","",""
"흰목이버섯폴리사카라이드","2","미분류","","",""
"불등가사리추출물","2","미분류","","",""
"온천수*","2","미분류","","",""
"칼슘글루코네이트","2","미분류","","",""
"마그네슘글루코네이트","2","미분류","","",""
"C12-14알케스-12","2","미분류","","",""
"구아검","2","미분류","","",""
"비니거","2","미분류","","",""
"포스포리피드","2","미분류","","",""
"포도주추출물","2","미분류","","",""
"파네솔","2","미분류","","",""
"데이지꽃추출물","2","미분류","","",""
"왕귤껍질오일","2","미분류","","",""
"노티드랙추출물","2","미분류","","",""
"엘더꽃추출물","2","미분류","","",""
"월귤잎추출물","2","미분류","","",""
"에델바이스꽃/잎추출물","2","미분류","","",""
"당아욱꽃/잎/줄기추출물","2","미분류","","",""
"레이디스맨틀꽃/잎/줄기추출물","2","미분류","","",""
"서양톱풀꽃/잎/줄기추출물","2","미분류","","",""
"스피드웰꽃/잎/줄기추출물","2","미분류","","",""
"카우슬립꽃추출물","2","미분류","","",""
"화산재","2","미분류","","",""
"에틸헥실올리베이트","2","미분류","","",""
"소듐디엔에이(5","2","미분류","","",""
"소듐폴리아크릴로일다이메틸타우레 이트","2","미분류","","",""
"소듐하이알루로네이트(1.02PPM)","2","미분류","","",""
"하이드록시프로필트라이모늄하이알루로네이트(0.1PPM)","2","미분류","","",""
"꿀풀추출물","2","미분류","","",""
"블래더랙추출물","2","미분류","","",""
"소듐아세틸레이티드하이알루로네이트(0.01PPM)","2","미분류","","",""
"하이드롤라이즈드하이알루로닉애씨드(0.01PPM)","2","미분류","","",""
"하이알루로닉애씨드(0.0025PPM)","2","미분류","","",""
"소듐하이알루로네이트크로스폴리머(0.001PPM)","2","미분류","","",""
"하이드롤라이즈드소듐하이알루로네이트(0.001PPM)","2","미분류","","",""
"포타슘하이알루로네이트(0.0002PPM)","2","미분류","","",""
"석류추출물","2","미분류","","",""
"매스틱검","2","미분류","","",""
"콜라겐수(80.9%)","2","미분류","","",""
"081ppm)","2","미분류","","",""
"콜라겐(10.8ppm)","2","미분류","","",""
"진주추출물","2","미분류","","",""
"흰서양송로수","2","미분류","","",""
"다이펩타이드-15","2","미분류","","",""
"프로폴리스추출물(200ppm)","2","미분류","","",""
"캐롭검","2","미분류","","",""
"콜라겐수","2","미분류","","",""
"카프릴릭/카프릭트리글리세라이드","2","미분류","","",""
"에칠헥실글리세린","2","미분류","","",""
"스쿠알란(10","2","미분류","","",""
"과라나씨추출물","2","미분류","","",""
"포타슘소르베이트","2","미분류","","",""
"천연빙하수","2","미분류","","",""
"흰무늬엉겅퀴추출물","1","미분류","","",""
"만주자작나무껍질추출물","1","미분류","","",""
"테르무스 테르모필루스발효물","1","미분류","","",""
"소듐폴리아스파테이트","1","미분류","","",""
"알로에베라잎폴리사카라이드","1","미분류","","",""
"황색4호iln48715/iln48715","1","미분류","","",""
"유칼립투스잎추출물*","1","미분류","","",""
"하이드롤라이즈드하이알루로닉애씨드(0.01%)","1","미분류","","",""
"하이알루로닉애씨드(0.001%)","1","미분류","","",""
"하이드롤라이즈드소듐하이알루로네이트(0.001%)","1","미분류","","",""
"소듐하이알루로네이트(0.01%)","1","미분류","","",""
"하이드록시프로필트라이모늄하이알루로네이트(0.001%)","1","미분류","","",""
"소듐하이알루로네이트크로스폴리머(0.000001%)","1","미분류","","",""
"소듐아세틸레이티드하이알루로네이트(0.001%)","1","미분류","","",""
"소듐폴리아크릴레이트스타치","1","미분류","","",""
"로즈마리잎오일+","1","미분류","","",""
"라임전초오일+","1","미분류","","",""
"센티드제라늄꽃오일+","1","미분류","","",""
"오렌지껍질오일+","1","미분류","","",""
"피이지-40스테아레이트","1","미분류","","",""
"컴프리잎추출물","1","미분류","","",""
"별꽃추출물*","1","미분류","","",""
"삼색제비꽃추출물+","1","미분류","","",""
"다마스크장미꽃추출물+","1","미분류","","",""
"메도우스위트꽃추출물+","1","미분류","","",""
"마시멜로뿌리추출물+","1","미분류","","",""
"아이브라이트추출물","1","미분류","","",""
"서양측백나무잎추출물","1","미분류","","",""
"조름나물잎추출물","1","미분류","","",""
"겨우살이추출물","1","미분류","","",""
"별꽃추출물*+","1","미분류","","",""
"쇠뜨기잎추출물+","1","미분류","","",""
"쐐기풀잎추출물+","1","미분류","","",""
"피이지-150","1","미분류","","",""
"025 ppm)","1","미분류","","",""
"아시아티코사이드(42 ppm)","1","미분류","","",""
"아시아틱애씨드(31.5 ppm)","1","미분류","","",""
"마데카식애씨드(31.43 ppm)","1","미분류","","",""
"마누카잎추출물(25 ppm)","1","미분류","","",""
"꿀추출물(20 ppm)","1","미분류","","",""
"병풀꽃/잎/줄기추출물(10 ppm)","1","미분류","","",""
"병풀뿌리추출물(10 ppm)","1","미분류","","",""
"마데카소사이드(1.07 ppm)","1","미분류","","",""
"셀필룸추출물","1","미분류","","",""
"테아닌","1","미분류","","",""
"완두콩추출물","1","미분류","","",""
"다이카프릴릴에테르","1","미분류","","",""
"세틸에스터","1","미분류","","",""
"그린와틀꽃왁스","1","미분류","","",""
"해바라기씨왁스","1","미분류","","",""
"세테아릴아이소노나노에이트","1","미분류","","",""
"폴리글리세릴-4다이아이소스테아레이트/폴리하이드록시스테아레이트/세바케이트","1","미분류","","",""
"징크스테아레이트","1","미분류","","",""
"카퍼설페이트","1","미분류","","",""
"포도덩굴추출물","1","미분류","","",""
"라우레스-3","1","미분류","","",""
"라미나리아 오크롤레우카추출물","1","미분류","","",""
"포타슘솔베이트 (0.003%)","1","미분류","","",""
"뽕나무잎추출물","1","미분류","","",""
"에스에이치-올리고펩타이드-2","1","미분류","","",""
"에스에이치-폴리펩타이드-3","1","미분류","","",""
"에스에이치-폴리펩타이드-9","1","미분류","","",""
"에스에이치-폴리펩타이드-16","1","미분류","","",""
"에스에이치-폴리펩타이드-62","1","미분류","","",""
"에스에이치-폴리펩타이드-11","1","미분류","","",""
"에스에이치-폴리펩타이드-22","1","미분류","","",""
"에스에이치-폴리펩타이드-60","1","미분류","","",""
"양파추출물(10","1","미분류","","",""
"양파추출물(843ppm)","1","미분류","","",""
"하이드롤라이즈드콜라겐(1","1","미분류","","",""
"소듐하이알루로네이트(600ppm)","1","미분류","","",""
"하이드롤라이즈드하이알루로닉애씨드(300ppm)","1","미분류","","",""
"하이알루로닉애씨드(100ppm)","1","미분류","","",""
"다이메틸실란올하이알루로네이트(750ppb)","1","미분류","","",""
"하이드롤라이즈드소듐하이알루로네이트(750ppb)","1","미분류","","",""
"포타슘하이알루로네이트(500ppb)","1","미분류","","",""
"하이드록시프로필트라이모늄하이알루로네이트(400ppb)","1","미분류","","",""
"소듐하이알루로네이트크로스폴리머(400ppb)","1","미분류","","",""
"소듐하이알루로네이트다이메틸실란올(250ppb)","1","미분류","","",""
"소듐아세틸레이티드하이알루로네이트(200ppb)","1","미분류","","",""
"판테놀(30","1","미분류","","",""
"소듐피씨에이 베타인","1","미분류","","",""
"알란토인(1","1","미분류","","",""
"다이펜타에리스리틸헥사하이드록시스테아레이트/헥사스테아레이트/헥사로지네이트","1","미분류","","",""
"폴리글리세릴-10다이스테아레이트","1","미분류","","",""
"세릴스테아레이트","1","미분류","","",""
"아세테이트","1","미분류","","",""
"알루로네이트","1","미분류","","",""
"하이드로제네이티드다이데센","1","미분류","","",""
"하이드롤라이즈드하이알루로닉애씨드(500ppm)","1","미분류","","",""
"시메티콘","1","미분류","","",""
"소듐디엔에이(200ppm)","1","미분류","","",""
"알간나무커넬오일","1","미분류","","",""
"하이드롤라이즈드콜라겐추출물(0.1ppm)","1","미분류","","",""
"피이지-8스테아레이트","1","미분류","","",""
"스위트아몬드오일","1","미분류","","",""
"하이드록시팔미토일스핑가닌","1","미분류","","",""
"스타이렌/아이소프렌코폴리머","1","미분류","","",""
"네오펜틸글라이콜다이헵타노에이트","1","미분류","","",""
"올레아마이드엠이에이","1","미분류","","",""
"포타슘코코일글루타메이트","1","미분류","","",""
"o-사이멘-5-올","1","미분류","","",""
"마데카소사이드(1","1","미분류","","",""
"오일팜커넬오일","1","미분류","","",""
"아이소스테아릴아이소스테아레이트","1","미분류","","",""
"세라마이드엔지","1","미분류","","",""
"시스테인에이치씨엘","1","미분류","","",""
"왜당귀뿌리추출물","1","미분류","","",""
"삽주뿌리줄기추출물","1","미분류","","",""
"질경이추출물","1","미분류","","",""
"복숭아씨추출물","1","미분류","","",""
"황해쑥잎수(35","1","미분류","","",""
"724ppm)","1","미분류","","",""
"메티콘","1","미분류","","",""
"ppm)","1","미분류","","",""
"올레핀)","1","미분류","","",""
"폴리머","1","미분류","","",""
"릴레이트","1","미분류","","",""
"잎추출물(10 ppm)","1","미분류","","",""
"아디픽애씨드","1","미분류","","",""
"'하이드롤라이즈드하이알루로닉애씨드(500","1","미분류","","",""
"소듐하이알루로네이트크로스폴리머(3.5ppb)","1","미분류","","",""
"하이드록시프로필트라이모늄하이알루로네이트(0.42ppb)","1","미분류","","",""
"하이알루로닉애씨드(0.035ppb)","1","미분류","","",""
"소듐아세틸레이티드하이알루로네이트(0.007ppb)","1","미분류","","",""
"비즈왁스","1","미분류","","",""
"폴리글리세릴-3폴리리시놀리에이트","1","미분류","","",""
"하수오뿌리추출물","1","미분류","","",""
"하이드로제네이티드코코-글리세라이즈","1","미분류","","",""
"다이스타치포스페이트","1","미분류","","",""
"소듐하이알루로네이트(0.25%)","1","미분류","","",""
"글리시레티닉애씨드","1","미분류","","",""
"돌콩배아추출물","1","미분류","","",""
"칸디다 봄비콜라/글루코오스/메틸레이프씨데이트발효물*","1","미분류","","",""
"해바라기씨오일*","1","미분류","","",""
"아시아티코사이드*","1","미분류","","",""
"아시아틱애씨드*","1","미분류","","",""
"마데카식애씨드*","1","미분류","","",""
"헥사펩타이드 -9","1","미분류","","",""
"레몬수","1","미분류","","",""
"폴리솔 베이트60","1","미분류","","",""
"티타늄디옥사 이드","1","미분류","","",""
"잇꽃씨 오일","1","미분류","","",""
"수크로오스테트라아이소스테아레이트","1","미분류","","",""
"글리세릴 스테아레이트","1","미분류","","",""
"아크릴레이트/C10-30알킬아크릴레이트 크로스폴리머","1","미분류","","",""
"하이드로제네이티드 폴리데센","1","미분류","","",""
"타마 린드씨검","1","미분류","","",""
"마카다미아씨추출물","1","미분류","","",""
"블랙커민씨추출물","1","미분류","","",""
"잇꽃씨추출물","1","미분류","","",""
"포타슘 솔베이트","1","미분류","","",""
"하이드롤라이즈드하이알루로닉애씨드(200ppm)","1","미분류","","",""
"나이아신아마이드(1","1","미분류","","",""
"징크피씨에이(10 ppm)","1","미분류","","",""
"도코사헥사에노익애씨드","1","미분류","","",""
"약모밀소포","1","미분류","","",""
"하수오전초추출물","1","미분류","","",""
"약모밀추출물(100","1","미분류","","",""
"향료료","1","미분류","","",""
"약모밀추출물(3","1","미분류","","",""
"500 ppm)","1","미분류","","",""
"동백나무꽃추출물","1","미분류","","",""
"하이드롤라이즈드레시틴","1","미분류","","",""
"카프릴릴/카프릴트라이글리세라이드","1","미분류","","",""
"로즈힙추출물","1","미분류","","",""
"폴라지닌","1","미분류","","",""
"하이알루로닉애씨드/하이드롤라이즈드콜라겐크로스폴리머","1","미분류","","",""
"스타이렌/브이피코폴리머","1","미분류","","",""
"*리모넨","1","미분류","","",""
"*리날룰","1","미분류","","",""
"피토스테릴/옥틸도데실라우로일글루타메이트","1","미분류","","",""
"체이스트트리추출물","1","미분류","","",""
"만주자작나무수액","1","미분류","","",""
"아사이팜열매추출물","1","미분류","","",""
"글루코오스(100 ppb)","1","미분류","","",""
"글루타민","1","미분류","","",""
"아스파라진","1","미분류","","",""
"마그네슘시트레이트","1","미분류","","",""
"글루코사민에이치씨엘","1","미분류","","",""
"1-메틸하이단토인-2-이미드","1","미분류","","",""
"포믹애씨드","1","미분류","","",""
"암모니아","1","미분류","","",""
"비타민나무수(117","1","미분류","","",""
"판테놀(100ppm)","1","미분류","","",""
"레몬머틀잎오일","1","미분류","","",""
"아스코빅애씨드(1","1","미분류","","",""
"토코페롤(0.003ppm)","1","미분류","","",""
"포타슘하이알루로네이트(0.2ppb)","1","미분류","","",""
"스트렙토코쿠스테르모필루스발효물","1","미분류","","",""
"병풀잎추출물(2.1ppm)","1","미분류","","",""
"병풀꽃/잎/줄기추출물(1.0ppm)","1","미분류","","",""
"병풀뿌리 추출물(1.0ppm)","1","미분류","","",""
"병풀추출물(0.02ppm)","1","미분류","","",""
"칼슘클로 라이드","1","미분류","","",""
"데하이드로잔탄검","1","미분류","","",""
"메틸다이아이소프로필 프로피온아마이드","1","미분류","","",""
"하이 드로제네이티드레시틴","1","미분류","","",""
"마데카소사이드(0.18ppm)","1","미분류","","",""
"아시아티코사이드(0.002ppm)","1","미분류","","",""
"마데카식애씨드(0.002ppm)","1","미분류","","",""
"아시아틱애씨드(0.0008ppm)","1","미분류","","",""
"프로필렌글라이콜카프릴레이트","1","미분류","","",""
"포타슘솔베이트　*제공된 성분은 동일 제품이라도 경우에 따라 변경될 수 있습니다. 최신정보는 제품 포장의 성분을 참고하시거나 본사 고객관리지원팀으로 연락 부탁 드립니다.","1","미분류","","",""
"피피지-10메틸글루코오스에터","1","미분류","","",""
"다이소듐석시네이트","1","미분류","","",""
"C12-13알킬글리세릴하이드롤라이즈드하이알루로네이트","1","미분류","","",""
"락토코쿠스/하이알루로닉애씨드발효여과물","1","미분류","","",""
"아파노테케 사크룸엑소폴리사카라이즈","1","미분류","","",""
"에스에이치-올리고펩타이드-23에스피","1","미분류","","",""
"씨대퍼딜추출물","1","미분류","","",""
"녹두추출물(200ppm)","1","미분류","","",""
"카프릴로일살리실릭애씨드(10ppm)","1","미분류","","",""
"녹두씨추출물(5ppm)","1","미분류","","",""
"유채싹추출물","1","미분류","","",""
"해바라기싹추출물","1","미분류","","",""
"녹두싹추출물(0.1ppm)","1","미분류","","",""
"하이드롤라이즈드하이알루로닉애씨드(932601.50052ppm)","1","미분류","","",""
"소듐하이알루로네이트(1.0052ppm)","1","미분류","","",""
"카프릴릴/카프릭트라이글리세라이드","1","미분류","","",""
"하이알루로닉애씨드(1.00001ppm)","1","미분류","","",""
"하이드롤라이즈드글라이코사미노글리칸(0.0056ppm)","1","미분류","","",""
"하이드롤라이즈드소듐하이알루로네이트(1.5ppm)","1","미분류","","",""
"하이드록시프로필트라이모늄하이알루로네이트(0.80012ppm)","1","미분류","","",""
"소듐아세틸레이티드하이알루로네이트(0.400002ppm)","1","미분류","","",""
"소듐하이알루로네이트크로스폴리머(0.801ppm)","1","미분류","","",""
"디메칠이미다졸리디논쌀전분","1","미분류","","",""
"자몽추출물","1","미분류","","",""
"고삼추출물","1","미분류","","",""
"팔각회향추출물","1","미분류","","",""
"위치하젤잎수","1","미분류","","",""
"펜타에리스리틸테트라에칠헥사노에이트","1","미분류","","",""
"디메치콘올","1","미분류","","",""
"과물시계꽃씨오일","1","미분류","","",""
"행인오일","1","미분류","","",""
"옥수수오일","1","미분류","","",""
"비트레오실라발효물","1","미분류","","",""
"마그네슘피씨에이 포타슘피씨에이","1","미분류","","",""
"2-올레아미도-1","1","미분류","","",""
"3-옥타데칸디올","1","미분류","","",""
"부틸페닐메칠프로피오날","1","미분류","","",""
"하이드록시이소헥실3-사이클로헥센카복스알데하이드 카퍼피씨에이","1","미분류","","",""
"헥실니코티네이트","1","미분류","","",""
"병풀잎수(94%)","1","미분류","","",""
"1,2 -헥산다이올","1","미분류","","",""
"병풀잎수(990ppm)","1","미분류","","",""
"아크릴레이트 /C10-30알킬아크릴레이트크로스폴리머","1","미분류","","",""
"병풀추출물(100 ppm)","1","미분류","","",""
"돌나물추출물","1","미분류","","",""
"황련추출물","1","미분류","","",""
"하이드롤라이즈드칼슘하이알루로네이트","1","미분류","","",""
"소듐설페이티드하이알루로네이트","1","미분류","","",""
"소듐스테아로일하이알루로네이트","1","미분류","","",""
"히아루론산 총량 140ppm*","1","미분류","","",""
"참나무이끼추출물","1","미분류","","",""
"나무이끼추출물","1","미분류","","",""
"병풀잎수(828","1","미분류","","",""
"168ppm)","1","미분류","","",""
"약모밀수(30","1","미분류","","",""
"380ppm)","1","미분류","","",""
"병풀잎수(625","1","미분류","","",""
"219ppm)","1","미분류","","",""
"펜타에리스리틸테트라에틸헥사 노에이트","1","미분류","","",""
"하이드롤라이즈드하이알루로닉애씨드(29","1","미분류","","",""
"049ppm)","1","미분류","","",""
"소듐하이알루로 네이트(800ppm)","1","미분류","","",""
"소듐디엔에이(100ppm)","1","미분류","","",""
"하이알 루로닉애씨드(30ppm)","1","미분류","","",""
"하이드롤라이즈드소듐하이알루로네이 트(30ppm)","1","미분류","","",""
"하이드록시프로필트라이모늄하이알루로네이트 (30ppm)","1","미분류","","",""
"포타슘하이알루로네이트(30ppm)","1","미분류","","",""
"소듐하이알루 로네이트크로스폴리머(30ppm)","1","미분류","","",""
"소듐아세틸레이티드하이알 루로네이트(1ppm)","1","미분류","","",""
"몰로키아잎추출물**","1","미분류","","",""
"신선초추출물**","1","미분류","","",""
"연꽃뿌리추출물**","1","미분류","","",""
"오크라열매추출물**","1","미분류","","",""
"참마뿌리추출물**","1","미분류","","",""
"아시아티코사이드*(4","1","미분류","","",""
"800ppm)","1","미분류","","",""
"마데카식애씨드*(3","1","미분류","","",""
"아시아틱애씨드*(3","1","미분류","","",""
"징크피씨에이(1ppm)","1","미분류","","",""
"락토바실러스세포외소포","1","미분류","","",""
"하이알루로닉애씨드 (100PPM)","1","미분류","","",""
"소듐하이알루로네이트크로스폴리머-6","1","미분류","","",""
"마데카소사이드(540 ppm)","1","미분류","","",""
"병풀추출물(51 ppm)","1","미분류","","",""
"아시아티코사이드(39 ppm)","1","미분류","","",""
"병풀잎추출물(21 ppm)","1","미분류","","",""
"마데카식애씨드(0.00004 ppm)","1","미분류","","",""
"아시아틱애씨드(0.00003 ppm)","1","미분류","","",""
"징크피씨에이(징크로서","1","미분류","","",""
"1%)","1","미분류","","",""
"아세틸헥사펩타이드-8(5 ppm)","1","미분류","","",""
"카퍼트라이펩타이드-1(5 ppm)","1","미분류","","",""
"에스에이치-폴리펩타이드-121(1.98 ppm)","1","미분류","","",""
"다이펩타이드다이아미노부티로일벤질아마이드다이아세테이트(0.3 ppm)","1","미분류","","",""
"올리고펩타이드-68(0.095 ppm)","1","미분류","","",""
"팔미토일트라이펩타이드-8(0.02ppm)","1","미분류","","",""
"알루미늄전분옥테닐석시네이트","1","미분류","","",""
"옥틸도데실스테아로일스테아레이트","1","미분류","","",""
"칼라민","1","미분류","","",""
"레틴알(0.1%)","1","미분류","","",""
"트라넥사믹애씨드(4%)","1","미분류","","",""
"글리세릴올리에이트","1","미분류","","",""
"미리스틸글루코사이드","1","미분류","","",""
"폴리글리세릴-6라우레이트","1","미분류","","",""
"식물성스쿠알란(1ppm)","1","미분류","","",""
"3-O-에틸아스코빅애씨드(50","1","미분류","","",""
"세테아릴 올리베이트","1","미분류","","",""
"아스코빅애씨드(10ppm)","1","미분류","","",""
"약모밀추출물(8","1","미분류","","",""
"015 ppm)","1","미분류","","",""
"아시아티코사이드(0.082 ppm)","1","미분류","","",""
"마데카식애씨드(0.068 ppm)","1","미분류","","",""
"아시아틱애씨드(0.05 ppm)","1","미분류","","",""
"병풀추출물(10","1","미분류","","",""
"에틸아스코빅애씨드(20","1","미분류","","",""
"프로테아제(150 ppm)","1","미분류","","",""
"아스코빌테트라이소팔미테이트(100 ppm)","1","미분류","","",""
"테트라소듐글루타메이트다이아세테이트","1","미분류","","",""
"아세틱애씨드","1","미분류","","",""
"탄제린추출물","1","미분류","","",""
"피이지-90","1","미분류","","",""
"실크추출물","1","미분류","","",""
"염소유추출물","1","미분류","","",""
"코질메틸렌다이옥시신나메이트","1","미분류","","",""
"데카펩타이드-4","1","미분류","","",""
"벼에스에이치-올리고펩타이드-1   * 레티놀 함량 509 IU/g","1","미분류","","",""
"클로페네신.","1","미분류","","",""
"다마스크장미꽃수(64.5%)","1","미분류","","",""
"나이아신아마이드(20%)","1","미분류","","",""
"피이지-6카프릴릭/카프릭글리세라이즈","1","미분류","","",""
"글리세릴아이소스테아레이트","1","미분류","","",""
"소듐아세틸레이티드하이알루로네이트(0.01%)","1","미분류","","",""
"하이드롤라이즈드하이알루로닉애씨드(0.1208%)","1","미분류","","",""
"아이소프로필아이소스테아레이트","1","미분류","","",""
"다이소듐스테아로일글루타메이트","1","미분류","","",""
"하이드롤라이즈드하이알루로닉애씨드(0.0208%)","1","미분류","","",""
"라우레스-7","1","미분류","","",""
"폴리아크릴아마이드","1","미분류","","",""
"폴리엡실론-라이신","1","미분류","","",""
"C13-14아이소알케인","1","미분류","","",""
"아스코빅애씨드(15%)","1","미분류","","",""
"브로콜리추출물","1","미분류","","",""
"황기뿌리추출물","1","미분류","","",""
"황벽나무껍질추출물","1","미분류","","",""
"토코페롤(1","1","미분류","","",""
"000.25 ppm)","1","미분류","","",""
"글루코실루틴","1","미분류","","",""
"폴리글리세릴 -10올리에이트","1","미분류","","",""
"유비퀴논 (0.1ppm)","1","미분류","","",""
"프로판다 이올","1","미분류","","",""
"소듐폴리 아크릴로일다이메틸타우레이트","1","미분류","","",""
"C12-14알케스 -12","1","미분류","","",""
"트라이소듐포스페이트","1","미분류","","",""
"물망초꽃/잎/줄기추출물","1","미분류","","",""
"원추 리꽃추출물","1","미분류","","",""
"카프릴릴 글라이콜","1","미분류","","",""
"아세틸다이펩타이드-1세틸에스터(8ppb)","1","미분류","","",""
"팔미토일트라이펩타이드-5(1.1ppb)","1","미분류","","",""
"아세틸헥 사펩타이드-1(1ppb)","1","미분류","","",""
"아세틸옥타펩타이드-3 (0.5ppb)","1","미분류","","",""
"팔미토일테트라펩타이드-10(0.2ppb)","1","미분류","","",""
"카퍼트라이펩타이드-1 (0.05ppb)","1","미분류","","",""
"올리고펩타이드-3(0.002ppb)","1","미분류","","",""
"올리고펩타이드-2(0.002ppb)","1","미분류","","",""
"올리고펩타이드-1(0.002ppb)","1","미분류","","",""
"헥사펩타이드-11(0.002ppb)","1","미분류","","",""
"트리펩타이드-32","1","미분류","","",""
"콜라나무씨추출물","1","미분류","","",""
"판테틴","1","미분류","","",""
"소듐알엔에이","1","미분류","","",""
"올레스-3포스페이트","1","미분류","","",""
"올레스-3","1","미분류","","",""
"올레스-5","1","미분류","","",""
"세테스-24","1","미분류","","",""
"테트라소듐이디티에이","1","미분류","","",""
"라우릴락테이트","1","미분류","","",""
"피씨에이글리세릴올리에이트","1","미분류","","",""
"자작나무수액(1","1","미분류","","",""
"425ppm)","1","미분류","","",""
"가시대나무줄기추출물","1","미분류","","",""
"칼슘알루미늄보로실리케이트","1","미분류","","",""
"솔비탄카프릴레이트","1","미분류","","",""
"사카라이드하이드롤리세이트","1","미분류","","",""
"바오밥나무잎추출물","1","미분류","","",""
"부들레야추출물","1","미분류","","",""
"올리브나무잎추출물","1","미분류","","",""
"살비아잎수","1","미분류","","",""
"폴리글리세릴-2카프레이트","1","미분류","","",""
"메틸메타크릴레이트크로스 폴리머","1","미분류","","",""
"C11-13아이소알케인","1","미분류","","",""
"다이프로필렌 글라이콜","1","미분류","","",""
"병풀잎추출물(407 ppm)","1","미분류","","",""
"소듐스테아로일글루타 메이트","1","미분류","","",""
"마데카소사이드(200 ppm)","1","미분류","","",""
"오리스뿌리 추출물","1","미분류","","",""
"로즈마리잎 오일","1","미분류","","",""
"병풀추출물(4 ppm)","1","미분류","","",""
"하이드롤라이즈드소듐하이알 루로네이트","1","미분류","","",""
"하이드록시프로필트라이모듐하이알루로네이트","1","미분류","","",""
"보검선인 장줄기추출물","1","미분류","","",""
"마데카식애씨드(0.04 ppb)","1","미분류","","",""
"아시아틱애씨드(0.03 ppb)","1","미분류","","",""
"아시아티코사이드(0.03 ppb)","1","미분류","","",""
"스테아릴글리시레티네이트","1","미분류","","",""
"T-부틸알코올","1","미분류","","",""
"다이메티콘크로스폴리머","1","미분류","","",""
"콜라겐(15ppm)","1","미분류","","",""
"하이드로제네이티드폴리사이클로펜타다이엔","1","미분류","","",""
"꽃송이버섯추출물","1","미분류","","",""
"양까막까치밥나무씨오일","1","미분류","","",""
"폴리글리세릴-10다이아이소스테아레이트","1","미분류","","",""
"당근씨오일","1","미분류","","",""
"메나다이온","1","미분류","","",""
"해바라기꽃추출물","1","미분류","","",""
"에키움플란타기네움씨오일","1","미분류","","",""
"노니추출물","1","미분류","","",""
"테트라하이드록시프로필에틸렌다이아민","1","미분류","","",""
"징크하이드롤라이즈드하이알루로네이트","1","미분류","","",""
"소듐디엔에이(0.25ppm)","1","미분류","","",""
"미역취추출물","1","미분류","","",""
"클로브싹추출물","1","미분류","","",""
"메칠렌비스•벤조트리아졸릴테트라메칠부틸페놀","1","미분류","","",""
"코코•카프릴레이트/카프레이트","1","미분류","","",""
"1,2•헥산다이올","1","미분류","","",""
"폴리C10•30알킬아크릴레이트","1","미분류","","",""
"폴리글리세릴•3메틸글루코오스다이스테아레이트","1","미분류","","",""
"아크릴레이트/C10•30알킬아크릴레이트크로스폴리머","1","미분류","","",""
"폴리아크릴레이트크로스폴리머•6","1","미분류","","",""
"폴리글리세릴•4아이소스테아레이트","1","미분류","","",""
"미네랄워터","1","미분류","","",""
"카프릴릭애씨드","1","미분류","","",""
"포도씨추출물","1","미분류","","",""
"진주가루","1","미분류","","",""
"토르말린","1","미분류","","",""
"이소아밀p-메톡시신나메이트","1","미분류","","",""
"하이드록시아파타이트","1","미분류","","",""
"몬모릴로나이트","1","미분류","","",""
"징크옥사이드(CI 77947)","1","미분류","","",""
"C9-12알케인","1","미분류","","",""
"마이카(CI 77019)","1","미분류","","",""
"황색산화철(CI 77492)","1","미분류","","",""
"적색산화철(CI 77491)","1","미분류","","",""
"폴리글리세릴-10에이코산다이오에이트/테트라데칸다이오에이트","1","미분류","","",""
"스페인감초뿌리수","1","미분류","","",""
"분홍바늘꽃꽃/잎/줄기추출물","1","미분류","","",""
"복숭아추출물","1","미분류","","",""
"세룰라타벚나무꽃추출물","1","미분류","","",""
"다이아이소프로필아디페이트","1","미분류","","",""
"C13-16아이소알케인","1","미분류","","",""
"탄산수(9","1","미분류","","",""
"750ppm)","1","미분류","","",""
"피이지-14M","1","미분류","","",""
"에틸멘탄카복사마이드","1","미분류","","",""
"피이지/피피지-9/2다이메틸에터","1","미분류","","",""
"탤크","1","미분류","","",""
"피이지-9폴리다이메틸실록시에틸다이메티콘","1","미분류","","",""
"비스-부틸다이메티콘폴리글리세릴-3","1","미분류","","",""
"피이지/피피지-14/7다이메틸에터","1","미분류","","",""
"토멘틸뿌리추출물","1","미분류","","",""
"라우릴베타인","1","미분류","","",""
"녹두씨추출물","1","미분류","","",""
"녹두추출물","1","미분류","","",""
"녹두싹추출물","1","미분류","","",""
"우엉뿌리추출물","1","미분류","","",""
"로즈힙열매추출물","1","미분류","","",""
"살구즙","1","미분류","","",""
"페네틸벤조에이트","1","미분류","","",""
"라우릴피이지-9폴리다이메틸실록시에틸다이메티콘","1","미분류","","",""
"폴리페닐실세스퀴옥세인","1","미분류","","",""
"카나우바왁스","1","미분류","","",""
"아크릴레이트/스테아릴아크릴레이트/다이메티콘메타크릴레이트코폴리머","1","미분류","","",""
"로즈마리잎수","1","미분류","","",""
"알로에베라잎추출물(2ppm)","1","미분류","","",""
"다이펜타에리스리틸트라이-폴리하이드록시스테아레이트","1","미분류","","",""
"에키움 플란타기네움씨오일","1","미분류","","",""
"물냉이추출물","1","미분류","","",""
"아크릴레이트/다이메티콘코폴리머","1","미분류","","",""
"달맞이꽃추출물","1","미분류","","",""
"매실나무꽃추출물","1","미분류","","",""
"-","1","미분류","","",""
"유비데아","1","미분류","","",""
"로지","1","미분류","","",""
"글로우","1","미분류","","",""
"30ml","1","미분류","","",""
"페닐벤즈이미다졸설포닉애씨드","1","미분류","","",""
"-멜라B3","1","미분류","","",""
"세럼","1","미분류","","",""
"3ml","1","미분류","","",""
"비스-피이지/피피지-16/16피이지/피피지-16/16다이메티콘","1","미분류","","",""
"레인보우랙추출물","1","미분류","","",""
"2-머캅토니코티노일글라이신","1","미분류","","",""
"피이지-20메틸글루코오스세스퀴스테아레이트","1","미분류","","",""
"소듐티오설페이트","1","미분류","","",""
"적색227호","1","미분류","","",""
"솔비탄다이스테아레이트","1","미분류","","",""
"스테아로일글루타믹애씨드","1","미분류","","",""
"쌀겨수(50","1","미분류","","",""
"수베르참나무껍질추출물","1","미분류","","",""
"참나무뿌리추출물","1","미분류","","",""
"쌀겨오일(170 PPB)","1","미분류","","",""
"세라마이드엔피(40 PPB)","1","미분류","","",""
"분비나무오일","1","미분류","","",""
"클로브잎오일","1","미분류","","",""
"마트리카리아꽃오일","1","미분류","","",""
"마그네슘아스파테이트","1","미분류","","",""
"징크락테이트","1","미분류","","",""
"옥타데케인","1","미분류","","",""
"락틱애씨드/글라이콜릭애씨드코폴리머","1","미분류","","",""
"어성초추출물(=약모밀추출물","1","미분류","","",""
"두송열매오일","1","미분류","","",""
"갈바눔수지오일","1","미분류","","",""
"*락토바실러스발효용해물","1","미분류","","",""
"치커리뿌리추출물","1","미분류","","",""
"서양민들레뿌리줄기/뿌리추출물","1","미분류","","",""
"쉐어버터씨드케이크추출물","1","미분류","","",""
"적색산화철/황색산화철","1","미분류","","",""
"다이아이소부틸아디페이트","1","미분류","","",""
"트리스-바이페닐트라이아진","1","미분류","","",""
"하이드로제네이티드캐스터오일다이머다이리놀레에이트","1","미분류","","",""
"네오펜틸글라이콜다이에틸헥사노에이트","1","미분류","","",""
"카올린","1","미분류","","",""
"로우스위트블루베리추출물","1","미분류","","",""
"쌀겨왁스","1","미분류","","",""
"레티놀(0.1%)","1","미분류","","",""
"비터오렌지꽃추출물","1","미분류","","",""
"모란추출물","1","미분류","","",""
"작약꽃추출물","1","미분류","","",""
"폴리아크릴릭애씨드","1","미분류","","",""
"버지니아풍년화잎수","1","미분류","","",""
"칼슘판테테인설포네이트","1","미분류","","",""
"카페익애씨드","1","미분류","","",""
"징크디엔에이","1","미분류","","",""
"콜레스테릴헥실다이카바메이트풀루란","1","미분류","","",""
"쌀추출물(30 %)","1","미분류","","",""
"쌀배아추출물(1","1","미분류","","",""
"락토바실러스/호박발효추출물","1","미분류","","",""
"자이언트켈프추출물","1","미분류","","",""
"코코넛야자열매추출물","1","미분류","","",""
"홍차추출물","1","미분류","","",""
"모나스커스/쌀발효물(0.12 ppm)","1","미분류","","",""
"락토바실러스/쌀발효물(0.12 ppm)","1","미분류","","",""
"효모/쌀발효여과물(0.12 ppm)","1","미분류","","",""
"마이카 (CI 77019)","1","미분류","","",""
"폴리에스터-1","1","미분류","","",""
"글루타티온(150 ppm)*","1","미분류","","",""
"사과세포배양추출물*","1","미분류","","",""
"키토산","1","미분류","","",""
"식물 유래 이중 지질막 전달체에 글루타치온을 담지하여 만든 복합체 30","1","미분류","","",""
"000 ppm 함유","1","미분류","","",""
"자작나무수액 (1","1","미분류","","",""
"045ppm)","1","미분류","","",""
"소듐코코일알라니네이트","1","미분류","","",""
"다이소듐코코암포다이아세테이트","1","미분류","","",""
"퀼라자껍질추출물","1","미분류","","",""
"판테놀 5%","1","미분류","","",""
"락토바실러스/인삼뿌리발효여과물","1","미분류","","",""
"효모/율무씨발효여과물","1","미분류","","",""
"흰무늬엉겅퀴씨추출물","1","미분류","","",""
"알라닌/히스티딘/라이신폴리펩타이드카퍼에이치씨엘","1","미분류","","",""
"트라이펩타이드-32","1","미분류","","",""
"칸디다봄비콜라/글루코오스/메틸레이프씨데이트발효물","1","미분류","","",""
"몰로키아잎추출물","1","미분류","","",""
"마테잎추출물","1","미분류","","",""
"올리고펩타이드-3","1","미분류","","",""
"귀리펩타이드","1","미분류","","",""
"피이지-20","1","미분류","","",""
"아이소데실네오펜타노에이트","1","미분류","","",""
"마이크로크리스탈린왁스","1","미분류","","",""
"라우릴피이지-8다이메티콘","1","미분류","","",""
"다이메티콘/피이지-10/15크로스폴리머","1","미분류","","",""
"멘틸락테이트","1","미분류","","",""
"스테아랄코늄헥토라이트","1","미분류","","",""
"프로필렌카보네이트","1","미분류","","",""
"아쿠아피트니스","1","미분류","","",""
"소듐라우레스설페이트","1","미분류","","",""
"청색1호","1","미분류","","",""
"판테놀(2000ppm)","1","미분류","","",""
"병풀추출물(502ppm)","1","미분류","","",""
"팔미토일다이펩타이드-7","1","미분류","","",""
"박하추출물","1","미분류","","",""
"스키조사카로미세스발효여과물","1","미분류","","",""
"페닐프로판올","1","미분류","","",""
"목면꽃추출물","1","미분류","","",""
"폴리솔베이트40","1","미분류","","",""
"창과감초뿌리추출물","1","미분류","","",""
"구름버섯추출물","1","미분류","","",""
"미리스틸알코올","1","미분류","","",""
"피이지/피피지-18/18다이메티콘","1","미분류","","",""
"화이트티트리잎추출물","1","미분류","","",""
"하이드롤라이즈드하이알루로닉애씨드(1.5ppb)","1","미분류","","",""
"하이알루로닉애씨드(1ppb)","1","미분류","","",""
"소듐하이알루로네이트(1ppb)","1","미분류","","",""
"다이메틸실란올하이알루로네이트(1.5ppb)","1","미분류","","",""
"하이드롤라이즈드소듐하이알루로네이트(1.5ppb)","1","미분류","","",""
"포타슘하이알루로네이트(1ppb)","1","미분류","","",""
"하이드록시프로필트라이모늄하이알루로네이트(0.8ppb)","1","미분류","","",""
"소듐하이알루로네이트크로스폴리머(0.8ppb)","1","미분류","","",""
"소듐하이알루로네이트다이메틸실란올(0.5ppb)","1","미분류","","",""
"소듐아세틸레이티드하이알루로네이트(0.4ppb)","1","미분류","","",""
"약모밀소포(0.1ppb)","1","미분류","","",""
"제수","1","미분류","","",""
"비스-피이지-18메칠에텔디메칠실란","1","미분류","","",""
"호장근추출물","1","미분류","","",""
"라우레스-23","1","미분류","","",""
"라우레스-4","1","미분류","","",""
"암모늄아크릴로일디메칠타우레이트/브이피코폴리머","1","미분류","","",""
"마데카소사이드(0.1PPM)","1","미분류","","",""
"아시아코사이드(0.04PPM)","1","미분류","","",""
"마데카식애씨드(0.035PPM)","1","미분류","","",""
"아시아틱애씨드(0.025PPM)","1","미분류","","",""
"이콜","1","미분류","","",""
"다이올","1","미분류","","",""
"크로스폴리머","1","미분류","","",""
"틸글루코오스다이스테아레이트","1","미분류","","",""
"콜","1","미분류","","",""
"오사카라이드검-1","1","미분류","","",""
"옥타데센","1","미분류","","",""
"메도우스위트꽃추출물","1","미분류","","",""
"레몬추출물","1","미분류","","",""
"천궁수","1","미분류","","",""
"왜당귀뿌리수","1","미분류","","",""
"양파추출물","1","미분류","","",""
"비타민나무수(596","1","미분류","","",""
"692ppm)","1","미분류","","",""
"비타민나무오일(4","1","미분류","","",""
"비타민나무열매오일(0.0005ppm)","1","미분류","","",""
"카프릴릭/카프릭/미리스틱/스테아릭트라이글리세라이드","1","미분류","","",""
"아스코빅애씨드(10","1","미분류","","",""
"토코페롤(9ppm)","1","미분류","","",""
"에틸아이소스테아레이트","1","미분류","","",""
"하이드롤라이즈드맥아추출물","1","미분류","","",""
"하이드롤라이즈드삼색제비꽃추출물","1","미분류","","",""
"소나무잎추출물(1000.61ppm)","1","미분류","","",""
"병풀잎추출물(10.6ppm)","1","미분류","","",""
"감자꽃추출물","1","미분류","","",""
"병풀추출물(0.01ppm)","1","미분류","","",""
"글라이코프로테인(0.0002ppm)","1","미분류","","",""
"아시아티코사이드(0.00001ppm)","1","미분류","","",""
"아시아틱애씨드(0.00001ppm)","1","미분류","","",""
"마데카소사이드(0.00001ppm)","1","미분류","","",""
"마데카식애씨드(0.00001ppm)","1","미분류","","",""
"케인","1","미분류","","",""
"C10-30알킬아크릴레이트크로스폴리머","1","미분류","","",""
"헥실글리세린","1","미분류","","",""
"연꽃꽃추출물","1","미분류","","",""
"다이소듐이디티에이+","1","미분류","","",""
"폴리에스터-5","1","미분류","","",""
"효모발효여과물@글리세린@부틸렌글라이콜@프로판다이올@변성알코올@베타인@나이아신아마이드@1","1","미분류","","",""
"2-헥산다이올@정제수@판테놀@트로메타민@ 아크릴레이트/C10-30알킬아크릴레이트크로스폴리머@카보머@글리세릴카프릴레이트@클로렐라 프로토테코이데스추출물@에틸헥실글리세린@아데노신@프로필렌글라이콜@소듐글루코네이트@다이소듐이디티에이@소듐하이알로네이트@하이드롤라이즈드디엔에이@향료@리모넨@토코페롤@헥사펩타이드-9","1","미분류","","",""
"옥틸도데실미리스테이트","1","미분류","","",""
"포도덩굴수액","1","미분류","","",""
"가시대나무수액","1","미분류","","",""
"하늘타리뿌리추출물","1","미분류","","",""
"님잎추출물","1","미분류","","",""
"검정콩추출물","1","미분류","","",""
"마트리카리아꽃/잎추출물","1","미분류","","",""
"서양산딸기추출물","1","미분류","","",""
"원지뿌리추출물","1","미분류","","",""
"도라지뿌리추출물","1","미분류","","",""
"검은깨추출물","1","미분류","","",""
"흑미추출물","1","미분류","","",""
"콘민트잎추출물","1","미분류","","",""
"푸른연꽃수","1","미분류","","",""
"알로에베라잎추출물(77%)","1","미분류","","",""
"병풀추출물(3%)","1","미분류","","",""
"카프릴 릭/카프릭트라이글리세라이드","1","미분류","","",""
"베타 인","1","미분류","","",""
"세테아릴 알코올","1","미분류","","",""
"베타-글 루칸","1","미분류","","",""
"하이드로제네 이티드레시틴","1","미분류","","",""
"아 시아틱애씨드","1","미분류","","",""
"피버퓨추출물","1","미분류","","",""
"하이드 롤라이즈드타피오카덩이줄기추출물","1","미분류","","",""
"망고추출물","1","미분류","","",""
"판 테놀","1","미분류","","",""
"다이포타슘글리시 리제이트","1","미분류","","",""
"하이드록시아세 토페논","1","미분류","","",""
"부틸렌글라이콜다이카프릴레이트 /다이카프레이트","1","미분류","","",""
"나이아 신아마이드","1","미분류","","",""
"폴리글리세릴-2 스테아레이트","1","미분류","","",""
"폴리아크릴레이트크로스 폴리머 -6","1","미분류","","",""
"암모늄아크릴로일다이메틸타 우레이트/브이피코폴리머","1","미분류","","",""
"세테아릴알코 올","1","미분류","","",""
"하이드록시아세토 페논","1","미분류","","",""
"다이소 듐이디티에이","1","미분류","","",""
"하이드 롤라이즈드감자단백질","1","미분류","","",""
"하 이드롤라이즈드쌀단백질","1","미분류","","",""
"소듐하이알 루로네이트","1","미분류","","",""
"마데카식 애씨드","1","미분류","","",""
"소듐하이알루로네이 트크로스폴리머","1","미분류","","",""
"하이드롤라이즈드하이알루로닉애씨드(110ppm)","1","미분류","","",""
"우유추출물","1","미분류","","",""
"우유단백질추출물(1","1","미분류","","",""
"귀리단백질추출물(1","1","미분류","","",""
"밀크아미노산","1","미분류","","",""
"스위트아몬드단백질(10ppb)","1","미분류","","",""
"하이드롤라이즈드감자단백질(10ppb)","1","미분류","","",""
"하이드롤라이즈드옥수수단백질(10ppb)","1","미분류","","",""
"돌콩단백질(10ppb)","1","미분류","","",""
"유채씨오일","1","미분류","","",""
"폴리글리세릴-2다이올리에이트","1","미분류","","",""
"아스코빅애씨드(20 ppm)","1","미분류","","",""
"토코페롤(0.25ppm)","1","미분류","","",""
"스위트아몬드열매추출물","1","미분류","","",""
"빌베리열매추출물","1","미분류","","",""
"타히보껍질추출물","1","미분류","","",""
"갈대추출물","1","미분류","","",""
"붉은토끼풀추출물","1","미분류","","",""
"밀배아추출물","1","미분류","","",""
"소듐디엔에이(0.5ppm)","1","미분류","","",""
"아이소세틸스테아레이트","1","미분류","","",""
"아이소프로필라우로일사코시네이트","1","미분류","","",""
"쌀전분","1","미분류","","",""
"석류과피추출물","1","미분류","","",""
"2-올레아미도-1,3-옥타데칸다이올","1","미분류","","",""
"피록톤올아민","1","미분류","","",""
"소듐하이알루로네이트(0.12%)","1","미분류","","",""
"가르시니아열매추출물","1","미분류","","",""
"아이소부틸아미도티아졸릴레조시놀","1","미분류","","",""
"달팽이점액여과물","1","미분류","","",""
"에틸헥산다이올","1","미분류","","",""
"돌콩싹추출물","1","미분류","","",""
"꿀","1","미분류","","",""
"지황뿌리추출물","1","미분류","","",""
"마돈나백합비늘줄기추출물","1","미분류","","",""
"둥굴레뿌리줄기추출물","1","미분류","","",""
"대추추출물","1","미분류","","",""
"호두추출물","1","미분류","","",""
"구주호랑가시나무잎추출물","1","미분류","","",""
"씨홀리추출물","1","미분류","","",""
"마트리카리아잎추출물","1","미분류","","",""
"댑싸리추출물","1","미분류","","",""
"하이드롤라이즈드콜라겐(10ppb)","1","미분류","","",""
"아텔로콜라겐(0.1ppb)","1","미분류","","",""
"폴리락틱애씨드(1ppb)","1","미분류","","",""
"쌀발효여과물","1","미분류","","",""
"글리시리직애씨드","1","미분류","","",""
"정제수@글리세린@부틸렌글라이콜@다이프로필렌글라이콜@펜틸렌글라이콜@프로판다이올@알로에베라잎즙@나이아신아마이드@1","1","미분류","","",""
"2-헥산다이올@베타인@판테놀@폴리글리세릴-10스테아레이트@폴리글리세릴-10올리에이트@트록세루틴@잔탄검@아데노신@아세타마이드엠이에이@시트릭애씨드@소듐시트레이트@트라이소듐이디티에이@트로메타민@사코신@베타-글루칸@팔미타마이드엠이에이@알로에베라잎폴리사카라이드@스쿠알란@카프릴릭/카프릭트라이글리세라이드@세라마이드엔피@하이드로제네이티드레시틴","1","미분류","","",""
"사이클로메티콘","1","미분류","","",""
"피이지-10다이메티콘/비닐다이메티콘크로스폴리머","1","미분류","","",""
"아라비아고무나무꽃/줄기추출물","1","미분류","","",""
"부틸페닐메틸프로피오날","1","미분류","","",""
"갈락토미세스발효여과물 100%","1","미분류","","",""
"비피다발효추출물 100","1","미분류","","",""
"병풀추출물(80%)","1","미분류","","",""
"알란토인(3000ppm)","1","미분류","","",""
"마데카소사이드(30ppm)","1","미분류","","",""
"아시아티코사이드(20ppm)","1","미분류","","",""
"아시아틱애씨드(2ppm)","1","미분류","","",""
"마데카식애씨드(2ppm)","1","미분류","","",""
"자몽껍질오일","1","미분류","","",""
"진흙버섯추출물","1","미분류","","",""
"고수열매오일","1","미분류","","",""
"스피어민트잎오일","1","미분류","","",""
"사막장미잎세포추출물","1","미분류","","",""
"키위추출물","1","미분류","","",""
"알로에잎추출물","1","미분류","","",""
"카룸 페트로셀리눔추출물","1","미분류","","",""
"케일잎추출물","1","미분류","","",""
"오죽잎추출물","1","미분류","","",""
"라임추출물","1","미분류","","",""
"효모베타-글루칸","1","미분류","","",""
"락토바실러스/석류발효추출물","1","미분류","","",""
"효모/보리씨발효추출물","1","미분류","","",""
"만주자작나무수액(81.7908%)","1","미분류","","",""
"세테아릴에틸헥사노에이트","1","미분류","","",""
"토마토추출물","1","미분류","","",""
"대왕송잎추출물","1","미분류","","",""
"자귀나무껍질추출물","1","미분류","","",""
"피이지-80글리세릴코코에이트","1","미분류","","",""
"향료 *100","1","미분류","","",""
"하이드롤라이즈드쌀추출물","1","미분류","","",""
"피피지-5-세테스-20","1","미분류","","",""
"에칠아스코빌에텔(3-O-에틸아스코빅애씨드)","1","미분류","","",""
"프로폴리스추출물(6","1","미분류","","",""
"316 ppm)","1","미분류","","",""
"로얄젤리추출물(1","1","미분류","","",""
"꿀추출물(500 ppm)","1","미분류","","",""
"카프릴릴글라이콜.","1","미분류","","",""
"리세라이드","1","미분류","","",""
"틸헥사노에이트","1","미분류","","",""
"드","1","미분류","","",""
"로일다이메틸타우레이트코폴리머","1","미분류","","",""
"릴릴글라이콜","1","미분류","","",""
"리에이트","1","미분류","","",""
"크릴레이트/C10-30알킬아크릴레이트크로스폴리머","1","미분류","","",""
"물","1","미분류","","",""
"씨드","1","미분류","","",""
"라마이드엔피","1","미분류","","",""
"윈터체리뿌리추출물","1","미분류","","",""
"폴리글리세릴-10 라우레이트","1","미분류","","",""
"소듐라우로일글루타메이트","1","미분류","","",""
"폴리글리세릴-6스테아레이트","1","미분류","","",""
"폴리글리세릴-6베헤네이트","1","미분류","","",""
"트라넥사믹애씨드 (10%)","1","미분류","","",""
"비스-에톡시다이글라이콜사이클로헥산1","1","미분류","","",""
"4-다이카복실레이트","1","미분류","","",""
"소듐디엔에이 (0.1%)","1","미분류","","",""
"알지닌에이치씨엘","1","미분류","","",""
"시스틴","1","미분류","","",""
"모란가지/꽃/잎추출물","1","미분류","","",""
"서인도체리열매추출물","1","미분류","","",""
"브로멜라인","1","미분류","","",""
"헤스페리딘","1","미분류","","",""
"토마토추출물(200 ppm)","1","미분류","","",""
"에틸렌브라실레이트","1","미분류","","",""
"2,4-다이메틸-3-사이클로헥신카복스알데하이드","1","미분류","","",""
"소나무잎추출물(10","1","미분류","","",""
"022ppm)","1","미분류","","",""
"병풀추출물(111.22ppm)","1","미분류","","",""
"글라이코프로테인(2.0044ppm)","1","미분류","","",""
"아시아티코사이드(0.1002ppm)","1","미분류","","",""
"아시아틱애씨드(0.1002ppm)","1","미분류","","",""
"마데카소사이드(0.1002ppm)","1","미분류","","",""
"마데카식애씨드(0.1002ppm)","1","미분류","","",""
"노니열매추출물(0.7%)","1","미분류","","",""
"노니씨오일(200ppm)","1","미분류","","",""
"하이드록시프로필구아","1","미분류","","",""
"비타민나무수(24.48%)*","1","미분류","","",""
"나이아신아마이드*","1","미분류","","",""
"에칠아스코빌에텔(15","1","미분류","","",""
"000ppm)*","1","미분류","","",""
"트라넥사믹애씨드*","1","미분류","","",""
"알부틴*","1","미분류","","",""
"아스코빅애씨드(1.0005ppb)*","1","미분류","","",""
"아스코빌글루코사이드(0.00025ppb)*","1","미분류","","",""
"하이드롤라이즈드콜라겐*","1","미분류","","",""
"세라마이드엔피*","1","미분류","","",""
"라우다이모늄하이드록시프로필하이드롤라이즈드밀단백질*","1","미분류","","",""
"하이드로제네이티드레시틴*","1","미분류","","",""
"펜틸렌글라이콜*","1","미분류","","",""
"피토스테롤*","1","미분류","","",""
"소듐하이알루로네이트(90.95%)","1","미분류","","",""
"C12-14파레스-12","1","미분류","","",""
"하이드롤라이즈드글라이코사미노글리칸(28ppb)","1","미분류","","",""
"소듐하이알루로네이트크로스폴리머(5ppb)","1","미분류","","",""
"하이드롤라이즈드하이알루로닉애씨드(2.6ppb)","1","미분류","","",""
"하이드록시프로필트라이모늄하이알루로네이트(0.6ppb)","1","미분류","","",""
"하이알루로닉애씨드(0.05ppb)","1","미분류","","",""
"소듐아세틸레이티드하이알루로네이트(0.01ppb)","1","미분류","","",""
"소듐글리세로포스페이트","1","미분류","","",""
"포타슘마그네슘아스파테이트","1","미분류","","",""
"하이드롤라이즈드콜라겐(99.95ppb)","1","미분류","","",""
"아텔로콜라겐(0.9995ppb)","1","미분류","","",""
"폴리락틱애씨드(500","1","미분류","","",""
"프로폴리스추출물(1932ppm)","1","미분류","","",""
"더덕뿌리추출물","1","미분류","","",""
"비피다발효용해물(3%)","1","미분류","","",""
"비피다발효여과물(2","1","미분류","","",""
"046ppm)","1","미분류","","",""
"락토바실러스/호박열매발효여과물","1","미분류","","",""
"쿠티박테리움 그라눌로숨발효추출여과물(5ppm)","1","미분류","","",""
"에델바이스캘러스배양추출물","1","미분류","","",""
"꽈리꽃받침추출물","1","미분류","","",""
"마이드","1","미분류","","",""
"3-O-에틸아스코빅애씨드(19","1","미분류","","",""
"950ppm)","1","미분류","","",""
"헥산다이올","1","미분류","","",""
"리스리톨","1","미분류","","",""
"코빅애씨드","1","미분류","","",""
"루코사이드","1","미분류","","",""
"개청각추출물","1","미분류","","",""
"톳추출물","1","미분류","","",""
"아크릴레이트크로스폴리머","1","미분류","","",""
"이디티에이","1","미분류","","",""
"바질잎추출물","1","미분류","","",""
"드레시틴","1","미분류","","",""
"피이지-7글리세릴코코에이트","1","미분류","","",""
"C18-21알케인","1","미분류","","",""
"트록세루틴","1","미분류","","",""
"율무씨수(122","1","미분류","","",""
"율무씨추출물(10ppm)","1","미분류","","",""
"전성분 실크수(69.9%)","1","미분류","","",""
"에스에이치-폴리펩타이드-121(204 ppb)","1","미분류","","",""
"미리스토일펜타펩타이드-17(14 ppb)","1","미분류","","",""
"아세틸테트라펩타이드-3(7ppb)","1","미분류","","",""
"카퍼트라이펩타이드-1(6 ppb)","1","미분류","","",""
"에스에이치-폴리펩타이드-11(4 ppb)","1","미분류","","",""
"에스에이치-폴리펩타이드-19(4ppb)","1","미분류","","",""
"나이아신아마이드(30","1","미분류","","",""
"트라넥사믹애씨드(20","1","미분류","","",""
"알파-알부틴(5","1","미분류","","",""
"덱스판테놀","1","미분류","","",""
"효모/헥사펩타이드-11발효여과추출물(82%)","1","미분류","","",""
"프로 판다이올","1","미분류","","",""
"메틸글 루세스-20","1","미분류","","",""
"팔미 토일트라이펩타이드-5(27.5ppm)","1","미분류","","",""
"글루타티온(50","1","미분류","","",""
"레드호그위드뿌리추출물","1","미분류","","",""
"제니스테인","1","미분류","","",""
"비에이치티​","1","미분류","","",""
"연교추출물","1","미분류","","",""
"세라마이드3","1","미분류","","",""
"세라마이드2","1","미분류","","",""
"세라마이드1","1","미분류","","",""
"무수자일리톨","1","미분류","","",""
"글리세릴시트레이트/락테이트/리놀리에이트/올리에이트","1","미분류","","",""
"코코넛워터","1","미분류","","",""
"제주조릿대추출물","1","미분류","","",""
"서양민들레꽃/잎/줄기추출물","1","미분류","","",""
"녹차카테킨(30ppm)","1","미분류","","",""
"소듐디엔에이(0.005ppm)","1","미분류","","",""
"보리지씨오일","1","미분류","","",""
"4-부틸레조시놀","1","미분류","","",""
"리놀레닉애씨드","1","미분류","","",""
"4-t-부틸사이클로헥산올","1","미분류","","",""
"매듭풀추출물","1","미분류","","",""
"레드신코나나무껍질추출물","1","미분류","","",""
"구기자추출물","1","미분류","","",""
"육두구추출물","1","미분류","","",""
"마누카잎추출물","1","미분류","","",""
"*아세틸헥사펩타이드-8(75ppb)","1","미분류","","",""
"*카퍼트라이펩타이드-1(75ppb)","1","미분류","","",""
"*트라이펩타이드-1(50ppb)","1","미분류","","",""
"*팔미토일펜타펩타이드-4(25ppb)","1","미분류","","",""
"*헥사펩타이드-9(25ppb)","1","미분류","","",""
"트라이에틸시트레이트","1","미분류","","",""
"알칸나뿌리추출물","1","미분류","","",""
"만주자작나무껍질/잎추출물","1","미분류","","",""
"피마자씨오일","1","미분류","","",""
"레몬그라스잎오일","1","미분류","","",""
"바질꽃/잎/줄기추출물","1","미분류","","",""
"프리지아추출물","1","미분류","","",""
"에델바이스추출물","1","미분류","","",""
"마돈나백합꽃추출물","1","미분류","","",""
"뽕나무껍질추출물","1","미분류","","",""
"스노우로투스추출물","1","미분류","","",""
"에스신","1","미분류","","",""
"하이드롤라이즈드하이알루로닉애씨드(0.01ppm)","1","미분류","","",""
"하이알루로닉애씨드(0.01ppm)","1","미분류","","",""
"사과씨오일","1","미분류","","",""
"소듐디엔에이(2","1","미분류","","",""
"구아이아줄렌(300ppm)","1","미분류","","",""
"엑토인(100ppm)","1","미분류","","",""
"마데카소사이드(100ppm)","1","미분류","","",""
"로즈힙열매오일","1","미분류","","",""
"에스에이치-올리고펩타이드-1(5ppm)","1","미분류","","",""
"에스에이치-폴리펩타이드-1(5ppm)","1","미분류","","",""
"트라이펩타이드-10시트룰린","1","미분류","","",""
"아크릴레이트/에틸헥실아크릴레이트코폴리머","1","미분류","","",""
"글루코만난","1","미분류","","",""
"콜라겐수(770","1","미분류","","",""
"965ppm)","1","미분류","","",""
"아세틸헥사펩타이드-8(1","1","미분류","","",""
"콜라겐추출물(100ppb)","1","미분류","","",""
"카퍼트라이펩타이드-1(0.1ppb)","1","미분류","","",""
"트라이펩타이드-1(0.1ppb)","1","미분류","","",""
"팔미토일트라이펩타이드-5(0.1ppb)","1","미분류","","",""
"헥사펩타이드-9(0.1ppb)","1","미분류","","",""
"팔미토일펜타펩타이드-4(0.1ppb)","1","미분류","","",""
"올리고펩타이드-1(0.1ppb)","1","미분류","","",""
"팔미토일트라이펩타이드-38(0.1ppb)","1","미분류","","",""
"펜타펩타이드-4(0.1ppb)","1","미분류","","",""
"헥사펩타이드-12(0.1ppb)","1","미분류","","",""
"황해쑥잎수(17","1","미분류","","",""
"590ppm)","1","미분류","","",""
"황해쑥잎추출물(10ppm)","1","미분류","","",""
"빙하수(800","1","미분류","","",""
"흰서양송로추출물(207ppm)","1","미분류","","",""
"블루탄지꽃오일","1","미분류","","",""
"쌀겨수","1","미분류","","",""
"실란트라이올","1","미분류","","",""
"비피다발효추출물","1","미분류","","",""
"쌀아미노산","1","미분류","","",""
"병풀잎수(83.70412%)","1","미분류","","",""
"하이드롤라이즈드콜라겐(0.01%)","1","미분류","","",""
"병풀추출물(0.0098%)","1","미분류","","",""
"향부자추출물","1","미분류","","",""
"포타슘락테이트","1","미분류","","",""
"글루타밀아미도에틸인돌","1","미분류","","",""
"전성분명","1","미분류","","",""
"바위돌꽃뿌리추출물","1","미분류","","",""
"하이드롤라이즈드쌀겨단백질","1","미분류","","",""
"하이드롤라이즈드참깨단백질","1","미분류","","",""
"하이드록시프로필비스라우라마이드엠이에이(10","1","미분류","","",""
"에이","1","미분류","","",""
"아크릴릭애씨드/브이피크로스폴리머","1","미분류","","",""
"005ppm)","1","미분류","","",""
"콘민트추출물","1","미분류","","",""
"폴록사머407","1","미분류","","",""
"아시아티코사이드(4","1","미분류","","",""
"아시아틱애씨드(3","1","미분류","","",""
"마데카식애씨드(3","1","미분류","","",""
"마누카잎추출물(2","1","미분류","","",""
"500ppb)","1","미분류","","",""
"꿀추출물(2","1","미분류","","",""
"마데카소사이드(100ppb)","1","미분류","","",""
"콜라겐수(430","1","미분류","","",""
"980ppm)","1","미분류","","",""
"글라이콜다이스테아레이트","1","미분류","","",""
"C12-13파레스-9","1","미분류","","",""
"스테아레스-4","1","미분류","","",""
"실크추출물(500ppm)","1","미분류","","",""
"하이드롤라이즈드익스텐신(150ppm)","1","미분류","","",""
"하이드롤라이즈드실크(100ppm)","1","미분류","","",""
"하이드롤라이즈드엘라스틴(100ppm)","1","미분류","","",""
"하이드롤라이즈드콜라겐(100ppm)","1","미분류","","",""
"콜라겐추출물(0.01ppm)","1","미분류","","",""
"스테아레스-30","1","미분류","","",""
"하이드롤라이즈드콩단백질(30ppm)","1","미분류","","",""
"실크아미노산(3ppm)","1","미분류","","",""
"아스코빌프로필하이알루로네이트","1","미분류","","",""
"하이드롤라이즈드콜라겐추출물(1ppm)","1","미분류","","",""
"카페오일헥사펩타이드-65(0.1ppm)","1","미분류","","",""
"카퍼트라이펩타이드-1(0.1ppm)","1","미분류","","",""
"팔미토일테트라펩타이드-7(0.05ppm)","1","미분류","","",""
"팔미토일트라이펩타이드-1(0.01ppm)","1","미분류","","",""
"팔미토일펜타펩타이드-4(0.005ppm)","1","미분류","","",""
"프롤린(0.01ppm)","1","미분류","","",""
"신(0.01ppm)","1","미분류","","",""
"아스파틱애씨드(0.01ppm)","1","미분류","","",""
"알라닌(0.01ppm)","1","미분류","","",""
"알지닌(0.01ppm)","1","미분류","","",""
"세린(0.01ppm)","1","미분류","","",""
"발린(0.01ppm)","1","미분류","","",""
"류신(0.01ppm)","1","미분류","","",""
"메티오닌(0.01ppm)","1","미분류","","",""
"글루타믹애씨드(0.01ppm)","1","미분류","","",""
"글라이신(0.01ppm)","1","미분류","","",""
"히스티딘(0.01ppm)","1","미분류","","",""
"타우린(0.01ppm)","1","미분류","","",""
"오르니틴(0.01ppm)","1","미분류","","",""
"페닐알라닌(0.01ppm)","1","미분류","","",""
"트라이라우레스-4 포스페이트","1","미분류","","",""
"하이드롤라 이즈드소듐하이알루로네이트","1","미분류","","",""
"소듐디엔에이(0.5ppb)","1","미분류","","",""
"비피다발효용해물(3.6%)","1","미분류","","",""
"락토바실러스발효용해물(3.6%)","1","미분류","","",""
"피키아발효용해여과물","1","미분류","","",""
"효모발효용해여과물","1","미분류","","",""
"초유(7","1","미분류","","",""
"우유지질","1","미분류","","",""
"테트라데실아미노부티로일발릴아미노부티릭우레아트라이플루오로아세테이트","1","미분류","","",""
"엘라스틴","1","미분류","","",""
"수용성엘라스틴","1","미분류","","",""
"소듐하이알루로네이트 (100ppm)","1","미분류","","",""
"하이드롤라이즈드하이알루로닉애씨드 (0.01ppm)","1","미분류","","",""
"하이알루로닉애씨드 (0.01ppm)","1","미분류","","",""
"소듐디엔에이 (2","1","미분류","","",""
"소듐디엔에이 (0.5ppb)","1","미분류","","",""
"병풀추출물(2ppm)","1","미분류","","",""
"마데카소사이드(0.02ppm)","1","미분류","","",""
"마데카식애씨드(0.02ppm)","1","미분류","","",""
"아시아티코사이드(0.02ppm)","1","미분류","","",""
"아시아틱애씨드(0.02ppm)","1","미분류","","",""
"알간나뿌리추출물","1","미분류","","",""
"도쿄치류","1","미분류","","",""
"프로판","1","미분류","","",""
"다채추출가루/잎추출물","1","미분류","","",""
"미타자씨오일","1","미분류","","",""
"올록수스","1","미분류","","",""
"레몬그라스잎추출물","1","미분류","","",""
"연잎추출물","1","미분류","","",""
"뽕나무열매추출물","1","미분류","","",""
"은행추출물","1","미분류","","",""
"락토바실러스/콜라겐발효여과물","1","미분류","","",""
"콜라겐아미노산","1","미분류","","",""
"유청여과물","1","미분류","","",""
"데사미도콜라겐","1","미분류","","",""
"프로콜라겐","1","미분류","","",""
"우유엑소좀","1","미분류","","",""
"트라이펩타이드-29","1","미분류","","",""
"망고씨버터","1","미분류","","",""
"야자씨버터","1","미분류","","",""
"쿠푸아수씨버터","1","미분류","","",""
"프로판디올","1","미분류","","",""
"카라기난추출물","1","미분류","","",""
"성모초추출물","1","미분류","","",""
"말로우추출물","1","미분류","","",""
"꼬리풀추출물","1","미분류","","",""
"어성초추출물","1","미분류","","",""
"제충국꽃추출물","1","미분류","","",""
"레몬유칼립투스오일","1","미분류","","",""
"폴리글리세릴-2올리에이트","1","미분류","","",""
"망가니즈피씨에이","1","미분류","","",""
"* 제공된 성분은 동일 제품이라도 경우에 따라 변경될 수 있습니다. 최신정보는 제품 포장의 성분을 참고하시거나 닥터자르트 고객만족센터(1544-5453)으로 연락 부탁 드립니다.","1","미분류","","",""
"포도즙추출물","1","미분류","","",""
"소듐하이알루로네이트크로스폴리머(100ppm)","1","미분류","","",""
"하이드롤라이즈드하이알루로닉애씨드(100ppm)","1","미분류","","",""
"하이알루로닉애씨드(10ppm)","1","미분류","","",""
"하이드롤라이즈드소듐하이알루로네이트(10ppm","1","미분류","","",""
")","1","미분류","","",""
"*히아루론산 1%솔루션 10%함유","1","미분류","","",""
"온천수 100%","1","미분류","","",""
"캐모마일","1","미분류","","",""
"소르비톨","1","미분류","","",""
"토마토열매/잎/줄기추출물","1","미분류","","",""
"매실수","1","미분류","","",""
"알파-비사보롤","1","미분류","","",""
"밤부사 불가리스잎/줄기추출물","1","미분류","","",""
"모하비유카뿌리추출물","1","미분류","","",""
"로즈우드오일","1","미분류","","",""
"웨스트오스트레일리아산달우드목부오일","1","미분류","","",""
